07-25-2026,17:08:12,RAM,924/7620MB,(lfb,130x4MB),SWAP,388/3810MB,(cached,2MB),CPU,[0%@1344,0%@1344,0%@1344,0%@1344,0%@1344,0%@1344],GR3D_FREQ,0%,cpu@50.5C,soc2@48.468C,soc0@49.375C,gpu@50.093C,tj@50.5C,soc1@49.343C,VDD_IN,5594mW/5594mW,VDD_CPU_GPU_CV,1307mW/1307mW,VDD_SOC,2376mW/2376mW
07-25-2026,17:08:12,RAM,924/7620MB,(lfb,130x4MB),SWAP,388/3810MB,(cached,2MB),CPU,[0%@1344,0%@1344,0%@1344,0%@1344,9%@1344,0%@1344],GR3D_FREQ,0%,cpu@50.468C,soc2@48.5C,soc0@49.5C,gpu@50.093C,tj@50.468C,soc1@49.562C,VDD_IN,5594mW/5594mW,VDD_CPU_GPU_CV,1307mW/1307mW,VDD_SOC,2376mW/2376mW
07-25-2026,17:08:12,RAM,924/7620MB,(lfb,130x4MB),SWAP,388/3810MB,(cached,2MB),CPU,[0%@1344,0%@1344,0%@1344,0%@1344,0%@1344,0%@1344],GR3D_FREQ,0%,cpu@50.625C,soc2@48.5C,soc0@49.343C,gpu@50.531C,tj@50.625C,soc1@49.562C,VDD_IN,5594mW/5594mW,VDD_CPU_GPU_CV,1307mW/1307mW,VDD_SOC,2376mW/2376mW
07-25-2026,17:08:12,RAM,923/7620MB,(lfb,130x4MB),SWAP,388/3810MB,(cached,2MB),CPU,[0%@1344,0%@1344,0%@1344,0%@1344,9%@1344,0%@1344],GR3D_FREQ,0%,cpu@50.843C,soc2@48.375C,soc0@49.406C,gpu@50.125C,tj@50.843C,soc1@49.406C,VDD_IN,5594mW/5594mW,VDD_CPU_GPU_CV,1307mW/1307mW,VDD_SOC,2376mW/2376mW
07-25-2026,17:08:12,RAM,923/7620MB,(lfb,130x4MB),SWAP,388/3810MB,(cached,2MB),CPU,[0%@1344,0%@1344,0%@1344,0%@1344,0%@1344,0%@1344],GR3D_FREQ,0%,cpu@50.437C,soc2@48.406C,soc0@49.406C,gpu@50.031C,tj@50.437C,soc1@49.375C,VDD_IN,5594mW/5594mW,VDD_CPU_GPU_CV,1307mW/1307mW,VDD_SOC,2376mW/2376mW
07-25-2026,17:08:12,RAM,923/7620MB,(lfb,130x4MB),SWAP,388/3810MB,(cached,2MB),CPU,[9%@1344,8%@1344,0%@1344,0%@1344,0%@1344,0%@1344],GR3D_FREQ,0%,cpu@50.468C,soc2@48.437C,soc0@49.5C,gpu@50.5C,tj@50.5C,soc1@49.468C,VDD_IN,5594mW/5594mW,VDD_CPU_GPU_CV,1307mW/1307mW,VDD_SOC,2376mW/2376mW
07-25-2026,17:08:13,RAM,923/7620MB,(lfb,130x4MB),SWAP,388/3810MB,(cached,2MB),CPU,[0%@1344,0%@1344,0%@1344,0%@1344,0%@1344,0%@1344],GR3D_FREQ,0%,cpu@50.5C,soc2@48.531C,soc0@49.218C,gpu@50.031C,tj@50.5C,soc1@49.531C,VDD_IN,5555mW/5588mW,VDD_CPU_GPU_CV,1307mW/1307mW,VDD_SOC,2376mW/2376mW
07-25-2026,17:08:13,RAM,923/7620MB,(lfb,130x4MB),SWAP,388/3810MB,(cached,2MB),CPU,[0%@1344,0%@1344,0%@1344,0%@1344,0%@1344,0%@1344],GR3D_FREQ,0%,cpu@50.781C,soc2@48.468C,soc0@49.281C,gpu@50.656C,tj@50.781C,soc1@49.312C,VDD_IN,5555mW/5584mW,VDD_CPU_GPU_CV,1307mW/1307mW,VDD_SOC,2376mW/2376mW
07-25-2026,17:08:13,RAM,923/7620MB,(lfb,130x4MB),SWAP,388/3810MB,(cached,2MB),CPU,[0%@1344,8%@1344,0%@1344,0%@1344,0%@1344,0%@1344],GR3D_FREQ,0%,cpu@50.25C,soc2@48.437C,soc0@49.25C,gpu@50.437C,tj@50.437C,soc1@49.375C,VDD_IN,5555mW/5581mW,VDD_CPU_GPU_CV,1307mW/1307mW,VDD_SOC,2376mW/2376mW
07-25-2026,17:08:13,RAM,923/7620MB,(lfb,130x4MB),SWAP,388/3810MB,(cached,2MB),CPU,[0%@1344,0%@1344,0%@1344,0%@1344,0%@1344,0%@1344],GR3D_FREQ,0%,cpu@50.375C,soc2@48.375C,soc0@49.437C,gpu@50.125C,tj@50.375C,soc1@49.406C,VDD_IN,5555mW/5578mW,VDD_CPU_GPU_CV,1307mW/1307mW,VDD_SOC,2376mW/2376mW
07-25-2026,17:08:13,RAM,923/7620MB,(lfb,130x4MB),SWAP,388/3810MB,(cached,2MB),CPU,[0%@1344,0%@1344,0%@1344,8%@1344,0%@1344,0%@1344],GR3D_FREQ,0%,cpu@50.468C,soc2@48.531C,soc0@49.5C,gpu@50.625C,tj@50.625C,soc1@49.5C,VDD_IN,5555mW/5576mW,VDD_CPU_GPU_CV,1307mW/1307mW,VDD_SOC,2376mW/2376mW
07-25-2026,17:08:13,RAM,923/7620MB,(lfb,130x4MB),SWAP,388/3810MB,(cached,2MB),CPU,[0%@1344,0%@1344,0%@1344,0%@1344,0%@1344,0%@1344],GR3D_FREQ,0%,cpu@50.593C,soc2@48.531C,soc0@49.312C,gpu@50.156C,tj@50.593C,soc1@49.468C,VDD_IN,5555mW/5575mW,VDD_CPU_GPU_CV,1307mW/1307mW,VDD_SOC,2376mW/2376mW
07-25-2026,17:08:13,RAM,924/7620MB,(lfb,130x4MB),SWAP,388/3810MB,(cached,2MB),CPU,[0%@1344,9%@1344,0%@1344,0%@1344,0%@1344,0%@1344],GR3D_FREQ,0%,cpu@50.281C,soc2@48.437C,soc0@49.343C,gpu@50C,tj@50.281C,soc1@49.343C,VDD_IN,5594mW/5576mW,VDD_CPU_GPU_CV,1307mW/1307mW,VDD_SOC,2376mW/2376mW
07-25-2026,17:08:13,RAM,923/7620MB,(lfb,130x4MB),SWAP,388/3810MB,(cached,2MB),CPU,[0%@1344,0%@1344,0%@1344,0%@1344,0%@1344,0%@1344],GR3D_FREQ,0%,cpu@50.375C,soc2@48.406C,soc0@49.375C,gpu@50.593C,tj@50.593C,soc1@49.406C,VDD_IN,5555mW/5575mW,VDD_CPU_GPU_CV,1307mW/1307mW,VDD_SOC,2376mW/2376mW
07-25-2026,17:08:13,RAM,923/7620MB,(lfb,130x4MB),SWAP,388/3810MB,(cached,2MB),CPU,[0%@1344,0%@1344,0%@1344,0%@1344,0%@1344,0%@1344],GR3D_FREQ,0%,cpu@50.468C,soc2@48.468C,soc0@49.5C,gpu@50.218C,tj@50.468C,soc1@49.468C,VDD_IN,5555mW/5573mW,VDD_CPU_GPU_CV,1307mW/1307mW,VDD_SOC,2376mW/2376mW
07-25-2026,17:08:13,RAM,923/7620MB,(lfb,130x4MB),SWAP,388/3810MB,(cached,2MB),CPU,[0%@1344,0%@1344,0%@1344,0%@1344,0%@1344,0%@1344],GR3D_FREQ,0%,cpu@50.593C,soc2@48.531C,soc0@49.281C,gpu@50.125C,tj@50.593C,soc1@49.562C,VDD_IN,5555mW/5572mW,VDD_CPU_GPU_CV,1307mW/1307mW,VDD_SOC,2376mW/2376mW
07-25-2026,17:08:14,RAM,923/7620MB,(lfb,130x4MB),SWAP,388/3810MB,(cached,2MB),CPU,[0%@1344,0%@1344,0%@1344,0%@1344,0%@1344,0%@1344],GR3D_FREQ,0%,cpu@50.75C,soc2@48.437C,soc0@49.218C,gpu@50.5C,tj@50.75C,soc1@49.25C,VDD_IN,5555mW/5571mW,VDD_CPU_GPU_CV,1307mW/1307mW,VDD_SOC,2376mW/2376mW
07-25-2026,17:08:14,RAM,923/7620MB,(lfb,130x4MB),SWAP,388/3810MB,(cached,2MB),CPU,[0%@1344,0%@1344,0%@1344,0%@1344,0%@1344,0%@1344],GR3D_FREQ,0%,cpu@50.25C,soc2@48.531C,soc0@49.343C,gpu@50.093C,tj@50.25C,soc1@49.343C,VDD_IN,5555mW/5570mW,VDD_CPU_GPU_CV,1307mW/1307mW,VDD_SOC,2376mW/2376mW
07-25-2026,17:08:14,RAM,923/7620MB,(lfb,130x4MB),SWAP,388/3810MB,(cached,2MB),CPU,[0%@1344,0%@1344,0%@1344,0%@1344,0%@1344,0%@1344],GR3D_FREQ,0%,cpu@50.468C,soc2@48.468C,soc0@49.375C,gpu@50.093C,tj@50.468C,soc1@49.375C,VDD_IN,5555mW/5569mW,VDD_CPU_GPU_CV,1307mW/1307mW,VDD_SOC,2376mW/2376mW
07-25-2026,17:08:14,RAM,923/7620MB,(lfb,130x4MB),SWAP,388/3810MB,(cached,2MB),CPU,[0%@1344,0%@1344,0%@1344,0%@1344,0%@1344,0%@1344],GR3D_FREQ,0%,cpu@50.468C,soc2@48.531C,soc0@49.5C,gpu@50.562C,tj@50.562C,soc1@49.468C,VDD_IN,5555mW/5569mW,VDD_CPU_GPU_CV,1307mW/1307mW,VDD_SOC,2376mW/2376mW
07-25-2026,17:08:14,RAM,923/7620MB,(lfb,130x4MB),SWAP,388/3810MB,(cached,2MB),CPU,[0%@1344,0%@1344,0%@1344,0%@1344,0%@1344,0%@1344],GR3D_FREQ,0%,cpu@50.656C,soc2@48.437C,soc0@49.343C,gpu@50.156C,tj@50.656C,soc1@49.5C,VDD_IN,5555mW/5568mW,VDD_CPU_GPU_CV,1307mW/1307mW,VDD_SOC,2376mW/2376mW
07-25-2026,17:08:14,RAM,923/7620MB,(lfb,130x4MB),SWAP,388/3810MB,(cached,2MB),CPU,[0%@1344,0%@1344,0%@1344,0%@1344,0%@1344,0%@1344],GR3D_FREQ,0%,cpu@50.218C,soc2@48.531C,soc0@49.25C,gpu@50.687C,tj@50.687C,soc1@49.406C,VDD_IN,5555mW/5567mW,VDD_CPU_GPU_CV,1307mW/1307mW,VDD_SOC,2376mW/2376mW
07-25-2026,17:08:14,RAM,924/7620MB,(lfb,130x4MB),SWAP,388/3810MB,(cached,2MB),CPU,[0%@1344,0%@1344,9%@1344,0%@1344,0%@1344,8%@1344],GR3D_FREQ,0%,cpu@50.312C,soc2@48.406C,soc0@49.312C,gpu@50.156C,tj@50.468C,soc1@49.281C,VDD_IN,5555mW/5567mW,VDD_CPU_GPU_CV,1307mW/1307mW,VDD_SOC,2376mW/2376mW
07-25-2026,17:08:14,RAM,923/7620MB,(lfb,130x4MB),SWAP,388/3810MB,(cached,2MB),CPU,[0%@1344,0%@1344,0%@1344,0%@1344,0%@1344,0%@1344],GR3D_FREQ,0%,cpu@50.468C,soc2@48.5C,soc0@49.531C,gpu@50.125C,tj@50.468C,soc1@49.437C,VDD_IN,5555mW/5566mW,VDD_CPU_GPU_CV,1307mW/1307mW,VDD_SOC,2376mW/2376mW
07-25-2026,17:08:14,RAM,923/7620MB,(lfb,130x4MB),SWAP,388/3810MB,(cached,2MB),CPU,[0%@1344,0%@1344,0%@1344,0%@1344,0%@1344,0%@1344],GR3D_FREQ,0%,cpu@50.625C,soc2@48.468C,soc0@49.218C,gpu@50.718C,tj@50.718C,soc1@49.468C,VDD_IN,5555mW/5566mW,VDD_CPU_GPU_CV,1307mW/1307mW,VDD_SOC,2376mW/2376mW
07-25-2026,17:08:15,RAM,923/7620MB,(lfb,130x4MB),SWAP,388/3810MB,(cached,2MB),CPU,[0%@1344,8%@1344,0%@1344,0%@1344,0%@1344,0%@1344],GR3D_FREQ,0%,cpu@50.718C,soc2@48.437C,soc0@49.312C,gpu@50.093C,tj@50.718C,soc1@49.281C,VDD_IN,5555mW/5566mW,VDD_CPU_GPU_CV,1307mW/1307mW,VDD_SOC,2376mW/2376mW
07-25-2026,17:08:15,RAM,923/7620MB,(lfb,130x4MB),SWAP,388/3810MB,(cached,2MB),CPU,[0%@1344,0%@1344,0%@1344,0%@1344,0%@1344,0%@1344],GR3D_FREQ,0%,cpu@50.218C,soc2@48.375C,soc0@49.343C,gpu@50.125C,tj@50.218C,soc1@49.312C,VDD_IN,5555mW/5565mW,VDD_CPU_GPU_CV,1307mW/1307mW,VDD_SOC,2376mW/2376mW
07-25-2026,17:08:15,RAM,923/7620MB,(lfb,130x4MB),SWAP,388/3810MB,(cached,2MB),CPU,[0%@1344,0%@1344,0%@1344,0%@1344,0%@1344,0%@1344],GR3D_FREQ,0%,cpu@50.468C,soc2@48.406C,soc0@49.437C,gpu@50.562C,tj@50.562C,soc1@49.468C,VDD_IN,5555mW/5565mW,VDD_CPU_GPU_CV,1307mW/1307mW,VDD_SOC,2376mW/2376mW
07-25-2026,17:08:15,RAM,923/7620MB,(lfb,130x4MB),SWAP,388/3810MB,(cached,2MB),CPU,[0%@1344,0%@1344,0%@1344,0%@1344,0%@1344,0%@1344],GR3D_FREQ,0%,cpu@50.562C,soc2@48.406C,soc0@49.5C,gpu@50.125C,tj@50.562C,soc1@49.531C,VDD_IN,5555mW/5564mW,VDD_CPU_GPU_CV,1307mW/1307mW,VDD_SOC,2376mW/2376mW
07-25-2026,17:08:15,RAM,923/7620MB,(lfb,130x4MB),SWAP,388/3810MB,(cached,2MB),CPU,[0%@1344,0%@1344,0%@1344,0%@1344,0%@1344,0%@1344],GR3D_FREQ,0%,cpu@50.718C,soc2@48.375C,soc0@49.312C,gpu@50.125C,tj@50.718C,soc1@49.562C,VDD_IN,5555mW/5564mW,VDD_CPU_GPU_CV,1307mW/1307mW,VDD_SOC,2376mW/2376mW
07-25-2026,17:08:15,RAM,923/7620MB,(lfb,130x4MB),SWAP,388/3810MB,(cached,2MB),CPU,[0%@1344,9%@1344,0%@1344,0%@1344,0%@1344,0%@1344],GR3D_FREQ,0%,cpu@50.25C,soc2@48.343C,soc0@49.343C,gpu@50.468C,tj@50.468C,soc1@49.312C,VDD_IN,5555mW/5564mW,VDD_CPU_GPU_CV,1307mW/1307mW,VDD_SOC,2376mW/2376mW
07-25-2026,17:08:15,RAM,923/7620MB,(lfb,130x4MB),SWAP,388/3810MB,(cached,2MB),CPU,[0%@1344,0%@1344,0%@1344,0%@1344,0%@1344,0%@1344],GR3D_FREQ,0%,cpu@50.343C,soc2@48.406C,soc0@49.25C,gpu@50.125C,tj@50.468C,soc1@49.343C,VDD_IN,5555mW/5564mW,VDD_CPU_GPU_CV,1307mW/1307mW,VDD_SOC,2376mW/2376mW
07-25-2026,17:08:15,RAM,924/7620MB,(lfb,130x4MB),SWAP,388/3810MB,(cached,2MB),CPU,[15%@1344,0%@1344,0%@1344,0%@1344,0%@1344,0%@1344],GR3D_FREQ,0%,cpu@50.468C,soc2@48.375C,soc0@49.562C,gpu@50.062C,tj@50.468C,soc1@49.468C,VDD_IN,5594mW/5564mW,VDD_CPU_GPU_CV,1307mW/1307mW,VDD_SOC,2376mW/2376mW
07-25-2026,17:08:15,RAM,924/7620MB,(lfb,130x4MB),SWAP,388/3810MB,(cached,2MB),CPU,[0%@1344,0%@1344,0%@1344,0%@1344,0%@1344,0%@1344],GR3D_FREQ,0%,cpu@50.687C,soc2@48.468C,soc0@49.25C,gpu@50.187C,tj@50.687C,soc1@49.5C,VDD_IN,5555mW/5564mW,VDD_CPU_GPU_CV,1307mW/1307mW,VDD_SOC,2376mW/2376mW
07-25-2026,17:08:15,RAM,924/7620MB,(lfb,130x4MB),SWAP,388/3810MB,(cached,2MB),CPU,[0%@1344,0%@1344,0%@1344,0%@1344,0%@1344,0%@1344],GR3D_FREQ,0%,cpu@50.781C,soc2@48.375C,soc0@49.312C,gpu@50.093C,tj@50.781C,soc1@49.25C,VDD_IN,5555mW/5564mW,VDD_CPU_GPU_CV,1307mW/1307mW,VDD_SOC,2376mW/2376mW
07-25-2026,17:08:16,RAM,924/7620MB,(lfb,130x4MB),SWAP,388/3810MB,(cached,2MB),CPU,[0%@1344,0%@1344,0%@1344,0%@1344,0%@1344,0%@1344],GR3D_FREQ,0%,cpu@50.25C,soc2@48.375C,soc0@49.281C,gpu@50.031C,tj@50.25C,soc1@49.281C,VDD_IN,5555mW/5564mW,VDD_CPU_GPU_CV,1307mW/1307mW,VDD_SOC,2376mW/2376mW
07-25-2026,17:08:16,RAM,924/7620MB,(lfb,130x4MB),SWAP,388/3810MB,(cached,2MB),CPU,[0%@1344,9%@1344,0%@1344,0%@1344,0%@1344,0%@1344],GR3D_FREQ,0%,cpu@50.468C,soc2@48.406C,soc0@49.406C,gpu@50.156C,tj@50.468C,soc1@49.406C,VDD_IN,5555mW/5563mW,VDD_CPU_GPU_CV,1307mW/1307mW,VDD_SOC,2376mW/2376mW
07-25-2026,17:08:16,RAM,924/7620MB,(lfb,130x4MB),SWAP,388/3810MB,(cached,2MB),CPU,[0%@1344,0%@1344,0%@1344,0%@1344,0%@1344,0%@1344],GR3D_FREQ,0%,cpu@50.5C,soc2@48.468C,soc0@49.5C,gpu@50.218C,tj@50.5C,soc1@49.531C,VDD_IN,5555mW/5563mW,VDD_CPU_GPU_CV,1307mW/1307mW,VDD_SOC,2376mW/2376mW
07-25-2026,17:08:16,RAM,924/7620MB,(lfb,130x4MB),SWAP,388/3810MB,(cached,2MB),CPU,[0%@1344,0%@1344,0%@1344,0%@1344,0%@1344,0%@1344],GR3D_FREQ,0%,cpu@50.656C,soc2@48.531C,soc0@49.312C,gpu@50.718C,tj@50.718C,soc1@49.531C,VDD_IN,5555mW/5563mW,VDD_CPU_GPU_CV,1307mW/1307mW,VDD_SOC,2376mW/2376mW
07-25-2026,17:08:16,RAM,924/7620MB,(lfb,130x4MB),SWAP,388/3810MB,(cached,2MB),CPU,[0%@1344,0%@1344,0%@1344,0%@1344,0%@1344,0%@1344],GR3D_FREQ,0%,cpu@50.156C,soc2@48.312C,soc0@49.281C,gpu@50.156C,tj@50.156C,soc1@49.312C,VDD_IN,5555mW/5563mW,VDD_CPU_GPU_CV,1307mW/1307mW,VDD_SOC,2376mW/2376mW
07-25-2026,17:08:16,RAM,924/7620MB,(lfb,130x4MB),SWAP,388/3810MB,(cached,2MB),CPU,[0%@1344,0%@1344,0%@1344,0%@1344,0%@1344,0%@1344],GR3D_FREQ,0%,cpu@50.281C,soc2@48.406C,soc0@49.406C,gpu@50.093C,tj@50.406C,soc1@49.468C,VDD_IN,5555mW/5563mW,VDD_CPU_GPU_CV,1307mW/1307mW,VDD_SOC,2376mW/2376mW
07-25-2026,17:08:16,RAM,924/7620MB,(lfb,130x4MB),SWAP,388/3810MB,(cached,2MB),CPU,[0%@1344,0%@1344,0%@1344,0%@1344,9%@1344,0%@1344],GR3D_FREQ,0%,cpu@50.468C,soc2@48.437C,soc0@49.531C,gpu@50.593C,tj@50.593C,soc1@49.375C,VDD_IN,5555mW/5562mW,VDD_CPU_GPU_CV,1307mW/1307mW,VDD_SOC,2376mW/2376mW
07-25-2026,17:08:16,RAM,923/7620MB,(lfb,130x4MB),SWAP,388/3810MB,(cached,2MB),CPU,[0%@1344,0%@1344,0%@1344,0%@1344,0%@1344,0%@1344],GR3D_FREQ,0%,cpu@50.593C,soc2@48.437C,soc0@49.25C,gpu@50.125C,tj@50.593C,soc1@49.562C,VDD_IN,5555mW/5562mW,VDD_CPU_GPU_CV,1307mW/1307mW,VDD_SOC,2376mW/2376mW
07-25-2026,17:08:16,RAM,923/7620MB,(lfb,130x4MB),SWAP,388/3810MB,(cached,2MB),CPU,[0%@1344,0%@1344,0%@1344,0%@1344,0%@1344,0%@1344],GR3D_FREQ,0%,cpu@50.218C,soc2@48.343C,soc0@49.375C,gpu@50.093C,tj@50.218C,soc1@49.312C,VDD_IN,5555mW/5562mW,VDD_CPU_GPU_CV,1307mW/1307mW,VDD_SOC,2376mW/2376mW
07-25-2026,17:08:17,RAM,923/7620MB,(lfb,130x4MB),SWAP,388/3810MB,(cached,2MB),CPU,[0%@1344,0%@1344,0%@1344,0%@1344,0%@1344,0%@1344],GR3D_FREQ,0%,cpu@50.25C,soc2@48.375C,soc0@49.437C,gpu@50.593C,tj@50.593C,soc1@49.281C,VDD_IN,5555mW/5562mW,VDD_CPU_GPU_CV,1307mW/1307mW,VDD_SOC,2376mW/2376mW
07-25-2026,17:08:17,RAM,923/7620MB,(lfb,130x4MB),SWAP,388/3810MB,(cached,2MB),CPU,[0%@1344,0%@1344,0%@1344,0%@1344,0%@1344,8%@1344],GR3D_FREQ,0%,cpu@50.468C,soc2@48.406C,soc0@49.468C,gpu@50.093C,tj@50.468C,soc1@49.375C,VDD_IN,5555mW/5562mW,VDD_CPU_GPU_CV,1307mW/1307mW,VDD_SOC,2376mW/2376mW
07-25-2026,17:08:17,RAM,923/7620MB,(lfb,130x4MB),SWAP,388/3810MB,(cached,2MB),CPU,[0%@1344,0%@1344,0%@1344,0%@1344,0%@1344,0%@1344],GR3D_FREQ,0%,cpu@50.531C,soc2@48.5C,soc0@49.218C,gpu@50C,tj@50.531C,soc1@49.5C,VDD_IN,5555mW/5562mW,VDD_CPU_GPU_CV,1307mW/1307mW,VDD_SOC,2376mW/2376mW
07-25-2026,17:08:17,RAM,923/7620MB,(lfb,130x4MB),SWAP,388/3810MB,(cached,2MB),CPU,[0%@1344,0%@1344,0%@1344,0%@1344,0%@1344,0%@1344],GR3D_FREQ,0%,cpu@50.687C,soc2@48.375C,soc0@49.25C,gpu@50.125C,tj@50.687C,soc1@49.593C,VDD_IN,5555mW/5561mW,VDD_CPU_GPU_CV,1307mW/1307mW,VDD_SOC,2376mW/2376mW
07-25-2026,17:08:17,RAM,923/7620MB,(lfb,130x4MB),SWAP,388/3810MB,(cached,2MB),CPU,[0%@1344,0%@1344,0%@1344,0%@1344,0%@1344,0%@1344],GR3D_FREQ,0%,cpu@50.25C,soc2@48.406C,soc0@49.406C,gpu@50.125C,tj@50.25C,soc1@49.281C,VDD_IN,5555mW/5561mW,VDD_CPU_GPU_CV,1307mW/1307mW,VDD_SOC,2376mW/2376mW
07-25-2026,17:08:17,RAM,923/7620MB,(lfb,130x4MB),SWAP,388/3810MB,(cached,2MB),CPU,[0%@1344,0%@1344,0%@1344,0%@1344,0%@1344,0%@1344],GR3D_FREQ,0%,cpu@50.468C,soc2@48.437C,soc0@49.406C,gpu@50.062C,tj@50.468C,soc1@49.312C,VDD_IN,5555mW/5561mW,VDD_CPU_GPU_CV,1307mW/1307mW,VDD_SOC,2376mW/2376mW
07-25-2026,17:08:17,RAM,923/7620MB,(lfb,130x4MB),SWAP,388/3810MB,(cached,2MB),CPU,[0%@1344,0%@1344,0%@1344,0%@1344,0%@1344,0%@1344],GR3D_FREQ,0%,cpu@50.531C,soc2@48.437C,soc0@49.562C,gpu@50.125C,tj@50.531C,soc1@49.343C,VDD_IN,5555mW/5561mW,VDD_CPU_GPU_CV,1307mW/1307mW,VDD_SOC,2376mW/2376mW
07-25-2026,17:08:17,RAM,923/7620MB,(lfb,130x4MB),SWAP,388/3810MB,(cached,2MB),CPU,[0%@1344,0%@1344,0%@1344,0%@1344,0%@1344,9%@1344],GR3D_FREQ,0%,cpu@50.656C,soc2@48.375C,soc0@49.218C,gpu@50.062C,tj@50.656C,soc1@49.593C,VDD_IN,5555mW/5561mW,VDD_CPU_GPU_CV,1307mW/1307mW,VDD_SOC,2376mW/2376mW
07-25-2026,17:08:17,RAM,923/7620MB,(lfb,130x4MB),SWAP,388/3810MB,(cached,2MB),CPU,[0%@1344,9%@1344,0%@1344,0%@1344,0%@1344,0%@1344],GR3D_FREQ,0%,cpu@50.187C,soc2@48.437C,soc0@49.25C,gpu@50.031C,tj@50.187C,soc1@49.218C,VDD_IN,5555mW/5561mW,VDD_CPU_GPU_CV,1307mW/1307mW,VDD_SOC,2376mW/2376mW
07-25-2026,17:08:17,RAM,923/7620MB,(lfb,130x4MB),SWAP,388/3810MB,(cached,2MB),CPU,[0%@1344,0%@1344,0%@1344,0%@1344,0%@1344,0%@1344],GR3D_FREQ,0%,cpu@50.218C,soc2@48.468C,soc0@49.375C,gpu@50.187C,tj@50.218C,soc1@49.312C,VDD_IN,5555mW/5561mW,VDD_CPU_GPU_CV,1307mW/1307mW,VDD_SOC,2376mW/2376mW
07-25-2026,17:08:18,RAM,923/7620MB,(lfb,130x4MB),SWAP,388/3810MB,(cached,2MB),CPU,[0%@1344,0%@1344,0%@1344,0%@1344,0%@1344,0%@1344],GR3D_FREQ,0%,cpu@50.468C,soc2@48.468C,soc0@49.5C,gpu@50.125C,tj@50.468C,soc1@49.406C,VDD_IN,5555mW/5561mW,VDD_CPU_GPU_CV,1307mW/1307mW,VDD_SOC,2376mW/2376mW
07-25-2026,17:08:18,RAM,923/7620MB,(lfb,130x4MB),SWAP,388/3810MB,(cached,2MB),CPU,[0%@1344,0%@1344,0%@1344,0%@1344,0%@1344,0%@1344],GR3D_FREQ,0%,cpu@50.593C,soc2@48.468C,soc0@49.187C,gpu@50.625C,tj@50.625C,soc1@49.5C,VDD_IN,5555mW/5561mW,VDD_CPU_GPU_CV,1307mW/1307mW,VDD_SOC,2376mW/2376mW
07-25-2026,17:08:18,RAM,923/7620MB,(lfb,130x4MB),SWAP,388/3810MB,(cached,2MB),CPU,[8%@1344,8%@1344,0%@1344,0%@1344,0%@1344,0%@1344],GR3D_FREQ,0%,cpu@50.687C,soc2@48.406C,soc0@49.25C,gpu@50.093C,tj@50.687C,soc1@49.625C,VDD_IN,5555mW/5560mW,VDD_CPU_GPU_CV,1307mW/1307mW,VDD_SOC,2376mW/2376mW
07-25-2026,17:08:18,RAM,923/7620MB,(lfb,130x4MB),SWAP,388/3810MB,(cached,2MB),CPU,[0%@1344,0%@1344,0%@1344,0%@1344,0%@1344,0%@1344],GR3D_FREQ,0%,cpu@50.187C,soc2@48.406C,soc0@49.281C,gpu@50.062C,tj@50.187C,soc1@49.25C,VDD_IN,5555mW/5560mW,VDD_CPU_GPU_CV,1307mW/1307mW,VDD_SOC,2376mW/2376mW
07-25-2026,17:08:18,RAM,923/7620MB,(lfb,130x4MB),SWAP,388/3810MB,(cached,2MB),CPU,[0%@1344,0%@1344,0%@1344,0%@1344,0%@1344,0%@1344],GR3D_FREQ,0%,cpu@50.468C,soc2@48.437C,soc0@49.343C,gpu@50.531C,tj@50.531C,soc1@49.312C,VDD_IN,5555mW/5560mW,VDD_CPU_GPU_CV,1307mW/1307mW,VDD_SOC,2376mW/2376mW
07-25-2026,17:08:18,RAM,923/7620MB,(lfb,130x4MB),SWAP,388/3810MB,(cached,2MB),CPU,[0%@1344,0%@1344,0%@1344,0%@1344,0%@1344,0%@1344],GR3D_FREQ,0%,cpu@50.593C,soc2@48.531C,soc0@49.593C,gpu@50.093C,tj@50.593C,soc1@49.406C,VDD_IN,5555mW/5560mW,VDD_CPU_GPU_CV,1307mW/1307mW,VDD_SOC,2376mW/2376mW
07-25-2026,17:08:18,RAM,924/7620MB,(lfb,130x4MB),SWAP,388/3810MB,(cached,2MB),CPU,[0%@1344,0%@1344,0%@1344,8%@1344,0%@1344,0%@1344],GR3D_FREQ,0%,cpu@50.75C,soc2@48.531C,soc0@49.218C,gpu@50.062C,tj@50.75C,soc1@49.562C,VDD_IN,5594mW/5561mW,VDD_CPU_GPU_CV,1307mW/1307mW,VDD_SOC,2376mW/2376mW
07-25-2026,17:08:18,RAM,923/7620MB,(lfb,130x4MB),SWAP,388/3810MB,(cached,2MB),CPU,[0%@1344,0%@1344,0%@1344,0%@1344,0%@1344,0%@1344],GR3D_FREQ,0%,cpu@50.156C,soc2@48.437C,soc0@49.25C,gpu@50.281C,tj@50.281C,soc1@49.312C,VDD_IN,5555mW/5561mW,VDD_CPU_GPU_CV,1307mW/1307mW,VDD_SOC,2376mW/2376mW
07-25-2026,17:08:18,RAM,923/7620MB,(lfb,130x4MB),SWAP,388/3810MB,(cached,2MB),CPU,[0%@1344,0%@1344,0%@1344,0%@1344,0%@1344,0%@1344],GR3D_FREQ,0%,cpu@50.281C,soc2@48.437C,soc0@49.406C,gpu@50.093C,tj@50.281C,soc1@49.406C,VDD_IN,5555mW/5561mW,VDD_CPU_GPU_CV,1307mW/1307mW,VDD_SOC,2376mW/2376mW
07-25-2026,17:08:19,RAM,923/7620MB,(lfb,130x4MB),SWAP,388/3810MB,(cached,2MB),CPU,[0%@1344,9%@1344,0%@1344,0%@1344,0%@1344,0%@1344],GR3D_FREQ,0%,cpu@50.375C,soc2@48.5C,soc0@49.5C,gpu@50C,tj@50.375C,soc1@49.468C,VDD_IN,5555mW/5560mW,VDD_CPU_GPU_CV,1307mW/1307mW,VDD_SOC,2376mW/2376mW
07-25-2026,17:08:19,RAM,923/7620MB,(lfb,130x4MB),SWAP,388/3810MB,(cached,2MB),CPU,[0%@1344,0%@1344,0%@1344,0%@1344,0%@1344,0%@1344],GR3D_FREQ,0%,cpu@50.625C,soc2@48.5C,soc0@49.125C,gpu@50.187C,tj@50.625C,soc1@49.437C,VDD_IN,5555mW/5560mW,VDD_CPU_GPU_CV,1307mW/1307mW,VDD_SOC,2376mW/2376mW
07-25-2026,17:08:19,RAM,923/7620MB,(lfb,130x4MB),SWAP,388/3810MB,(cached,2MB),CPU,[0%@1344,0%@1344,0%@1344,0%@1344,0%@1344,0%@1344],GR3D_FREQ,0%,cpu@50.25C,soc2@48.375C,soc0@49.281C,gpu@50.187C,tj@50.25C,soc1@49.687C,VDD_IN,5555mW/5560mW,VDD_CPU_GPU_CV,1307mW/1307mW,VDD_SOC,2376mW/2376mW
07-25-2026,17:08:19,RAM,923/7620MB,(lfb,130x4MB),SWAP,388/3810MB,(cached,2MB),CPU,[8%@1344,0%@1344,0%@1344,0%@1344,0%@1344,0%@1344],GR3D_FREQ,0%,cpu@50.25C,soc2@48.375C,soc0@49.25C,gpu@50.031C,tj@50.25C,soc1@49.218C,VDD_IN,5555mW/5560mW,VDD_CPU_GPU_CV,1307mW/1307mW,VDD_SOC,2376mW/2376mW
07-25-2026,17:08:19,RAM,923/7620MB,(lfb,130x4MB),SWAP,388/3810MB,(cached,2MB),CPU,[0%@1344,0%@1344,0%@1344,0%@1344,0%@1344,0%@1344],GR3D_FREQ,0%,cpu@50.437C,soc2@48.343C,soc0@49.375C,gpu@50.093C,tj@50.437C,soc1@49.375C,VDD_IN,5555mW/5560mW,VDD_CPU_GPU_CV,1307mW/1307mW,VDD_SOC,2376mW/2376mW
07-25-2026,17:08:19,RAM,923/7620MB,(lfb,130x4MB),SWAP,388/3810MB,(cached,2MB),CPU,[0%@1344,0%@1344,0%@1344,0%@1344,0%@1344,0%@1344],GR3D_FREQ,0%,cpu@50.531C,soc2@48.437C,soc0@49.156C,gpu@50.031C,tj@50.531C,soc1@49.375C,VDD_IN,5555mW/5560mW,VDD_CPU_GPU_CV,1307mW/1307mW,VDD_SOC,2376mW/2376mW
07-25-2026,17:08:19,RAM,923/7620MB,(lfb,130x4MB),SWAP,388/3810MB,(cached,2MB),CPU,[0%@1344,0%@1344,0%@1344,0%@1344,0%@1344,0%@1344],GR3D_FREQ,0%,cpu@50.781C,soc2@48.531C,soc0@49.25C,gpu@50.218C,tj@50.781C,soc1@49.531C,VDD_IN,5555mW/5560mW,VDD_CPU_GPU_CV,1307mW/1307mW,VDD_SOC,2376mW/2376mW
07-25-2026,17:08:19,RAM,923/7620MB,(lfb,130x4MB),SWAP,388/3810MB,(cached,2MB),CPU,[0%@1344,0%@1344,0%@1344,9%@1344,0%@1344,0%@1344],GR3D_FREQ,0%,cpu@50.375C,soc2@48.312C,soc0@49.406C,gpu@50.156C,tj@50.156C,soc1@49.343C,VDD_IN,5555mW/5560mW,VDD_CPU_GPU_CV,1307mW/1307mW,VDD_SOC,2376mW/2376mW
07-25-2026,17:08:19,RAM,923/7620MB,(lfb,130x4MB),SWAP,388/3810MB,(cached,2MB),CPU,[0%@1344,0%@1344,0%@1344,0%@1344,0%@1344,0%@1344],GR3D_FREQ,0%,cpu@50.187C,soc2@48.375C,soc0@49.437C,gpu@50.062C,tj@50.187C,soc1@49.343C,VDD_IN,5555mW/5560mW,VDD_CPU_GPU_CV,1307mW/1307mW,VDD_SOC,2376mW/2376mW
07-25-2026,17:08:19,RAM,923/7620MB,(lfb,130x4MB),SWAP,388/3810MB,(cached,2MB),CPU,[0%@1344,0%@1344,0%@1344,0%@1344,0%@1344,0%@1344],GR3D_FREQ,0%,cpu@50.468C,soc2@48.5C,soc0@49.437C,gpu@50.218C,tj@50.468C,soc1@49.375C,VDD_IN,5555mW/5560mW,VDD_CPU_GPU_CV,1307mW/1307mW,VDD_SOC,2376mW/2376mW
07-25-2026,17:08:20,RAM,923/7620MB,(lfb,130x4MB),SWAP,388/3810MB,(cached,2MB),CPU,[0%@1344,0%@1344,0%@1344,0%@1344,0%@1344,0%@1344],GR3D_FREQ,0%,cpu@50.593C,soc2@48.468C,soc0@49.156C,gpu@50.031C,tj@50.593C,soc1@49.562C,VDD_IN,5555mW/5560mW,VDD_CPU_GPU_CV,1307mW/1307mW,VDD_SOC,2376mW/2376mW
07-25-2026,17:08:20,RAM,923/7620MB,(lfb,130x4MB),SWAP,388/3810MB,(cached,2MB),CPU,[0%@1344,9%@1344,0%@1344,0%@1344,0%@1344,0%@1344],GR3D_FREQ,0%,cpu@50.312C,soc2@48.375C,soc0@49.312C,gpu@50.031C,tj@50.312C,soc1@49.625C,VDD_IN,5555mW/5560mW,VDD_CPU_GPU_CV,1307mW/1307mW,VDD_SOC,2376mW/2376mW
07-25-2026,17:08:20,RAM,923/7620MB,(lfb,130x4MB),SWAP,388/3810MB,(cached,2MB),CPU,[0%@1344,0%@1344,0%@1344,0%@1344,0%@1344,0%@1344],GR3D_FREQ,0%,cpu@50.281C,soc2@48.343C,soc0@49.218C,gpu@50.156C,tj@50.281C,soc1@49.25C,VDD_IN,5555mW/5560mW,VDD_CPU_GPU_CV,1307mW/1307mW,VDD_SOC,2376mW/2376mW
07-25-2026,17:08:20,RAM,923/7620MB,(lfb,130x4MB),SWAP,388/3810MB,(cached,2MB),CPU,[0%@1344,0%@1344,0%@1344,0%@1344,0%@1344,0%@1344],GR3D_FREQ,0%,cpu@50.218C,soc2@48.468C,soc0@49.375C,gpu@50.062C,tj@50.437C,soc1@49.5C,VDD_IN,5555mW/5560mW,VDD_CPU_GPU_CV,1307mW/1307mW,VDD_SOC,2376mW/2376mW
07-25-2026,17:08:20,RAM,923/7620MB,(lfb,130x4MB),SWAP,388/3810MB,(cached,2MB),CPU,[9%@1344,0%@1344,0%@1344,0%@1344,0%@1344,0%@1344],GR3D_FREQ,0%,cpu@50.468C,soc2@48.437C,soc0@49.281C,gpu@50.031C,tj@50.531C,soc1@49.468C,VDD_IN,5555mW/5559mW,VDD_CPU_GPU_CV,1307mW/1307mW,VDD_SOC,2376mW/2376mW
07-25-2026,17:08:20,RAM,923/7620MB,(lfb,130x4MB),SWAP,388/3810MB,(cached,2MB),CPU,[0%@1344,0%@1344,0%@1344,0%@1344,0%@1344,0%@1344],GR3D_FREQ,0%,cpu@50.656C,soc2@48.531C,soc0@49.25C,gpu@50.218C,tj@50.656C,soc1@49.531C,VDD_IN,5555mW/5559mW,VDD_CPU_GPU_CV,1307mW/1307mW,VDD_SOC,2376mW/2376mW
07-25-2026,17:08:20,RAM,923/7620MB,(lfb,130x4MB),SWAP,388/3810MB,(cached,2MB),CPU,[0%@1344,0%@1344,0%@1344,0%@1344,0%@1344,0%@1344],GR3D_FREQ,0%,cpu@50.312C,soc2@48.343C,soc0@49.312C,gpu@50.093C,tj@50.125C,soc1@49.25C,VDD_IN,5555mW/5559mW,VDD_CPU_GPU_CV,1307mW/1307mW,VDD_SOC,2376mW/2376mW
07-25-2026,17:08:20,RAM,924/7620MB,(lfb,130x4MB),SWAP,388/3810MB,(cached,2MB),CPU,[0%@1344,0%@1344,0%@1344,0%@1344,0%@1344,0%@1344],GR3D_FREQ,0%,cpu@50.25C,soc2@48.406C,soc0@49.375C,gpu@50.25C,tj@50.25C,soc1@49.312C,VDD_IN,5594mW/5560mW,VDD_CPU_GPU_CV,1307mW/1307mW,VDD_SOC,2376mW/2376mW
07-25-2026,17:08:20,RAM,924/7620MB,(lfb,130x4MB),SWAP,388/3810MB,(cached,2MB),CPU,[0%@1344,0%@1344,0%@1344,0%@1344,0%@1344,0%@1344],GR3D_FREQ,0%,cpu@50.437C,soc2@48.437C,soc0@49.343C,gpu@50.218C,tj@50.437C,soc1@49.406C,VDD_IN,5555mW/5560mW,VDD_CPU_GPU_CV,1307mW/1307mW,VDD_SOC,2376mW/2376mW
07-25-2026,17:08:21,RAM,924/7620MB,(lfb,130x4MB),SWAP,388/3810MB,(cached,2MB),CPU,[9%@1344,0%@1344,0%@1344,0%@1344,0%@1344,0%@1344],GR3D_FREQ,0%,cpu@50.687C,soc2@48.468C,soc0@49.218C,gpu@50.062C,tj@50.687C,soc1@49.562C,VDD_IN,5555mW/5560mW,VDD_CPU_GPU_CV,1307mW/1307mW,VDD_SOC,2376mW/2376mW
07-25-2026,17:08:21,RAM,924/7620MB,(lfb,130x4MB),SWAP,388/3810MB,(cached,2MB),CPU,[0%@1344,0%@1344,0%@1344,0%@1344,0%@1344,0%@1344],GR3D_FREQ,0%,cpu@50.25C,soc2@48.218C,soc0@49.281C,gpu@50.25C,tj@50.25C,soc1@49.656C,VDD_IN,5555mW/5560mW,VDD_CPU_GPU_CV,1307mW/1307mW,VDD_SOC,2376mW/2376mW
07-25-2026,17:08:21,RAM,924/7620MB,(lfb,130x4MB),SWAP,388/3810MB,(cached,2MB),CPU,[0%@1344,0%@1344,0%@1344,0%@1344,0%@1344,0%@1344],GR3D_FREQ,0%,cpu@50.25C,soc2@48.406C,soc0@49.218C,gpu@50.156C,tj@50.25C,soc1@49.218C,VDD_IN,5555mW/5560mW,VDD_CPU_GPU_CV,1307mW/1307mW,VDD_SOC,2376mW/2376mW
07-25-2026,17:08:21,RAM,924/7620MB,(lfb,130x4MB),SWAP,388/3810MB,(cached,2MB),CPU,[0%@1344,0%@1344,0%@1344,0%@1344,0%@1344,0%@1344],GR3D_FREQ,0%,cpu@50.187C,soc2@48.468C,soc0@49.312C,gpu@50.031C,tj@50.468C,soc1@49.343C,VDD_IN,5555mW/5560mW,VDD_CPU_GPU_CV,1307mW/1307mW,VDD_SOC,2376mW/2376mW
07-25-2026,17:08:21,RAM,924/7620MB,(lfb,130x4MB),SWAP,388/3810MB,(cached,2MB),CPU,[0%@1344,0%@1344,0%@1344,0%@1344,0%@1344,0%@1344],GR3D_FREQ,0%,cpu@50.5C,soc2@48.5C,soc0@49.25C,gpu@50.187C,tj@50.5C,soc1@49.406C,VDD_IN,5555mW/5559mW,VDD_CPU_GPU_CV,1307mW/1307mW,VDD_SOC,2376mW/2376mW
07-25-2026,17:08:21,RAM,924/7620MB,(lfb,130x4MB),SWAP,388/3810MB,(cached,2MB),CPU,[0%@1344,0%@1344,0%@1344,0%@1344,0%@1344,0%@1344],GR3D_FREQ,0%,cpu@50.281C,soc2@48.531C,soc0@49.218C,gpu@50.125C,tj@50.281C,soc1@49.562C,VDD_IN,5555mW/5559mW,VDD_CPU_GPU_CV,1307mW/1307mW,VDD_SOC,2376mW/2376mW
07-25-2026,17:08:21,RAM,924/7620MB,(lfb,130x4MB),SWAP,388/3810MB,(cached,2MB),CPU,[0%@1344,0%@1344,0%@1344,0%@1344,0%@1344,0%@1344],GR3D_FREQ,0%,cpu@50.375C,soc2@48.343C,soc0@49.218C,gpu@50.343C,tj@50.375C,soc1@49.281C,VDD_IN,5555mW/5559mW,VDD_CPU_GPU_CV,1307mW/1307mW,VDD_SOC,2376mW/2376mW
07-25-2026,17:08:21,RAM,923/7620MB,(lfb,130x4MB),SWAP,388/3810MB,(cached,2MB),CPU,[0%@1344,0%@1344,8%@1344,0%@1344,0%@1344,8%@1344],GR3D_FREQ,0%,cpu@50.156C,soc2@48.343C,soc0@49.218C,gpu@50.25C,tj@50.25C,soc1@49.25C,VDD_IN,5555mW/5559mW,VDD_CPU_GPU_CV,1307mW/1307mW,VDD_SOC,2376mW/2376mW
07-25-2026,17:08:21,RAM,923/7620MB,(lfb,130x4MB),SWAP,388/3810MB,(cached,2MB),CPU,[0%@1344,0%@1344,0%@1344,0%@1344,0%@1344,0%@1344],GR3D_FREQ,0%,cpu@50.468C,soc2@48.468C,soc0@49.406C,gpu@50.093C,tj@50.468C,soc1@49.437C,VDD_IN,5555mW/5559mW,VDD_CPU_GPU_CV,1307mW/1307mW,VDD_SOC,2376mW/2376mW
07-25-2026,17:08:21,RAM,923/7620MB,(lfb,130x4MB),SWAP,388/3810MB,(cached,2MB),CPU,[0%@1344,0%@1344,0%@1344,0%@1344,0%@1344,0%@1344],GR3D_FREQ,0%,cpu@50.687C,soc2@48.312C,soc0@49.218C,gpu@50.25C,tj@50.687C,soc1@49.406C,VDD_IN,5555mW/5559mW,VDD_CPU_GPU_CV,1307mW/1307mW,VDD_SOC,2376mW/2376mW
07-25-2026,17:08:22,RAM,923/7620MB,(lfb,130x4MB),SWAP,388/3810MB,(cached,2MB),CPU,[0%@1344,0%@1344,0%@1344,0%@1344,0%@1344,0%@1344],GR3D_FREQ,0%,cpu@50.406C,soc2@48.343C,soc0@49.25C,gpu@50.25C,tj@50.406C,soc1@49.281C,VDD_IN,5555mW/5559mW,VDD_CPU_GPU_CV,1307mW/1307mW,VDD_SOC,2376mW/2376mW
07-25-2026,17:08:22,RAM,923/7620MB,(lfb,130x4MB),SWAP,388/3810MB,(cached,2MB),CPU,[0%@1344,0%@1344,0%@1344,0%@1344,0%@1344,0%@1344],GR3D_FREQ,0%,cpu@50.25C,soc2@48.312C,soc0@49.312C,gpu@50.156C,tj@50.25C,soc1@49.281C,VDD_IN,5555mW/5559mW,VDD_CPU_GPU_CV,1307mW/1307mW,VDD_SOC,2376mW/2376mW
07-25-2026,17:08:22,RAM,923/7620MB,(lfb,130x4MB),SWAP,388/3810MB,(cached,2MB),CPU,[0%@1344,0%@1344,0%@1344,0%@1344,0%@1344,0%@1344],GR3D_FREQ,0%,cpu@50.218C,soc2@48.406C,soc0@49.406C,gpu@50.25C,tj@50.25C,soc1@49.312C,VDD_IN,5555mW/5559mW,VDD_CPU_GPU_CV,1307mW/1307mW,VDD_SOC,2376mW/2376mW
07-25-2026,17:08:22,RAM,923/7620MB,(lfb,130x4MB),SWAP,388/3810MB,(cached,2MB),CPU,[0%@1344,0%@1344,8%@1344,0%@1344,0%@1344,0%@1344],GR3D_FREQ,0%,cpu@50.531C,soc2@48.406C,soc0@49.156C,gpu@50.187C,tj@50.531C,soc1@49.375C,VDD_IN,5555mW/5559mW,VDD_CPU_GPU_CV,1307mW/1307mW,VDD_SOC,2376mW/2376mW
07-25-2026,17:08:22,RAM,923/7620MB,(lfb,130x4MB),SWAP,388/3810MB,(cached,2MB),CPU,[0%@1344,0%@1344,0%@1344,0%@1344,0%@1344,0%@1344],GR3D_FREQ,0%,cpu@50.343C,soc2@48.281C,soc0@49.25C,gpu@50.093C,tj@50.343C,soc1@49.593C,VDD_IN,5555mW/5559mW,VDD_CPU_GPU_CV,1307mW/1307mW,VDD_SOC,2376mW/2376mW
07-25-2026,17:08:22,RAM,923/7620MB,(lfb,130x4MB),SWAP,388/3810MB,(cached,2MB),CPU,[0%@1344,0%@1344,0%@1344,0%@1344,0%@1344,0%@1344],GR3D_FREQ,0%,cpu@50.468C,soc2@48.437C,soc0@49.218C,gpu@50.25C,tj@50.25C,soc1@49.25C,VDD_IN,5555mW/5559mW,VDD_CPU_GPU_CV,1307mW/1307mW,VDD_SOC,2376mW/2376mW
07-25-2026,17:08:22,RAM,923/7620MB,(lfb,130x4MB),SWAP,388/3810MB,(cached,2MB),CPU,[0%@1344,0%@1344,0%@1344,0%@1344,0%@1344,0%@1344],GR3D_FREQ,0%,cpu@50.218C,soc2@48.375C,soc0@49.343C,gpu@50.156C,tj@50.218C,soc1@49.25C,VDD_IN,5555mW/5559mW,VDD_CPU_GPU_CV,1307mW/1307mW,VDD_SOC,2376mW/2376mW
07-25-2026,17:08:22,RAM,923/7620MB,(lfb,130x4MB),SWAP,388/3810MB,(cached,2MB),CPU,[0%@1344,0%@1344,0%@1344,8%@1344,9%@1344,0%@1344],GR3D_FREQ,0%,cpu@50.531C,soc2@48.437C,soc0@49.375C,gpu@50C,tj@50.531C,soc1@49.375C,VDD_IN,5594mW/5559mW,VDD_CPU_GPU_CV,1307mW/1307mW,VDD_SOC,2376mW/2376mW
07-25-2026,17:08:22,RAM,923/7620MB,(lfb,130x4MB),SWAP,388/3810MB,(cached,2MB),CPU,[0%@1344,0%@1344,0%@1344,0%@1344,0%@1344,0%@1344],GR3D_FREQ,0%,cpu@50.656C,soc2@48.531C,soc0@49.25C,gpu@50.187C,tj@50.656C,soc1@49.406C,VDD_IN,5555mW/5559mW,VDD_CPU_GPU_CV,1307mW/1307mW,VDD_SOC,2376mW/2376mW
07-25-2026,17:08:23,RAM,923/7620MB,(lfb,130x4MB),SWAP,388/3810MB,(cached,2MB),CPU,[0%@1344,0%@1344,0%@1344,0%@1344,0%@1344,0%@1344],GR3D_FREQ,0%,cpu@50.375C,soc2@48.281C,soc0@49.25C,gpu@50.187C,tj@50.281C,soc1@49.218C,VDD_IN,5555mW/5559mW,VDD_CPU_GPU_CV,1307mW/1307mW,VDD_SOC,2376mW/2376mW
07-25-2026,17:08:23,RAM,923/7620MB,(lfb,130x4MB),SWAP,388/3810MB,(cached,2MB),CPU,[9%@1344,9%@1344,0%@1344,0%@1344,0%@1344,0%@1344],GR3D_FREQ,0%,cpu@50.187C,soc2@48.312C,soc0@49.281C,gpu@50.406C,tj@50.406C,soc1@49.281C,VDD_IN,5555mW/5559mW,VDD_CPU_GPU_CV,1307mW/1307mW,VDD_SOC,2376mW/2376mW
07-25-2026,17:08:23,RAM,923/7620MB,(lfb,130x4MB),SWAP,388/3810MB,(cached,2MB),CPU,[0%@1344,0%@1344,0%@1344,0%@1344,0%@1344,0%@1344],GR3D_FREQ,0%,cpu@50.281C,soc2@48.375C,soc0@49.437C,gpu@50.156C,tj@50.281C,soc1@49.312C,VDD_IN,5555mW/5559mW,VDD_CPU_GPU_CV,1307mW/1307mW,VDD_SOC,2376mW/2376mW
07-25-2026,17:08:23,RAM,923/7620MB,(lfb,130x4MB),SWAP,388/3810MB,(cached,2MB),CPU,[0%@1344,0%@1344,0%@1344,0%@1344,0%@1344,0%@1344],GR3D_FREQ,0%,cpu@50.625C,soc2@48.437C,soc0@49.156C,gpu@50.156C,tj@50.625C,soc1@49.437C,VDD_IN,5555mW/5559mW,VDD_CPU_GPU_CV,1307mW/1307mW,VDD_SOC,2376mW/2376mW
07-25-2026,17:08:23,RAM,923/7620MB,(lfb,130x4MB),SWAP,388/3810MB,(cached,2MB),CPU,[0%@1344,0%@1344,0%@1344,0%@1344,0%@1344,0%@1344],GR3D_FREQ,0%,cpu@50.343C,soc2@48.437C,soc0@49.218C,gpu@50.25C,tj@50.343C,soc1@49.593C,VDD_IN,5555mW/5559mW,VDD_CPU_GPU_CV,1307mW/1307mW,VDD_SOC,2376mW/2376mW
07-25-2026,17:08:23,RAM,923/7620MB,(lfb,130x4MB),SWAP,388/3810MB,(cached,2MB),CPU,[0%@1344,0%@1344,0%@1344,0%@1344,0%@1344,0%@1344],GR3D_FREQ,0%,cpu@50.125C,soc2@48.406C,soc0@49.281C,gpu@50.218C,tj@50.218C,soc1@49.281C,VDD_IN,5555mW/5559mW,VDD_CPU_GPU_CV,1307mW/1307mW,VDD_SOC,2376mW/2376mW
07-25-2026,17:08:23,RAM,923/7620MB,(lfb,130x4MB),SWAP,388/3810MB,(cached,2MB),CPU,[0%@1344,9%@1344,0%@1344,0%@1344,0%@1344,0%@1344],GR3D_FREQ,0%,cpu@50.218C,soc2@48.406C,soc0@49.375C,gpu@50.125C,tj@50.218C,soc1@49.281C,VDD_IN,5555mW/5559mW,VDD_CPU_GPU_CV,1307mW/1307mW,VDD_SOC,2376mW/2376mW
07-25-2026,17:08:23,RAM,924/7620MB,(lfb,130x4MB),SWAP,388/3810MB,(cached,2MB),CPU,[9%@1344,0%@1344,0%@1344,0%@1344,0%@1344,0%@1344],GR3D_FREQ,0%,cpu@50.625C,soc2@48.437C,soc0@49.406C,gpu@50.281C,tj@50.625C,soc1@49.406C,VDD_IN,5555mW/5559mW,VDD_CPU_GPU_CV,1307mW/1307mW,VDD_SOC,2376mW/2376mW
07-25-2026,17:08:23,RAM,923/7620MB,(lfb,130x4MB),SWAP,388/3810MB,(cached,2MB),CPU,[0%@1344,0%@1344,0%@1344,0%@1344,0%@1344,0%@1344],GR3D_FREQ,0%,cpu@50.281C,soc2@48.468C,soc0@49.093C,gpu@50.187C,tj@50.281C,soc1@49.437C,VDD_IN,5555mW/5559mW,VDD_CPU_GPU_CV,1307mW/1307mW,VDD_SOC,2376mW/2376mW
07-25-2026,17:08:23,RAM,928/7620MB,(lfb,130x4MB),SWAP,388/3810MB,(cached,2MB),CPU,[0%@1344,0%@1344,80%@1344,0%@1344,0%@1344,0%@1344],GR3D_FREQ,0%,cpu@51C,soc2@48.312C,soc0@49.218C,gpu@50.031C,tj@51C,soc1@49.218C,VDD_IN,5713mW/5560mW,VDD_CPU_GPU_CV,1386mW/1308mW,VDD_SOC,2376mW/2376mW
07-25-2026,17:08:24,RAM,1000/7620MB,(lfb,130x4MB),SWAP,388/3810MB,(cached,2MB),CPU,[60%@1344,63%@1344,54%@1344,60%@1344,66%@1344,63%@1344],GR3D_FREQ,0%,cpu@50.843C,soc2@48.375C,soc0@49.281C,gpu@50.25C,tj@50.843C,soc1@49.25C,VDD_IN,6110mW/5565mW,VDD_CPU_GPU_CV,1703mW/1311mW,VDD_SOC,2416mW/2376mW
07-25-2026,17:08:24,RAM,1005/7620MB,(lfb,130x4MB),SWAP,388/3810MB,(cached,2MB),CPU,[9%@1344,0%@1344,0%@1344,90%@1344,0%@1344,0%@1344],GR3D_FREQ,0%,cpu@50.625C,soc2@48.437C,soc0@49.343C,gpu@50.156C,tj@50.687C,soc1@49.406C,VDD_IN,6229mW/5571mW,VDD_CPU_GPU_CV,1743mW/1315mW,VDD_SOC,2416mW/2377mW
07-25-2026,17:08:24,RAM,1057/7620MB,(lfb,130x4MB),SWAP,388/3810MB,(cached,2MB),CPU,[0%@1344,0%@1344,0%@1344,100%@1344,0%@1344,0%@1344],GR3D_FREQ,0%,cpu@50.875C,soc2@48.5C,soc0@49.125C,gpu@50.093C,tj@50.875C,soc1@49.406C,VDD_IN,6348mW/5578mW,VDD_CPU_GPU_CV,1782mW/1319mW,VDD_SOC,2456mW/2377mW
07-25-2026,17:08:24,RAM,1089/7620MB,(lfb,130x4MB),SWAP,388/3810MB,(cached,2MB),CPU,[0%@1344,0%@1344,0%@1344,90%@1344,0%@1344,0%@1344],GR3D_FREQ,39%,cpu@50.75C,soc2@48.343C,soc0@49.312C,gpu@50.25C,tj@50.75C,soc1@49.593C,VDD_IN,6388mW/5585mW,VDD_CPU_GPU_CV,1782mW/1323mW,VDD_SOC,2456mW/2378mW
07-25-2026,17:08:24,RAM,1140/7620MB,(lfb,130x4MB),SWAP,388/3810MB,(cached,2MB),CPU,[0%@1344,0%@1344,0%@1344,100%@1344,0%@1344,0%@1344],GR3D_FREQ,1%,cpu@50.468C,soc2@48.343C,soc0@49.281C,gpu@50.187C,tj@50.468C,soc1@49.281C,VDD_IN,6388mW/5592mW,VDD_CPU_GPU_CV,1822mW/1327mW,VDD_SOC,2456mW/2379mW
07-25-2026,17:08:24,RAM,1211/7620MB,(lfb,130x4MB),SWAP,388/3810MB,(cached,2MB),CPU,[9%@1344,0%@1344,0%@1344,100%@1344,0%@1344,0%@1344],GR3D_FREQ,0%,cpu@50.562C,soc2@48.5C,soc0@49.25C,gpu@50.125C,tj@50.562C,soc1@49.375C,VDD_IN,6467mW/5599mW,VDD_CPU_GPU_CV,1822mW/1332mW,VDD_SOC,2495mW/2380mW
07-25-2026,17:08:24,RAM,1304/7620MB,(lfb,130x4MB),SWAP,388/3810MB,(cached,2MB),CPU,[0%@1344,0%@1344,0%@1344,100%@1344,0%@1344,0%@1344],GR3D_FREQ,5%,cpu@50.875C,soc2@48.5C,soc0@49.093C,gpu@50.312C,tj@50.875C,soc1@49.531C,VDD_IN,6586mW/5608mW,VDD_CPU_GPU_CV,1901mW/1337mW,VDD_SOC,2495mW/2381mW
07-25-2026,17:08:24,RAM,1365/7620MB,(lfb,130x4MB),SWAP,388/3810MB,(cached,2MB),CPU,[0%@1344,0%@1344,9%@1344,90%@1344,9%@1344,0%@1344],GR3D_FREQ,0%,cpu@50.75C,soc2@48.531C,soc0@49.218C,gpu@50.218C,tj@50.75C,soc1@49.562C,VDD_IN,6824mW/5618mW,VDD_CPU_GPU_CV,1977mW/1342mW,VDD_SOC,2535mW/2382mW
07-25-2026,17:08:24,RAM,1392/7620MB,(lfb,130x4MB),SWAP,388/3810MB,(cached,2MB),CPU,[0%@1344,0%@1344,0%@1344,90%@1344,0%@1344,0%@1344],GR3D_FREQ,73%,cpu@50.937C,soc2@48.468C,soc0@49.312C,gpu@50.687C,tj@50.687C,soc1@49.281C,VDD_IN,7645mW/5635mW,VDD_CPU_GPU_CV,2452mW/1351mW,VDD_SOC,2729mW/2385mW
07-25-2026,17:08:25,RAM,1392/7620MB,(lfb,130x4MB),SWAP,388/3810MB,(cached,2MB),CPU,[0%@1344,0%@1344,0%@1344,90%@1344,0%@1344,0%@1344],GR3D_FREQ,56%,cpu@50.781C,soc2@48.625C,soc0@49.406C,gpu@51.156C,tj@51.156C,soc1@49.343C,VDD_IN,8661mW/5660mW,VDD_CPU_GPU_CV,3001mW/1365mW,VDD_SOC,2961mW/2390mW
07-25-2026,17:08:25,RAM,1408/7620MB,(lfb,130x4MB),SWAP,388/3810MB,(cached,2MB),CPU,[0%@1344,0%@1344,0%@1344,90%@1344,0%@1344,0%@1344],GR3D_FREQ,75%,cpu@51C,soc2@48.625C,soc0@49.468C,gpu@50.75C,tj@51C,soc1@49.437C,VDD_IN,8622mW/5684mW,VDD_CPU_GPU_CV,3001mW/1378mW,VDD_SOC,2961mW/2394mW
07-25-2026,17:08:25,RAM,1408/7620MB,(lfb,130x4MB),SWAP,388/3810MB,(cached,2MB),CPU,[0%@1344,0%@1344,0%@1344,88%@1344,0%@1344,0%@1344],GR3D_FREQ,47%,cpu@51.281C,soc2@48.75C,soc0@49.25C,gpu@51.406C,tj@51.281C,soc1@49.531C,VDD_IN,9492mW/5715mW,VDD_CPU_GPU_CV,3469mW/1395mW,VDD_SOC,3159mW/2401mW
07-25-2026,17:08:25,RAM,1408/7620MB,(lfb,130x4MB),SWAP,388/3810MB,(cached,2MB),CPU,[0%@1344,0%@1344,0%@1344,83%@1344,0%@1344,0%@1344],GR3D_FREQ,62%,cpu@50.968C,soc2@48.687C,soc0@49.281C,gpu@51.218C,tj@51.218C,soc1@49.25C,VDD_IN,9990mW/5750mW,VDD_CPU_GPU_CV,3745mW/1414mW,VDD_SOC,3232mW/2407mW
07-25-2026,17:08:25,RAM,1408/7620MB,(lfb,130x4MB),SWAP,388/3810MB,(cached,2MB),CPU,[0%@1344,0%@1344,0%@1344,80%@1344,0%@1344,0%@1344],GR3D_FREQ,60%,cpu@50.937C,soc2@48.75C,soc0@49.406C,gpu@51.468C,tj@51.468C,soc1@49.312C,VDD_IN,10543mW/5788mW,VDD_CPU_GPU_CV,4014mW/1435mW,VDD_SOC,3390mW/2415mW
07-25-2026,17:08:25,RAM,1408/7620MB,(lfb,130x4MB),SWAP,388/3810MB,(cached,2MB),CPU,[9%@1344,0%@1344,0%@1344,90%@1344,0%@1344,0%@1344],GR3D_FREQ,0%,cpu@50.781C,soc2@48.843C,soc0@49.531C,gpu@51.125C,tj@51.125C,soc1@49.5C,VDD_IN,10424mW/5825mW,VDD_CPU_GPU_CV,3975mW/1455mW,VDD_SOC,3351mW/2423mW
07-25-2026,17:08:25,RAM,1420/7620MB,(lfb,130x4MB),SWAP,388/3810MB,(cached,2MB),CPU,[0%@1344,0%@1344,0%@1344,90%@1344,0%@1344,0%@1344],GR3D_FREQ,48%,cpu@51.187C,soc2@48.937C,soc0@49.312C,gpu@51.406C,tj@51.406C,soc1@49.531C,VDD_IN,10661mW/5863mW,VDD_CPU_GPU_CV,4093mW/1476mW,VDD_SOC,3390mW/2430mW
07-25-2026,17:08:25,RAM,1420/7620MB,(lfb,130x4MB),SWAP,388/3810MB,(cached,2MB),CPU,[0%@1344,0%@1344,0%@1344,90%@1344,0%@1344,0%@1344],GR3D_FREQ,76%,cpu@51.093C,soc2@48.812C,soc0@49.343C,gpu@51.406C,tj@51.406C,soc1@49.687C,VDD_IN,10977mW/5903mW,VDD_CPU_GPU_CV,4290mW/1498mW,VDD_SOC,3469mW/2438mW
07-25-2026,17:08:25,RAM,1420/7620MB,(lfb,130x4MB),SWAP,388/3810MB,(cached,2MB),CPU,[9%@1344,0%@1344,0%@1344,81%@1344,0%@1344,0%@1344],GR3D_FREQ,44%,cpu@50.968C,soc2@48.937C,soc0@49.5C,gpu@51.687C,tj@51.687C,soc1@49.343C,VDD_IN,11254mW/5944mW,VDD_CPU_GPU_CV,4440mW/1521mW,VDD_SOC,3542mW/2447mW
07-25-2026,17:08:25,RAM,1420/7620MB,(lfb,130x4MB),SWAP,388/3810MB,(cached,2MB),CPU,[0%@1344,0%@1344,0%@1344,90%@1344,0%@1344,0%@1344],GR3D_FREQ,83%,cpu@51.031C,soc2@48.937C,soc0@49.593C,gpu@51.5C,tj@51.5C,soc1@49.5C,VDD_IN,11393mW/5986mW,VDD_CPU_GPU_CV,4519mW/1544mW,VDD_SOC,3581mW/2456mW
07-25-2026,17:08:26,RAM,1420/7620MB,(lfb,130x4MB),SWAP,388/3810MB,(cached,2MB),CPU,[0%@1344,0%@1344,0%@1344,81%@1344,0%@1344,0%@1344],GR3D_FREQ,40%,cpu@51.375C,soc2@49.062C,soc0@49.468C,gpu@51.656C,tj@51.656C,soc1@49.5C,VDD_IN,11590mW/6029mW,VDD_CPU_GPU_CV,4597mW/1567mW,VDD_SOC,3621mW/2464mW
07-25-2026,17:08:26,RAM,1420/7620MB,(lfb,130x4MB),SWAP,388/3810MB,(cached,2MB),CPU,[0%@1344,0%@1344,0%@1344,81%@1344,0%@1344,0%@1344],GR3D_FREQ,87%,cpu@51.437C,soc2@49.156C,soc0@49.406C,gpu@51.468C,tj@51.468C,soc1@49.656C,VDD_IN,11511mW/6070mW,VDD_CPU_GPU_CV,4597mW/1590mW,VDD_SOC,3581mW/2473mW
07-25-2026,17:08:26,RAM,1433/7620MB,(lfb,129x4MB),SWAP,388/3810MB,(cached,2MB),CPU,[0%@1344,0%@1344,0%@1344,90%@1344,0%@1344,0%@1344],GR3D_FREQ,82%,cpu@51.25C,soc2@49C,soc0@49.468C,gpu@51.625C,tj@51.625C,soc1@49.468C,VDD_IN,11314mW/6110mW,VDD_CPU_GPU_CV,4479mW/1612mW,VDD_SOC,3581mW/2481mW
07-25-2026,17:08:26,RAM,1433/7620MB,(lfb,129x4MB),SWAP,388/3810MB,(cached,2MB),CPU,[0%@1344,0%@1344,0%@1344,90%@1344,0%@1344,0%@1344],GR3D_FREQ,41%,cpu@51.031C,soc2@49C,soc0@49.593C,gpu@51.625C,tj@51.625C,soc1@49.562C,VDD_IN,11511mW/6150mW,VDD_CPU_GPU_CV,4558mW/1634mW,VDD_SOC,3581mW/2489mW
07-25-2026,17:08:26,RAM,1433/7620MB,(lfb,129x4MB),SWAP,388/3810MB,(cached,2MB),CPU,[0%@1344,0%@1344,0%@1344,81%@1344,0%@1344,0%@1344],GR3D_FREQ,85%,cpu@51.437C,soc2@49C,soc0@49.75C,gpu@51.812C,tj@51.812C,soc1@49.531C,VDD_IN,11590mW/6190mW,VDD_CPU_GPU_CV,4597mW/1656mW,VDD_SOC,3621mW/2498mW
07-25-2026,17:08:26,RAM,1433/7620MB,(lfb,129x4MB),SWAP,388/3810MB,(cached,2MB),CPU,[9%@1344,0%@1344,0%@1344,81%@1344,0%@1344,0%@1344],GR3D_FREQ,40%,cpu@51.562C,soc2@49.125C,soc0@49.468C,gpu@51.75C,tj@51.75C,soc1@49.781C,VDD_IN,11748mW/6231mW,VDD_CPU_GPU_CV,4715mW/1678mW,VDD_SOC,3660mW/2506mW
07-25-2026,17:08:26,RAM,1433/7620MB,(lfb,129x4MB),SWAP,388/3810MB,(cached,2MB),CPU,[0%@1344,0%@1344,0%@1344,90%@1344,0%@1344,0%@1344],GR3D_FREQ,84%,cpu@51.218C,soc2@49C,soc0@49.531C,gpu@51.687C,tj@51.687C,soc1@49.812C,VDD_IN,11748mW/6272mW,VDD_CPU_GPU_CV,4715mW/1700mW,VDD_SOC,3660mW/2515mW
07-25-2026,17:08:26,RAM,1434/7620MB,(lfb,129x4MB),SWAP,388/3810MB,(cached,2MB),CPU,[9%@1344,0%@1344,0%@1344,81%@1344,9%@1344,8%@1344],GR3D_FREQ,31%,cpu@51.281C,soc2@49.125C,soc0@49.656C,gpu@51.781C,tj@51.781C,soc1@49.625C,VDD_IN,11866mW/6312mW,VDD_CPU_GPU_CV,4794mW/1723mW,VDD_SOC,3699mW/2523mW
07-25-2026,17:08:26,RAM,1434/7620MB,(lfb,129x4MB),SWAP,388/3810MB,(cached,2MB),CPU,[0%@1344,8%@1344,0%@1344,88%@1344,0%@1344,0%@1344],GR3D_FREQ,78%,cpu@51.437C,soc2@49.187C,soc0@49.718C,gpu@51.625C,tj@51.625C,soc1@49.687C,VDD_IN,11866mW/6352mW,VDD_CPU_GPU_CV,4754mW/1745mW,VDD_SOC,3660mW/2532mW
07-25-2026,17:08:27,RAM,1434/7620MB,(lfb,129x4MB),SWAP,388/3810MB,(cached,2MB),CPU,[9%@1344,0%@1344,0%@1344,81%@1344,0%@1344,0%@1344],GR3D_FREQ,42%,cpu@51.437C,soc2@49.343C,soc0@49.593C,gpu@51.375C,tj@51.437C,soc1@49.718C,VDD_IN,11669mW/6390mW,VDD_CPU_GPU_CV,4676mW/1765mW,VDD_SOC,3621mW/2539mW
07-25-2026,17:08:27,RAM,1450/7620MB,(lfb,126x4MB),SWAP,388/3810MB,(cached,2MB),CPU,[0%@1344,9%@1344,0%@1344,90%@1344,0%@1344,0%@1344],GR3D_FREQ,40%,cpu@51.281C,soc2@49.437C,soc0@49.625C,gpu@51.906C,tj@51.906C,soc1@49.937C,VDD_IN,11590mW/6427mW,VDD_CPU_GPU_CV,4636mW/1786mW,VDD_SOC,3621mW/2547mW
07-25-2026,17:08:27,RAM,1450/7620MB,(lfb,126x4MB),SWAP,388/3810MB,(cached,2MB),CPU,[0%@1344,0%@1344,0%@1344,90%@1344,0%@1344,0%@1344],GR3D_FREQ,88%,cpu@51.218C,soc2@49.218C,soc0@49.718C,gpu@51.718C,tj@51.718C,soc1@49.593C,VDD_IN,11630mW/6464mW,VDD_CPU_GPU_CV,4636mW/1806mW,VDD_SOC,3621mW/2555mW
07-25-2026,17:08:27,RAM,1450/7620MB,(lfb,126x4MB),SWAP,388/3810MB,(cached,2MB),CPU,[0%@1344,9%@1344,0%@1344,81%@1344,0%@1344,0%@1344],GR3D_FREQ,32%,cpu@51.312C,soc2@49.281C,soc0@49.812C,gpu@51.812C,tj@51.812C,soc1@49.625C,VDD_IN,11787mW/6501mW,VDD_CPU_GPU_CV,4715mW/1826mW,VDD_SOC,3660mW/2562mW
07-25-2026,17:08:27,RAM,1450/7620MB,(lfb,126x4MB),SWAP,388/3810MB,(cached,2MB),CPU,[0%@1344,0%@1344,0%@1344,81%@1344,0%@1344,0%@1344],GR3D_FREQ,78%,cpu@51.562C,soc2@49.312C,soc0@49.531C,gpu@51.75C,tj@51.75C,soc1@49.687C,VDD_IN,11748mW/6537mW,VDD_CPU_GPU_CV,4715mW/1846mW,VDD_SOC,3660mW/2570mW
07-25-2026,17:08:27,RAM,1450/7620MB,(lfb,126x4MB),SWAP,388/3810MB,(cached,2MB),CPU,[0%@1344,0%@1344,0%@1344,88%@1344,0%@1344,0%@1344],GR3D_FREQ,37%,cpu@51.812C,soc2@49.406C,soc0@49.625C,gpu@51.937C,tj@51.937C,soc1@49.906C,VDD_IN,11906mW/6574mW,VDD_CPU_GPU_CV,4794mW/1867mW,VDD_SOC,3699mW/2578mW
07-25-2026,17:08:27,RAM,1450/7620MB,(lfb,126x4MB),SWAP,388/3810MB,(cached,2MB),CPU,[0%@1344,9%@1344,0%@1344,83%@1344,0%@1344,0%@1344],GR3D_FREQ,72%,cpu@51.562C,soc2@49.312C,soc0@49.812C,gpu@51.968C,tj@51.968C,soc1@49.687C,VDD_IN,11866mW/6611mW,VDD_CPU_GPU_CV,4794mW/1887mW,VDD_SOC,3660mW/2585mW
07-25-2026,17:08:27,RAM,1450/7620MB,(lfb,126x4MB),SWAP,388/3810MB,(cached,2MB),CPU,[0%@1344,0%@1344,0%@1344,80%@1344,0%@1344,0%@1344],GR3D_FREQ,49%,cpu@51.312C,soc2@49.312C,soc0@49.906C,gpu@52.062C,tj@52.062C,soc1@49.593C,VDD_IN,11984mW/6647mW,VDD_CPU_GPU_CV,4833mW/1907mW,VDD_SOC,3699mW/2593mW
07-25-2026,17:08:27,RAM,1450/7620MB,(lfb,126x4MB),SWAP,388/3810MB,(cached,2MB),CPU,[9%@1344,0%@1344,0%@1344,90%@1344,9%@1344,9%@1344],GR3D_FREQ,56%,cpu@51.562C,soc2@49.343C,soc0@49.875C,gpu@51.875C,tj@51.875C,soc1@49.718C,VDD_IN,11984mW/6683mW,VDD_CPU_GPU_CV,4833mW/1927mW,VDD_SOC,3699mW/2600mW
07-25-2026,17:08:27,RAM,1450/7620MB,(lfb,126x4MB),SWAP,388/3810MB,(cached,2MB),CPU,[0%@1344,0%@1344,0%@1344,81%@1344,0%@1344,0%@1344],GR3D_FREQ,65%,cpu@51.843C,soc2@49.375C,soc0@49.812C,gpu@52.093C,tj@52.093C,soc1@49.781C,VDD_IN,12024mW/6719mW,VDD_CPU_GPU_CV,4872mW/1946mW,VDD_SOC,3699mW/2608mW
07-25-2026,17:08:28,RAM,1462/7620MB,(lfb,124x4MB),SWAP,388/3810MB,(cached,2MB),CPU,[0%@1344,0%@1344,0%@1344,90%@1344,0%@1344,0%@1344],GR3D_FREQ,0%,cpu@51.437C,soc2@49.312C,soc0@49.75C,gpu@51.812C,tj@51.812C,soc1@50.031C,VDD_IN,11551mW/6751mW,VDD_CPU_GPU_CV,4597mW/1964mW,VDD_SOC,3621mW/2614mW
07-25-2026,17:08:28,RAM,1462/7620MB,(lfb,124x4MB),SWAP,388/3810MB,(cached,2MB),CPU,[0%@1344,0%@1344,0%@1344,88%@1344,0%@1344,0%@1344],GR3D_FREQ,74%,cpu@51.343C,soc2@49.375C,soc0@49.843C,gpu@51.75C,tj@51.75C,soc1@49.656C,VDD_IN,11590mW/6783mW,VDD_CPU_GPU_CV,4636mW/1982mW,VDD_SOC,3621mW/2621mW
07-25-2026,17:08:28,RAM,1462/7620MB,(lfb,124x4MB),SWAP,388/3810MB,(cached,2MB),CPU,[0%@1344,0%@1344,0%@1344,81%@1344,0%@1344,0%@1344],GR3D_FREQ,49%,cpu@51.468C,soc2@49.437C,soc0@49.937C,gpu@52.156C,tj@52.156C,soc1@49.812C,VDD_IN,11787mW/6816mW,VDD_CPU_GPU_CV,4715mW/2000mW,VDD_SOC,3660mW/2628mW
07-25-2026,17:08:28,RAM,1462/7620MB,(lfb,124x4MB),SWAP,388/3810MB,(cached,2MB),CPU,[0%@1344,0%@1344,0%@1344,81%@1344,0%@1344,0%@1344],GR3D_FREQ,60%,cpu@51.718C,soc2@49.531C,soc0@49.781C,gpu@51.968C,tj@51.968C,soc1@49.968C,VDD_IN,11827mW/6849mW,VDD_CPU_GPU_CV,4754mW/2018mW,VDD_SOC,3660mW/2635mW
07-25-2026,17:08:28,RAM,1462/7620MB,(lfb,124x4MB),SWAP,388/3810MB,(cached,2MB),CPU,[0%@1344,0%@1344,0%@1344,90%@1344,0%@1344,0%@1344],GR3D_FREQ,62%,cpu@51.937C,soc2@49.468C,soc0@49.75C,gpu@52C,tj@52C,soc1@50.031C,VDD_IN,11866mW/6881mW,VDD_CPU_GPU_CV,4794mW/2036mW,VDD_SOC,3699mW/2641mW
07-25-2026,17:08:28,RAM,1462/7620MB,(lfb,124x4MB),SWAP,388/3810MB,(cached,2MB),CPU,[0%@1344,9%@1344,0%@1344,81%@1344,0%@1344,0%@1344],GR3D_FREQ,49%,cpu@51.562C,soc2@49.468C,soc0@49.906C,gpu@52.187C,tj@52.187C,soc1@49.718C,VDD_IN,11945mW/6914mW,VDD_CPU_GPU_CV,4794mW/2053mW,VDD_SOC,3699mW/2648mW
07-25-2026,17:08:28,RAM,1462/7620MB,(lfb,124x4MB),SWAP,388/3810MB,(cached,2MB),CPU,[0%@1344,0%@1344,0%@1344,88%@1344,0%@1344,0%@1344],GR3D_FREQ,76%,cpu@51.437C,soc2@49.406C,soc0@49.937C,gpu@52.125C,tj@52.125C,soc1@49.843C,VDD_IN,11945mW/6946mW,VDD_CPU_GPU_CV,4794mW/2071mW,VDD_SOC,3699mW/2655mW
07-25-2026,17:08:28,RAM,1462/7620MB,(lfb,124x4MB),SWAP,388/3810MB,(cached,2MB),CPU,[0%@1344,0%@1344,0%@1344,81%@1344,0%@1344,0%@1344],GR3D_FREQ,45%,cpu@51.437C,soc2@49.5C,soc0@50.062C,gpu@52.218C,tj@52.218C,soc1@49.906C,VDD_IN,11984mW/6978mW,VDD_CPU_GPU_CV,4833mW/2089mW,VDD_SOC,3699mW/2662mW
07-25-2026,17:08:28,RAM,1461/7620MB,(lfb,124x4MB),SWAP,388/3810MB,(cached,2MB),CPU,[0%@1344,0%@1344,0%@1344,90%@1344,0%@1344,0%@1344],GR3D_FREQ,83%,cpu@51.906C,soc2@49.593C,soc0@49.937C,gpu@52.125C,tj@52.125C,soc1@50C,VDD_IN,11945mW/7010mW,VDD_CPU_GPU_CV,4833mW/2106mW,VDD_SOC,3699mW/2668mW
07-25-2026,17:08:29,RAM,1461/7620MB,(lfb,124x4MB),SWAP,388/3810MB,(cached,2MB),CPU,[0%@1344,0%@1344,0%@1344,81%@1344,0%@1344,0%@1344],GR3D_FREQ,41%,cpu@51.656C,soc2@49.5C,soc0@49.937C,gpu@52.187C,tj@52.187C,soc1@50.156C,VDD_IN,12024mW/7041mW,VDD_CPU_GPU_CV,4872mW/2123mW,VDD_SOC,3699mW/2675mW
07-25-2026,17:08:29,RAM,1461/7620MB,(lfb,124x4MB),SWAP,388/3810MB,(cached,2MB),CPU,[0%@1344,0%@1344,0%@1344,83%@1344,0%@1344,0%@1344],GR3D_FREQ,87%,cpu@51.437C,soc2@49.437C,soc0@49.937C,gpu@52.125C,tj@52.125C,soc1@49.812C,VDD_IN,11945mW/7072mW,VDD_CPU_GPU_CV,4833mW/2140mW,VDD_SOC,3699mW/2681mW
07-25-2026,17:08:29,RAM,1461/7620MB,(lfb,124x4MB),SWAP,388/3810MB,(cached,2MB),CPU,[0%@1344,0%@1344,0%@1344,88%@1344,0%@1344,0%@1344],GR3D_FREQ,26%,cpu@51.343C,soc2@49.5C,soc0@50.031C,gpu@51.843C,tj@51.843C,soc1@49.843C,VDD_IN,11748mW/7101mW,VDD_CPU_GPU_CV,4715mW/2156mW,VDD_SOC,3621mW/2687mW
07-25-2026,17:08:29,RAM,1477/7620MB,(lfb,121x4MB),SWAP,388/3810MB,(cached,2MB),CPU,[0%@1344,0%@1344,0%@1344,83%@1344,0%@1344,0%@1344],GR3D_FREQ,36%,cpu@51.875C,soc2@49.625C,soc0@50C,gpu@52.125C,tj@52.125C,soc1@49.968C,VDD_IN,11590mW/7129mW,VDD_CPU_GPU_CV,4597mW/2171mW,VDD_SOC,3621mW/2693mW
07-25-2026,17:08:29,RAM,1477/7620MB,(lfb,121x4MB),SWAP,388/3810MB,(cached,2MB),CPU,[0%@1344,0%@1344,0%@1344,90%@1344,0%@1344,0%@1344],GR3D_FREQ,73%,cpu@51.687C,soc2@49.718C,soc0@49.875C,gpu@52.25C,tj@52.25C,soc1@50.187C,VDD_IN,11630mW/7156mW,VDD_CPU_GPU_CV,4636mW/2187mW,VDD_SOC,3621mW/2698mW
07-25-2026,17:08:29,RAM,1477/7620MB,(lfb,121x4MB),SWAP,388/3810MB,(cached,2MB),CPU,[0%@1344,0%@1344,0%@1344,80%@1344,0%@1344,0%@1344],GR3D_FREQ,49%,cpu@51.812C,soc2@49.656C,soc0@49.937C,gpu@52.25C,tj@52.25C,soc1@49.812C,VDD_IN,11787mW/7185mW,VDD_CPU_GPU_CV,4715mW/2202mW,VDD_SOC,3660mW/2704mW
07-25-2026,17:08:29,RAM,1477/7620MB,(lfb,121x4MB),SWAP,388/3810MB,(cached,2MB),CPU,[0%@1344,0%@1344,0%@1344,90%@1344,0%@1344,0%@1344],GR3D_FREQ,61%,cpu@51.531C,soc2@49.593C,soc0@50.156C,gpu@52.093C,tj@52.093C,soc1@49.937C,VDD_IN,11827mW/7213mW,VDD_CPU_GPU_CV,4754mW/2217mW,VDD_SOC,3660mW/2710mW
07-25-2026,17:08:29,RAM,1477/7620MB,(lfb,121x4MB),SWAP,388/3810MB,(cached,2MB),CPU,[0%@1344,0%@1344,0%@1344,81%@1344,0%@1344,0%@1344],GR3D_FREQ,61%,cpu@51.656C,soc2@49.593C,soc0@50.218C,gpu@52.375C,tj@52.375C,soc1@50.062C,VDD_IN,11866mW/7241mW,VDD_CPU_GPU_CV,4754mW/2233mW,VDD_SOC,3699mW/2716mW
07-25-2026,17:08:29,RAM,1478/7620MB,(lfb,121x4MB),SWAP,388/3810MB,(cached,2MB),CPU,[0%@1344,0%@1344,9%@1344,90%@1344,0%@1344,9%@1344],GR3D_FREQ,48%,cpu@52.093C,soc2@49.656C,soc0@50C,gpu@52.25C,tj@52.25C,soc1@50.062C,VDD_IN,11945mW/7269mW,VDD_CPU_GPU_CV,4833mW/2248mW,VDD_SOC,3699mW/2722mW
07-25-2026,17:08:29,RAM,1478/7620MB,(lfb,121x4MB),SWAP,388/3810MB,(cached,2MB),CPU,[0%@1344,0%@1344,0%@1344,80%@1344,0%@1344,0%@1344],GR3D_FREQ,73%,cpu@51.718C,soc2@49.562C,soc0@50.031C,gpu@52.218C,tj@52.218C,soc1@49.906C,VDD_IN,11945mW/7297mW,VDD_CPU_GPU_CV,4833mW/2264mW,VDD_SOC,3699mW/2728mW
07-25-2026,17:08:30,RAM,1478/7620MB,(lfb,121x4MB),SWAP,388/3810MB,(cached,2MB),CPU,[0%@1344,0%@1344,0%@1344,81%@1344,0%@1344,0%@1344],GR3D_FREQ,45%,cpu@51.593C,soc2@49.562C,soc0@50.125C,gpu@52.375C,tj@52.375C,soc1@49.968C,VDD_IN,12024mW/7325mW,VDD_CPU_GPU_CV,4872mW/2279mW,VDD_SOC,3699mW/2734mW
07-25-2026,17:08:30,RAM,1478/7620MB,(lfb,121x4MB),SWAP,388/3810MB,(cached,2MB),CPU,[9%@1344,0%@1344,0%@1344,90%@1344,0%@1344,0%@1344],GR3D_FREQ,83%,cpu@51.656C,soc2@49.656C,soc0@50.125C,gpu@52.25C,tj@52.25C,soc1@50C,VDD_IN,11945mW/7352mW,VDD_CPU_GPU_CV,4833mW/2294mW,VDD_SOC,3699mW/2739mW
07-25-2026,17:08:30,RAM,1478/7620MB,(lfb,121x4MB),SWAP,388/3810MB,(cached,2MB),CPU,[0%@1344,0%@1344,0%@1344,83%@1344,0%@1344,0%@1344],GR3D_FREQ,40%,cpu@51.968C,soc2@49.656C,soc0@50C,gpu@52.25C,tj@52.25C,soc1@50.125C,VDD_IN,12024mW/7379mW,VDD_CPU_GPU_CV,4872mW/2309mW,VDD_SOC,3699mW/2745mW
07-25-2026,17:08:30,RAM,1478/7620MB,(lfb,121x4MB),SWAP,388/3810MB,(cached,2MB),CPU,[0%@1344,0%@1344,0%@1344,90%@1344,0%@1344,0%@1344],GR3D_FREQ,87%,cpu@51.718C,soc2@49.656C,soc0@50.093C,gpu@52.218C,tj@52.218C,soc1@50.281C,VDD_IN,11945mW/7406mW,VDD_CPU_GPU_CV,4833mW/2324mW,VDD_SOC,3699mW/2750mW
07-25-2026,17:08:30,RAM,1478/7620MB,(lfb,121x4MB),SWAP,388/3810MB,(cached,2MB),CPU,[0%@1344,9%@1344,0%@1344,80%@1344,0%@1344,0%@1344],GR3D_FREQ,35%,cpu@51.843C,soc2@49.687C,soc0@50.156C,gpu@52.312C,tj@52.312C,soc1@50.062C,VDD_IN,12063mW/7433mW,VDD_CPU_GPU_CV,4872mW/2339mW,VDD_SOC,3739mW/2756mW
07-25-2026,17:08:30,RAM,1478/7620MB,(lfb,121x4MB),SWAP,388/3810MB,(cached,2MB),CPU,[0%@1344,8%@1344,0%@1344,81%@1344,0%@1344,0%@1344],GR3D_FREQ,80%,cpu@51.593C,soc2@49.812C,soc0@50.156C,gpu@52.125C,tj@52.125C,soc1@50.125C,VDD_IN,11984mW/7459mW,VDD_CPU_GPU_CV,4833mW/2353mW,VDD_SOC,3699mW/2761mW
07-25-2026,17:08:30,RAM,1493/7620MB,(lfb,118x4MB),SWAP,388/3810MB,(cached,2MB),CPU,[0%@1344,0%@1344,0%@1344,90%@1344,0%@1344,0%@1344],GR3D_FREQ,66%,cpu@51.937C,soc2@49.593C,soc0@50C,gpu@52.187C,tj@52.187C,soc1@50.125C,VDD_IN,11472mW/7482mW,VDD_CPU_GPU_CV,4519mW/2365mW,VDD_SOC,3581mW/2766mW
07-25-2026,17:08:30,RAM,1493/7620MB,(lfb,118x4MB),SWAP,388/3810MB,(cached,2MB),CPU,[0%@1344,0%@1344,0%@1344,90%@1344,0%@1344,0%@1344],GR3D_FREQ,55%,cpu@52.218C,soc2@49.718C,soc0@50.093C,gpu@52.437C,tj@52.437C,soc1@50.312C,VDD_IN,11630mW/7505mW,VDD_CPU_GPU_CV,4636mW/2378mW,VDD_SOC,3621mW/2771mW
07-25-2026,17:08:30,RAM,1493/7620MB,(lfb,118x4MB),SWAP,388/3810MB,(cached,2MB),CPU,[8%@1344,0%@1344,0%@1344,80%@1344,0%@1344,9%@1344],GR3D_FREQ,52%,cpu@51.781C,soc2@49.75C,soc0@50.156C,gpu@52.281C,tj@52.281C,soc1@50.031C,VDD_IN,11748mW/7529mW,VDD_CPU_GPU_CV,4715mW/2391mW,VDD_SOC,3660mW/2776mW
07-25-2026,17:08:31,RAM,1493/7620MB,(lfb,118x4MB),SWAP,388/3810MB,(cached,2MB),CPU,[0%@1344,0%@1344,0%@1344,90%@1344,0%@1344,0%@1344],GR3D_FREQ,69%,cpu@51.843C,soc2@49.718C,soc0@50.343C,gpu@52.437C,tj@52.437C,soc1@50.031C,VDD_IN,11787mW/7553mW,VDD_CPU_GPU_CV,4715mW/2404mW,VDD_SOC,3660mW/2781mW
07-25-2026,17:08:31,RAM,1493/7620MB,(lfb,118x4MB),SWAP,388/3810MB,(cached,2MB),CPU,[0%@1344,0%@1344,0%@1344,80%@1344,0%@1344,0%@1344],GR3D_FREQ,46%,cpu@52C,soc2@49.812C,soc0@50.406C,gpu@52.406C,tj@52.406C,soc1@50.218C,VDD_IN,11866mW/7577mW,VDD_CPU_GPU_CV,4794mW/2418mW,VDD_SOC,3660mW/2786mW
07-25-2026,17:08:31,RAM,1493/7620MB,(lfb,118x4MB),SWAP,388/3810MB,(cached,2MB),CPU,[0%@1344,0%@1344,0%@1344,81%@1344,0%@1344,0%@1344],GR3D_FREQ,80%,cpu@52.187C,soc2@49.843C,soc0@50.156C,gpu@52.468C,tj@52.468C,soc1@50.343C,VDD_IN,11866mW/7601mW,VDD_CPU_GPU_CV,4794mW/2431mW,VDD_SOC,3699mW/2791mW
07-25-2026,17:08:31,RAM,1493/7620MB,(lfb,118x4MB),SWAP,388/3810MB,(cached,2MB),CPU,[16%@1344,0%@1344,0%@1344,90%@1344,0%@1344,0%@1344],GR3D_FREQ,42%,cpu@51.906C,soc2@49.718C,soc0@50.187C,gpu@52.437C,tj@52.437C,soc1@50.343C,VDD_IN,11984mW/7625mW,VDD_CPU_GPU_CV,4833mW/2444mW,VDD_SOC,3699mW/2796mW
07-25-2026,17:08:31,RAM,1493/7620MB,(lfb,118x4MB),SWAP,388/3810MB,(cached,2MB),CPU,[0%@1344,0%@1344,0%@1344,81%@1344,0%@1344,0%@1344],GR3D_FREQ,84%,cpu@51.781C,soc2@49.781C,soc0@50.218C,gpu@52.375C,tj@52.375C,soc1@50.187C,VDD_IN,11906mW/7649mW,VDD_CPU_GPU_CV,4794mW/2457mW,VDD_SOC,3699mW/2801mW
07-25-2026,17:08:31,RAM,1493/7620MB,(lfb,118x4MB),SWAP,388/3810MB,(cached,2MB),CPU,[0%@1344,0%@1344,0%@1344,81%@1344,0%@1344,0%@1344],GR3D_FREQ,39%,cpu@52.031C,soc2@49.812C,soc0@50.375C,gpu@52.593C,tj@52.593C,soc1@50.125C,VDD_IN,11984mW/7673mW,VDD_CPU_GPU_CV,4833mW/2470mW,VDD_SOC,3699mW/2806mW
07-25-2026,17:08:31,RAM,1493/7620MB,(lfb,118x4MB),SWAP,388/3810MB,(cached,2MB),CPU,[0%@1344,0%@1344,0%@1344,90%@1344,0%@1344,0%@1344],GR3D_FREQ,82%,cpu@52.156C,soc2@49.843C,soc0@50.187C,gpu@52.343C,tj@52.343C,soc1@50.187C,VDD_IN,11906mW/7696mW,VDD_CPU_GPU_CV,4794mW/2483mW,VDD_SOC,3699mW/2811mW
07-25-2026,17:08:31,RAM,1493/7620MB,(lfb,118x4MB),SWAP,388/3810MB,(cached,2MB),CPU,[0%@1344,0%@1344,0%@1344,80%@1344,0%@1344,0%@1344],GR3D_FREQ,32%,cpu@51.875C,soc2@49.906C,soc0@50.187C,gpu@52.5C,tj@52.5C,soc1@50.375C,VDD_IN,11984mW/7719mW,VDD_CPU_GPU_CV,4833mW/2495mW,VDD_SOC,3699mW/2816mW
07-25-2026,17:08:31,RAM,1494/7620MB,(lfb,118x4MB),SWAP,388/3810MB,(cached,2MB),CPU,[0%@1344,0%@1344,0%@1344,83%@1344,9%@1344,0%@1344],GR3D_FREQ,76%,cpu@51.875C,soc2@49.843C,soc0@50.187C,gpu@52.5C,tj@52.5C,soc1@50.156C,VDD_IN,11945mW/7742mW,VDD_CPU_GPU_CV,4794mW/2508mW,VDD_SOC,3699mW/2820mW
07-25-2026,17:08:31,RAM,1494/7620MB,(lfb,118x4MB),SWAP,388/3810MB,(cached,2MB),CPU,[0%@1344,0%@1344,0%@1344,0%@1344,80%@1344,0%@1344],GR3D_FREQ,49%,cpu@51.968C,soc2@49.843C,soc0@50.375C,gpu@52.562C,tj@52.562C,soc1@50.187C,VDD_IN,11984mW/7764mW,VDD_CPU_GPU_CV,4794mW/2520mW,VDD_SOC,3699mW/2825mW
07-25-2026,17:08:32,RAM,1494/7620MB,(lfb,118x4MB),SWAP,388/3810MB,(cached,2MB),CPU,[0%@1344,8%@1344,0%@1344,0%@1344,90%@1344,0%@1344],GR3D_FREQ,59%,cpu@52.25C,soc2@49.937C,soc0@50.156C,gpu@52.406C,tj@52.406C,soc1@50.187C,VDD_IN,11945mW/7787mW,VDD_CPU_GPU_CV,4794mW/2532mW,VDD_SOC,3699mW/2830mW
07-25-2026,17:08:32,RAM,1494/7620MB,(lfb,118x4MB),SWAP,388/3810MB,(cached,2MB),CPU,[0%@1344,0%@1344,0%@1344,0%@1344,81%@1344,0%@1344],GR3D_FREQ,66%,cpu@52.406C,soc2@49.875C,soc0@50.25C,gpu@52.562C,tj@52.562C,soc1@50.406C,VDD_IN,11945mW/7809mW,VDD_CPU_GPU_CV,4754mW/2544mW,VDD_SOC,3699mW/2834mW
07-25-2026,17:08:32,RAM,1494/7620MB,(lfb,118x4MB),SWAP,388/3810MB,(cached,2MB),CPU,[0%@1344,0%@1344,0%@1344,0%@1344,90%@1344,0%@1344],GR3D_FREQ,6%,cpu@52.062C,soc2@49.906C,soc0@50.375C,gpu@52.218C,tj@52.218C,soc1@50.093C,VDD_IN,11590mW/7828mW,VDD_CPU_GPU_CV,4597mW/2555mW,VDD_SOC,3621mW/2838mW
07-25-2026,17:08:32,RAM,1510/7620MB,(lfb,114x4MB),SWAP,388/3810MB,(cached,2MB),CPU,[0%@1344,0%@1344,0%@1344,0%@1344,88%@1344,0%@1344],GR3D_FREQ,39%,cpu@52.031C,soc2@49.843C,soc0@50.437C,gpu@52.437C,tj@52.437C,soc1@50.187C,VDD_IN,11432mW/7847mW,VDD_CPU_GPU_CV,4519mW/2565mW,VDD_SOC,3621mW/2842mW
07-25-2026,17:08:32,RAM,1510/7620MB,(lfb,114x4MB),SWAP,388/3810MB,(cached,2MB),CPU,[0%@1344,9%@1344,0%@1344,0%@1344,83%@1344,0%@1344],GR3D_FREQ,68%,cpu@52.25C,soc2@49.875C,soc0@50.562C,gpu@52.5C,tj@52.5C,soc1@50.281C,VDD_IN,11551mW/7867mW,VDD_CPU_GPU_CV,4558mW/2575mW,VDD_SOC,3621mW/2847mW
07-25-2026,17:08:32,RAM,1510/7620MB,(lfb,114x4MB),SWAP,388/3810MB,(cached,2MB),CPU,[0%@1344,0%@1344,0%@1344,0%@1344,88%@1344,0%@1344],GR3D_FREQ,57%,cpu@52.406C,soc2@49.968C,soc0@50.312C,gpu@52.531C,tj@52.531C,soc1@50.406C,VDD_IN,11630mW/7886mW,VDD_CPU_GPU_CV,4597mW/2586mW,VDD_SOC,3660mW/2851mW
07-25-2026,17:08:32,RAM,1510/7620MB,(lfb,114x4MB),SWAP,388/3810MB,(cached,2MB),CPU,[0%@1344,0%@1344,0%@1344,0%@1344,81%@1344,0%@1344],GR3D_FREQ,50%,cpu@52.281C,soc2@49.812C,soc0@50.343C,gpu@52.375C,tj@52.375C,soc1@50.437C,VDD_IN,11708mW/7906mW,VDD_CPU_GPU_CV,4636mW/2596mW,VDD_SOC,3660mW/2855mW
07-25-2026,17:08:32,RAM,1510/7620MB,(lfb,114x4MB),SWAP,388/3810MB,(cached,2MB),CPU,[0%@1344,9%@1344,0%@1344,0%@1344,90%@1344,0%@1344],GR3D_FREQ,75%,cpu@52.125C,soc2@49.875C,soc0@50.375C,gpu@52.562C,tj@52.562C,soc1@50.25C,VDD_IN,11708mW/7925mW,VDD_CPU_GPU_CV,4636mW/2607mW,VDD_SOC,3660mW/2859mW
07-25-2026,17:08:32,RAM,1510/7620MB,(lfb,114x4MB),SWAP,388/3810MB,(cached,2MB),CPU,[9%@1344,0%@1344,0%@1344,0%@1344,81%@1344,8%@1344],GR3D_FREQ,44%,cpu@52.125C,soc2@49.875C,soc0@50.468C,gpu@52.562C,tj@52.562C,soc1@50.281C,VDD_IN,11827mW/7945mW,VDD_CPU_GPU_CV,4715mW/2618mW,VDD_SOC,3699mW/2863mW
07-25-2026,17:08:33,RAM,1510/7620MB,(lfb,114x4MB),SWAP,388/3810MB,(cached,2MB),CPU,[0%@1344,0%@1344,0%@1344,0%@1344,81%@1344,0%@1344],GR3D_FREQ,83%,cpu@52.437C,soc2@49.906C,soc0@50.312C,gpu@52.625C,tj@52.5C,soc1@50.406C,VDD_IN,11787mW/7965mW,VDD_CPU_GPU_CV,4676mW/2628mW,VDD_SOC,3660mW/2867mW
07-25-2026,17:08:33,RAM,1510/7620MB,(lfb,114x4MB),SWAP,388/3810MB,(cached,2MB),CPU,[0%@1344,0%@1344,8%@1344,0%@1344,90%@1344,0%@1344],GR3D_FREQ,37%,cpu@52.656C,soc2@50.031C,soc0@50.312C,gpu@52.687C,tj@52.687C,soc1@50.656C,VDD_IN,11906mW/7985mW,VDD_CPU_GPU_CV,4715mW/2639mW,VDD_SOC,3699mW/2872mW
07-25-2026,17:08:33,RAM,1510/7620MB,(lfb,114x4MB),SWAP,388/3810MB,(cached,2MB),CPU,[0%@1344,0%@1344,0%@1344,0%@1344,81%@1344,0%@1344],GR3D_FREQ,78%,cpu@52.343C,soc2@50C,soc0@50.406C,gpu@52.531C,tj@52.531C,soc1@50.25C,VDD_IN,11827mW/8004mW,VDD_CPU_GPU_CV,4676mW/2649mW,VDD_SOC,3660mW/2876mW
07-25-2026,17:08:33,RAM,1510/7620MB,(lfb,114x4MB),SWAP,388/3810MB,(cached,2MB),CPU,[0%@1344,0%@1344,0%@1344,0%@1344,80%@1344,0%@1344],GR3D_FREQ,40%,cpu@52.218C,soc2@50C,soc0@50.468C,gpu@52.75C,tj@52.75C,soc1@50.25C,VDD_IN,11906mW/8023mW,VDD_CPU_GPU_CV,4715mW/2659mW,VDD_SOC,3699mW/2880mW
07-25-2026,17:08:33,RAM,1510/7620MB,(lfb,114x4MB),SWAP,388/3810MB,(cached,2MB),CPU,[0%@1344,0%@1344,0%@1344,0%@1344,90%@1344,0%@1344],GR3D_FREQ,68%,cpu@52.375C,soc2@50.062C,soc0@50.562C,gpu@52.656C,tj@52.656C,soc1@50.312C,VDD_IN,11866mW/8043mW,VDD_CPU_GPU_CV,4715mW/2669mW,VDD_SOC,3699mW/2884mW
07-25-2026,17:08:33,RAM,1510/7620MB,(lfb,114x4MB),SWAP,388/3810MB,(cached,2MB),CPU,[0%@1344,0%@1344,0%@1344,0%@1344,81%@1344,0%@1344],GR3D_FREQ,57%,cpu@52.531C,soc2@50.125C,soc0@50.468C,gpu@52.625C,tj@52.625C,soc1@50.437C,VDD_IN,11866mW/8061mW,VDD_CPU_GPU_CV,4715mW/2680mW,VDD_SOC,3699mW/2888mW
07-25-2026,17:08:33,RAM,1510/7620MB,(lfb,114x4MB),SWAP,388/3810MB,(cached,2MB),CPU,[0%@1344,0%@1344,0%@1344,0%@1344,90%@1344,0%@1344],GR3D_FREQ,51%,cpu@52.312C,soc2@50.031C,soc0@50.343C,gpu@52.687C,tj@52.687C,soc1@50.687C,VDD_IN,11906mW/8080mW,VDD_CPU_GPU_CV,4754mW/2690mW,VDD_SOC,3699mW/2892mW
07-25-2026,17:08:33,RAM,1510/7620MB,(lfb,114x4MB),SWAP,388/3810MB,(cached,2MB),CPU,[0%@1344,0%@1344,0%@1344,0%@1344,81%@1344,0%@1344],GR3D_FREQ,74%,cpu@52.187C,soc2@50.031C,soc0@50.468C,gpu@52.656C,tj@52.656C,soc1@50.343C,VDD_IN,11866mW/8099mW,VDD_CPU_GPU_CV,4715mW/2700mW,VDD_SOC,3699mW/2896mW
07-25-2026,17:08:33,RAM,1510/7620MB,(lfb,114x4MB),SWAP,388/3810MB,(cached,2MB),CPU,[0%@1344,0%@1344,0%@1344,0%@1344,80%@1344,0%@1344],GR3D_FREQ,44%,cpu@52.218C,soc2@50.031C,soc0@50.531C,gpu@52.718C,tj@52.718C,soc1@50.406C,VDD_IN,11945mW/8118mW,VDD_CPU_GPU_CV,4754mW/2710mW,VDD_SOC,3699mW/2900mW
07-25-2026,17:08:33,RAM,1511/7620MB,(lfb,114x4MB),SWAP,388/3810MB,(cached,2MB),CPU,[0%@1344,0%@1344,0%@1344,0%@1344,90%@1344,0%@1344],GR3D_FREQ,84%,cpu@52.562C,soc2@50.062C,soc0@50.437C,gpu@52.687C,tj@52.687C,soc1@50.468C,VDD_IN,11866mW/8136mW,VDD_CPU_GPU_CV,4715mW/2719mW,VDD_SOC,3699mW/2904mW
07-25-2026,17:08:34,RAM,1511/7620MB,(lfb,114x4MB),SWAP,388/3810MB,(cached,2MB),CPU,[0%@1344,0%@1344,0%@1344,0%@1344,80%@1344,0%@1344],GR3D_FREQ,40%,cpu@52.281C,soc2@50.156C,soc0@50.375C,gpu@52.687C,tj@52.687C,soc1@50.656C,VDD_IN,11984mW/8154mW,VDD_CPU_GPU_CV,4754mW/2729mW,VDD_SOC,3699mW/2907mW
07-25-2026,17:08:34,RAM,1531/7620MB,(lfb,114x4MB),SWAP,388/3810MB,(cached,2MB),CPU,[9%@1344,9%@1344,9%@1344,18%@1344,90%@1344,9%@1344],GR3D_FREQ,0%,cpu@52.468C,soc2@49.937C,soc0@50.468C,gpu@52.187C,tj@52.187C,soc1@50.343C,VDD_IN,11551mW/8171mW,VDD_CPU_GPU_CV,4558mW/2738mW,VDD_SOC,3581mW/2911mW
07-25-2026,17:08:34,RAM,1575/7620MB,(lfb,111x4MB),SWAP,388/3810MB,(cached,2MB),CPU,[70%@1344,50%@1344,60%@1344,66%@1344,90%@1344,58%@1344],GR3D_FREQ,40%,cpu@52.562C,soc2@50C,soc0@50.625C,gpu@52.125C,tj@52.625C,soc1@50.437C,VDD_IN,11056mW/8185mW,VDD_CPU_GPU_CV,4329mW/2746mW,VDD_SOC,3469mW/2913mW
07-25-2026,17:08:34,RAM,1580/7620MB,(lfb,111x4MB),SWAP,388/3810MB,(cached,2MB),CPU,[90%@1344,55%@1344,72%@1344,80%@1344,80%@1344,54%@1344],GR3D_FREQ,35%,cpu@52.875C,soc2@50.093C,soc0@50.843C,gpu@52.281C,tj@52.875C,soc1@50.625C,VDD_IN,11293mW/8199mW,VDD_CPU_GPU_CV,4526mW/2754mW,VDD_SOC,3469mW/2916mW
07-25-2026,17:08:34,RAM,1582/7620MB,(lfb,111x4MB),SWAP,388/3810MB,(cached,2MB),CPU,[81%@1344,72%@1344,63%@1344,55%@1344,61%@1344,77%@1344],GR3D_FREQ,46%,cpu@53C,soc2@50C,soc0@50.468C,gpu@52.312C,tj@53C,soc1@50.437C,VDD_IN,11451mW/8215mW,VDD_CPU_GPU_CV,4676mW/2763mW,VDD_SOC,3463mW/2919mW
07-25-2026,17:08:34,RAM,1582/7620MB,(lfb,111x4MB),SWAP,388/3810MB,(cached,2MB),CPU,[77%@1344,44%@1344,40%@1344,50%@1344,100%@1344,41%@1344],GR3D_FREQ,46%,cpu@52.687C,soc2@50.093C,soc0@50.468C,gpu@52.875C,tj@52.875C,soc1@50.468C,VDD_IN,11630mW/8231mW,VDD_CPU_GPU_CV,4794mW/2773mW,VDD_SOC,3463mW/2921mW
07-25-2026,17:08:34,RAM,1582/7620MB,(lfb,111x4MB),SWAP,388/3810MB,(cached,2MB),CPU,[63%@1344,63%@1344,27%@1344,0%@1344,100%@1344,18%@1344],GR3D_FREQ,44%,cpu@52.906C,soc2@50.125C,soc0@50.687C,gpu@52.812C,tj@52.906C,soc1@50.468C,VDD_IN,11708mW/8247mW,VDD_CPU_GPU_CV,4912mW/2783mW,VDD_SOC,3463mW/2924mW
07-25-2026,17:08:34,RAM,1582/7620MB,(lfb,111x4MB),SWAP,388/3810MB,(cached,2MB),CPU,[63%@1344,72%@1344,30%@1344,20%@1344,100%@1344,20%@1344],GR3D_FREQ,43%,cpu@52.875C,soc2@50.218C,soc0@50.5C,gpu@52.406C,tj@52.875C,soc1@50.562C,VDD_IN,11748mW/8264mW,VDD_CPU_GPU_CV,4951mW/2793mW,VDD_SOC,3463mW/2926mW
07-25-2026,17:08:34,RAM,1583/7620MB,(lfb,111x4MB),SWAP,388/3810MB,(cached,2MB),CPU,[50%@1344,50%@1344,30%@1344,33%@1344,100%@1344,30%@1344],GR3D_FREQ,45%,cpu@52.968C,soc2@50.093C,soc0@50.5C,gpu@52.968C,tj@52.968C,soc1@50.781C,VDD_IN,11748mW/8280mW,VDD_CPU_GPU_CV,4990mW/2803mW,VDD_SOC,3424mW/2928mW
07-25-2026,17:08:35,RAM,1583/7620MB,(lfb,111x4MB),SWAP,388/3810MB,(cached,2MB),CPU,[50%@1344,50%@1344,27%@1344,27%@1344,100%@1344,36%@1344],GR3D_FREQ,51%,cpu@52.781C,soc2@50.062C,soc0@50.625C,gpu@52.843C,tj@52.843C,soc1@50.562C,VDD_IN,11748mW/8296mW,VDD_CPU_GPU_CV,4990mW/2813mW,VDD_SOC,3424mW/2931mW
07-25-2026,17:08:35,RAM,1583/7620MB,(lfb,111x4MB),SWAP,388/3810MB,(cached,2MB),CPU,[54%@1344,63%@1344,27%@1344,20%@1344,90%@1344,30%@1344],GR3D_FREQ,55%,cpu@52.75C,soc2@50.218C,soc0@50.75C,gpu@52.687C,tj@52.75C,soc1@50.562C,VDD_IN,11748mW/8312mW,VDD_CPU_GPU_CV,5029mW/2824mW,VDD_SOC,3424mW/2933mW
07-25-2026,17:08:35,RAM,1583/7620MB,(lfb,111x4MB),SWAP,388/3810MB,(cached,2MB),CPU,[40%@1344,45%@1344,20%@1344,22%@1344,100%@1344,40%@1344],GR3D_FREQ,53%,cpu@52.843C,soc2@50.25C,soc0@50.531C,gpu@52.5C,tj@52.718C,soc1@50.687C,VDD_IN,11748mW/8328mW,VDD_CPU_GPU_CV,5029mW/2834mW,VDD_SOC,3424mW/2935mW
07-25-2026,17:08:35,RAM,1583/7620MB,(lfb,111x4MB),SWAP,388/3810MB,(cached,2MB),CPU,[50%@1344,40%@1344,33%@1344,45%@1344,100%@1344,18%@1344],GR3D_FREQ,46%,cpu@52.656C,soc2@50.125C,soc0@50.562C,gpu@52.562C,tj@52.656C,soc1@50.5C,VDD_IN,11748mW/8343mW,VDD_CPU_GPU_CV,5029mW/2844mW,VDD_SOC,3384mW/2937mW
07-25-2026,17:08:35,RAM,1583/7620MB,(lfb,111x4MB),SWAP,388/3810MB,(cached,2MB),CPU,[40%@1344,30%@1344,10%@1344,45%@1344,100%@1344,18%@1344],GR3D_FREQ,42%,cpu@52.781C,soc2@50.187C,soc0@50.812C,gpu@53.093C,tj@53.093C,soc1@50.687C,VDD_IN,11748mW/8359mW,VDD_CPU_GPU_CV,5029mW/2854mW,VDD_SOC,3384mW/2939mW
07-25-2026,17:08:35,RAM,1583/7620MB,(lfb,111x4MB),SWAP,388/3810MB,(cached,2MB),CPU,[45%@1344,50%@1344,36%@1344,45%@1344,100%@1344,11%@1344],GR3D_FREQ,44%,cpu@52.937C,soc2@50.281C,soc0@50.5C,gpu@52.875C,tj@52.937C,soc1@50.812C,VDD_IN,11748mW/8374mW,VDD_CPU_GPU_CV,5029mW/2863mW,VDD_SOC,3384mW/2941mW
07-25-2026,17:08:35,RAM,1583/7620MB,(lfb,111x4MB),SWAP,388/3810MB,(cached,2MB),CPU,[40%@1344,30%@1344,10%@1344,40%@1344,90%@1344,18%@1344],GR3D_FREQ,48%,cpu@52.656C,soc2@50.093C,soc0@50.656C,gpu@52.625C,tj@52.656C,soc1@50.531C,VDD_IN,11748mW/8389mW,VDD_CPU_GPU_CV,5069mW/2873mW,VDD_SOC,3384mW/2943mW
07-25-2026,17:08:35,RAM,1583/7620MB,(lfb,111x4MB),SWAP,388/3810MB,(cached,2MB),CPU,[27%@1344,30%@1344,18%@1344,41%@1344,100%@1344,9%@1344],GR3D_FREQ,51%,cpu@52.625C,soc2@50.156C,soc0@50.687C,gpu@53.156C,tj@53.156C,soc1@50.625C,VDD_IN,11748mW/8404mW,VDD_CPU_GPU_CV,5069mW/2883mW,VDD_SOC,3384mW/2945mW
07-25-2026,17:08:35,RAM,1583/7620MB,(lfb,111x4MB),SWAP,388/3810MB,(cached,2MB),CPU,[40%@1344,50%@1344,18%@1344,36%@1344,100%@1344,10%@1344],GR3D_FREQ,52%,cpu@52.781C,soc2@50.343C,soc0@50.718C,gpu@52.906C,tj@52.906C,soc1@50.718C,VDD_IN,11748mW/8419mW,VDD_CPU_GPU_CV,5069mW/2893mW,VDD_SOC,3384mW/2947mW
07-25-2026,17:08:35,RAM,1583/7620MB,(lfb,111x4MB),SWAP,388/3810MB,(cached,2MB),CPU,[80%@1344,22%@1344,11%@1344,45%@1344,58%@1344,25%@1344],GR3D_FREQ,48%,cpu@53C,soc2@50.375C,soc0@50.531C,gpu@52.781C,tj@53C,soc1@50.843C,VDD_IN,11669mW/8434mW,VDD_CPU_GPU_CV,5069mW/2903mW,VDD_SOC,3345mW/2949mW
07-25-2026,17:08:36,RAM,1583/7620MB,(lfb,111x4MB),SWAP,388/3810MB,(cached,2MB),CPU,[92%@1344,40%@1344,18%@1344,44%@1344,10%@1344,45%@1344],GR3D_FREQ,51%,cpu@52.687C,soc2@50.125C,soc0@50.656C,gpu@53.125C,tj@52.718C,soc1@50.687C,VDD_IN,11669mW/8448mW,VDD_CPU_GPU_CV,5069mW/2912mW,VDD_SOC,3345mW/2951mW
07-25-2026,17:08:36,RAM,1583/7620MB,(lfb,111x4MB),SWAP,388/3810MB,(cached,2MB),CPU,[100%@1344,44%@1344,20%@1344,41%@1344,20%@1344,40%@1344],GR3D_FREQ,34%,cpu@52.75C,soc2@50.187C,soc0@50.875C,gpu@53.031C,tj@53.031C,soc1@50.687C,VDD_IN,11708mW/8462mW,VDD_CPU_GPU_CV,5069mW/2922mW,VDD_SOC,3384mW/2953mW
07-25-2026,17:08:36,RAM,1583/7620MB,(lfb,111x4MB),SWAP,388/3810MB,(cached,2MB),CPU,[100%@1344,40%@1344,25%@1344,50%@1344,10%@1344,50%@1344],GR3D_FREQ,50%,cpu@52.906C,soc2@50.375C,soc0@50.968C,gpu@52.687C,tj@52.906C,soc1@50.687C,VDD_IN,11630mW/8476mW,VDD_CPU_GPU_CV,5069mW/2931mW,VDD_SOC,3384mW/2955mW
07-25-2026,17:08:36,RAM,1583/7620MB,(lfb,111x4MB),SWAP,388/3810MB,(cached,2MB),CPU,[100%@1344,45%@1344,20%@1344,36%@1344,45%@1344,45%@1344],GR3D_FREQ,46%,cpu@53.031C,soc2@50.218C,soc0@50.687C,gpu@52.687C,tj@53.031C,soc1@50.906C,VDD_IN,11630mW/8490mW,VDD_CPU_GPU_CV,5029mW/2940mW,VDD_SOC,3384mW/2956mW
07-25-2026,17:08:36,RAM,1583/7620MB,(lfb,111x4MB),SWAP,388/3810MB,(cached,2MB),CPU,[100%@1344,36%@1344,11%@1344,20%@1344,45%@1344,40%@1344],GR3D_FREQ,43%,cpu@52.781C,soc2@50.25C,soc0@50.718C,gpu@52.593C,tj@52.781C,soc1@50.687C,VDD_IN,11630mW/8504mW,VDD_CPU_GPU_CV,5029mW/2949mW,VDD_SOC,3345mW/2958mW
07-25-2026,17:08:36,RAM,1583/7620MB,(lfb,111x4MB),SWAP,388/3810MB,(cached,2MB),CPU,[77%@1344,60%@1344,33%@1344,10%@1344,27%@1344,36%@1344],GR3D_FREQ,52%,cpu@52.875C,soc2@50.25C,soc0@50.812C,gpu@53.218C,tj@53.218C,soc1@50.75C,VDD_IN,11669mW/8517mW,VDD_CPU_GPU_CV,4990mW/2958mW,VDD_SOC,3384mW/2960mW
07-25-2026,17:08:36,RAM,1583/7620MB,(lfb,111x4MB),SWAP,388/3810MB,(cached,2MB),CPU,[91%@1344,40%@1344,25%@1344,27%@1344,40%@1344,50%@1344],GR3D_FREQ,51%,cpu@53.062C,soc2@50.406C,soc0@50.687C,gpu@53.062C,tj@53.062C,soc1@50.906C,VDD_IN,11590mW/8531mW,VDD_CPU_GPU_CV,4951mW/2967mW,VDD_SOC,3384mW/2962mW
07-25-2026,17:08:36,RAM,1583/7620MB,(lfb,111x4MB),SWAP,388/3810MB,(cached,2MB),CPU,[100%@1344,63%@1344,30%@1344,63%@1344,36%@1344,72%@1344],GR3D_FREQ,52%,cpu@52.875C,soc2@50.312C,soc0@50.656C,gpu@52.875C,tj@52.875C,soc1@50.687C,VDD_IN,11708mW/8544mW,VDD_CPU_GPU_CV,4990mW/2976mW,VDD_SOC,3384mW/2964mW
07-25-2026,17:08:36,RAM,1584/7620MB,(lfb,111x4MB),SWAP,388/3810MB,(cached,2MB),CPU,[100%@1344,33%@1344,40%@1344,60%@1344,60%@1344,72%@1344],GR3D_FREQ,39%,cpu@53.031C,soc2@50.281C,soc0@50.875C,gpu@52.656C,tj@53.031C,soc1@50.718C,VDD_IN,11708mW/8558mW,VDD_CPU_GPU_CV,4951mW/2984mW,VDD_SOC,3424mW/2966mW
07-25-2026,17:08:37,RAM,1584/7620MB,(lfb,111x4MB),SWAP,388/3810MB,(cached,2MB),CPU,[100%@1344,60%@1344,54%@1344,45%@1344,58%@1344,70%@1344],GR3D_FREQ,35%,cpu@53.093C,soc2@50.468C,soc0@50.625C,gpu@52.562C,tj@53.093C,soc1@50.906C,VDD_IN,11748mW/8571mW,VDD_CPU_GPU_CV,4990mW/2993mW,VDD_SOC,3424mW/2968mW
07-25-2026,17:08:37,RAM,1584/7620MB,(lfb,111x4MB),SWAP,388/3810MB,(cached,2MB),CPU,[100%@1344,45%@1344,36%@1344,30%@1344,80%@1344,70%@1344],GR3D_FREQ,49%,cpu@53.187C,soc2@50.312C,soc0@50.687C,gpu@52.843C,tj@53.187C,soc1@50.687C,VDD_IN,11827mW/8585mW,VDD_CPU_GPU_CV,4990mW/3001mW,VDD_SOC,3424mW/2970mW
07-25-2026,17:08:37,RAM,1584/7620MB,(lfb,111x4MB),SWAP,388/3810MB,(cached,2MB),CPU,[100%@1344,54%@1344,44%@1344,36%@1344,66%@1344,72%@1344],GR3D_FREQ,44%,cpu@53.031C,soc2@50.312C,soc0@50.812C,gpu@52.687C,tj@53.187C,soc1@50.781C,VDD_IN,11866mW/8599mW,VDD_CPU_GPU_CV,4990mW/3009mW,VDD_SOC,3463mW/2972mW
07-25-2026,17:08:37,RAM,1584/7620MB,(lfb,111x4MB),SWAP,388/3810MB,(cached,2MB),CPU,[100%@1344,50%@1344,54%@1344,30%@1344,55%@1344,80%@1344],GR3D_FREQ,34%,cpu@53.093C,soc2@50.437C,soc0@51C,gpu@52.625C,tj@53.5C,soc1@50.906C,VDD_IN,11866mW/8613mW,VDD_CPU_GPU_CV,4990mW/3018mW,VDD_SOC,3463mW/2974mW
07-25-2026,17:08:37,RAM,1584/7620MB,(lfb,111x4MB),SWAP,388/3810MB,(cached,2MB),CPU,[100%@1344,45%@1344,54%@1344,45%@1344,58%@1344,69%@1344],GR3D_FREQ,41%,cpu@53C,soc2@50.343C,soc0@50.843C,gpu@52.781C,tj@53.218C,soc1@50.687C,VDD_IN,11866mW/8626mW,VDD_CPU_GPU_CV,4990mW/3026mW,VDD_SOC,3463mW/2976mW
07-25-2026,17:08:37,RAM,1584/7620MB,(lfb,111x4MB),SWAP,388/3810MB,(cached,2MB),CPU,[100%@1344,63%@1344,70%@1344,20%@1344,41%@1344,70%@1344],GR3D_FREQ,41%,cpu@53.281C,soc2@50.437C,soc0@50.718C,gpu@53C,tj@53.281C,soc1@50.843C,VDD_IN,11945mW/8640mW,VDD_CPU_GPU_CV,5029mW/3034mW,VDD_SOC,3463mW/2978mW
07-25-2026,17:08:37,RAM,1584/7620MB,(lfb,111x4MB),SWAP,388/3810MB,(cached,2MB),CPU,[100%@1344,54%@1344,45%@1344,58%@1344,45%@1344,72%@1344],GR3D_FREQ,50%,cpu@53.312C,soc2@50.375C,soc0@50.812C,gpu@52.812C,tj@53.312C,soc1@50.718C,VDD_IN,11906mW/8654mW,VDD_CPU_GPU_CV,5029mW/3043mW,VDD_SOC,3463mW/2980mW
07-25-2026,17:08:37,RAM,1584/7620MB,(lfb,111x4MB),SWAP,388/3810MB,(cached,2MB),CPU,[100%@1344,44%@1344,40%@1344,60%@1344,50%@1344,77%@1344],GR3D_FREQ,32%,cpu@53.125C,soc2@50.406C,soc0@50.843C,gpu@52.687C,tj@53.125C,soc1@50.906C,VDD_IN,11906mW/8667mW,VDD_CPU_GPU_CV,4990mW/3051mW,VDD_SOC,3463mW/2982mW
07-25-2026,17:08:37,RAM,1584/7620MB,(lfb,111x4MB),SWAP,388/3810MB,(cached,2MB),CPU,[100%@1344,45%@1344,63%@1344,40%@1344,30%@1344,75%@1344],GR3D_FREQ,37%,cpu@53.343C,soc2@50.562C,soc0@51.125C,gpu@52.625C,tj@53.343C,soc1@51.062C,VDD_IN,11945mW/8681mW,VDD_CPU_GPU_CV,4990mW/3059mW,VDD_SOC,3463mW/2984mW
07-25-2026,17:08:37,RAM,1584/7620MB,(lfb,111x4MB),SWAP,388/3810MB,(cached,2MB),CPU,[100%@1344,50%@1344,45%@1344,58%@1344,50%@1344,70%@1344],GR3D_FREQ,50%,cpu@53.187C,soc2@50.375C,soc0@50.75C,gpu@52.593C,tj@53.187C,soc1@51.187C,VDD_IN,11906mW/8694mW,VDD_CPU_GPU_CV,4990mW/3067mW,VDD_SOC,3463mW/2986mW
07-25-2026,17:08:38,RAM,1584/7620MB,(lfb,111x4MB),SWAP,388/3810MB,(cached,2MB),CPU,[100%@1344,30%@1344,50%@1344,50%@1344,54%@1344,63%@1344],GR3D_FREQ,33%,cpu@53C,soc2@50.468C,soc0@50.937C,gpu@52.718C,tj@53C,soc1@50.812C,VDD_IN,11866mW/8707mW,VDD_CPU_GPU_CV,4990mW/3074mW,VDD_SOC,3463mW/2988mW
07-25-2026,17:08:38,RAM,1584/7620MB,(lfb,111x4MB),SWAP,388/3810MB,(cached,2MB),CPU,[100%@1344,45%@1344,58%@1344,40%@1344,70%@1344,72%@1344],GR3D_FREQ,41%,cpu@53.218C,soc2@50.468C,soc0@51.093C,gpu@52.812C,tj@53.218C,soc1@50.937C,VDD_IN,11866mW/8720mW,VDD_CPU_GPU_CV,4990mW/3082mW,VDD_SOC,3463mW/2990mW
07-25-2026,17:08:38,RAM,1584/7620MB,(lfb,111x4MB),SWAP,388/3810MB,(cached,2MB),CPU,[100%@1344,50%@1344,60%@1344,36%@1344,66%@1344,70%@1344],GR3D_FREQ,50%,cpu@53.562C,soc2@50.562C,soc0@50.781C,gpu@52.718C,tj@53.562C,soc1@51.125C,VDD_IN,11945mW/8733mW,VDD_CPU_GPU_CV,5029mW/3090mW,VDD_SOC,3463mW/2991mW
07-25-2026,17:08:38,RAM,1585/7620MB,(lfb,111x4MB),SWAP,388/3810MB,(cached,2MB),CPU,[100%@1344,55%@1344,70%@1344,33%@1344,60%@1344,81%@1344],GR3D_FREQ,33%,cpu@53.125C,soc2@50.468C,soc0@50.906C,gpu@53.156C,tj@53.156C,soc1@50.843C,VDD_IN,11984mW/8746mW,VDD_CPU_GPU_CV,5069mW/3098mW,VDD_SOC,3463mW/2993mW
07-25-2026,17:08:38,RAM,1585/7620MB,(lfb,111x4MB),SWAP,388/3810MB,(cached,2MB),CPU,[100%@1344,18%@1344,72%@1344,25%@1344,22%@1344,40%@1344],GR3D_FREQ,34%,cpu@53.031C,soc2@50.468C,soc0@51.031C,gpu@53.093C,tj@53.093C,soc1@50.875C,VDD_IN,11906mW/8758mW,VDD_CPU_GPU_CV,5069mW/3106mW,VDD_SOC,3463mW/2995mW
07-25-2026,17:08:38,RAM,1585/7620MB,(lfb,111x4MB),SWAP,388/3810MB,(cached,2MB),CPU,[100%@1344,30%@1344,54%@1344,20%@1344,10%@1344,45%@1344],GR3D_FREQ,56%,cpu@53.187C,soc2@50.468C,soc0@50.906C,gpu@52.812C,tj@53.187C,soc1@51.031C,VDD_IN,11827mW/8771mW,VDD_CPU_GPU_CV,5029mW/3114mW,VDD_SOC,3424mW/2997mW
07-25-2026,17:08:38,RAM,1585/7620MB,(lfb,111x4MB),SWAP,388/3810MB,(cached,2MB),CPU,[100%@1344,30%@1344,40%@1344,18%@1344,45%@1344,50%@1344],GR3D_FREQ,46%,cpu@53.25C,soc2@50.562C,soc0@50.843C,gpu@52.843C,tj@53.25C,soc1@51.187C,VDD_IN,11866mW/8783mW,VDD_CPU_GPU_CV,5029mW/3121mW,VDD_SOC,3424mW/2999mW
07-25-2026,17:08:38,RAM,1585/7620MB,(lfb,111x4MB),SWAP,388/3810MB,(cached,2MB),CPU,[100%@1344,36%@1344,50%@1344,20%@1344,27%@1344,40%@1344],GR3D_FREQ,42%,cpu@52.968C,soc2@50.468C,soc0@51C,gpu@52.875C,tj@52.968C,soc1@50.906C,VDD_IN,11866mW/8795mW,VDD_CPU_GPU_CV,5029mW/3129mW,VDD_SOC,3424mW/3000mW
07-25-2026,17:08:38,RAM,1586/7620MB,(lfb,111x4MB),SWAP,388/3810MB,(cached,2MB),CPU,[90%@1344,27%@1344,36%@1344,18%@1344,54%@1344,50%@1344],GR3D_FREQ,47%,cpu@53.125C,soc2@50.531C,soc0@51.031C,gpu@53C,tj@53.125C,soc1@51C,VDD_IN,11906mW/8808mW,VDD_CPU_GPU_CV,5029mW/3136mW,VDD_SOC,3424mW/3002mW
07-25-2026,17:08:39,RAM,1586/7620MB,(lfb,111x4MB),SWAP,388/3810MB,(cached,2MB),CPU,[100%@1344,10%@1344,50%@1344,20%@1344,40%@1344,45%@1344],GR3D_FREQ,54%,cpu@53.187C,soc2@50.562C,soc0@50.906C,gpu@52.843C,tj@53.187C,soc1@51.062C,VDD_IN,11906mW/8820mW,VDD_CPU_GPU_CV,4990mW/3144mW,VDD_SOC,3384mW/3004mW
07-25-2026,17:08:39,RAM,1586/7620MB,(lfb,111x4MB),SWAP,388/3810MB,(cached,2MB),CPU,[100%@1344,30%@1344,45%@1344,20%@1344,27%@1344,50%@1344],GR3D_FREQ,41%,cpu@53.25C,soc2@50.531C,soc0@50.968C,gpu@52.843C,tj@53.25C,soc1@50.906C,VDD_IN,11906mW/8832mW,VDD_CPU_GPU_CV,4990mW/3151mW,VDD_SOC,3384mW/3005mW
07-25-2026,17:08:39,RAM,1586/7620MB,(lfb,111x4MB),SWAP,388/3810MB,(cached,2MB),CPU,[100%@1344,18%@1344,63%@1344,36%@1344,40%@1344,18%@1344],GR3D_FREQ,44%,cpu@53.031C,soc2@50.531C,soc0@50.968C,gpu@53.343C,tj@53.343C,soc1@50.937C,VDD_IN,11906mW/8844mW,VDD_CPU_GPU_CV,5029mW/3158mW,VDD_SOC,3384mW/3007mW
07-25-2026,17:08:39,RAM,1586/7620MB,(lfb,111x4MB),SWAP,388/3810MB,(cached,2MB),CPU,[100%@1344,22%@1344,30%@1344,18%@1344,60%@1344,30%@1344],GR3D_FREQ,58%,cpu@53.093C,soc2@50.718C,soc0@51.125C,gpu@53.187C,tj@53.187C,soc1@51.125C,VDD_IN,11866mW/8856mW,VDD_CPU_GPU_CV,5029mW/3166mW,VDD_SOC,3384mW/3008mW
07-25-2026,17:08:39,RAM,1586/7620MB,(lfb,111x4MB),SWAP,388/3810MB,(cached,2MB),CPU,[100%@1344,20%@1344,60%@1344,20%@1344,45%@1344,18%@1344],GR3D_FREQ,46%,cpu@53.062C,soc2@50.781C,soc0@50.968C,gpu@52.875C,tj@53.062C,soc1@51.218C,VDD_IN,11866mW/8867mW,VDD_CPU_GPU_CV,4990mW/3173mW,VDD_SOC,3384mW/3009mW
07-25-2026,17:08:39,RAM,1586/7620MB,(lfb,111x4MB),SWAP,388/3810MB,(cached,2MB),CPU,[100%@1344,9%@1344,70%@1344,27%@1344,45%@1344,20%@1344],GR3D_FREQ,42%,cpu@52.906C,soc2@50.593C,soc0@51C,gpu@53.218C,tj@53.218C,soc1@50.937C,VDD_IN,11866mW/8879mW,VDD_CPU_GPU_CV,5029mW/3180mW,VDD_SOC,3384mW/3011mW
07-25-2026,17:08:39,RAM,1586/7620MB,(lfb,111x4MB),SWAP,388/3810MB,(cached,2MB),CPU,[91%@1344,18%@1344,20%@1344,83%@1344,45%@1344,27%@1344],GR3D_FREQ,48%,cpu@52.968C,soc2@50.562C,soc0@51.093C,gpu@53.25C,tj@53.25C,soc1@51.062C,VDD_IN,11827mW/8890mW,VDD_CPU_GPU_CV,5069mW/3187mW,VDD_SOC,3424mW/3012mW
07-25-2026,17:08:39,RAM,1586/7620MB,(lfb,111x4MB),SWAP,388/3810MB,(cached,2MB),CPU,[100%@1344,11%@1344,33%@1344,66%@1344,44%@1344,10%@1344],GR3D_FREQ,55%,cpu@53.312C,soc2@50.718C,soc0@51.031C,gpu@53.093C,tj@53.312C,soc1@51.187C,VDD_IN,11866mW/8902mW,VDD_CPU_GPU_CV,5069mW/3194mW,VDD_SOC,3384mW/3014mW
07-25-2026,17:08:39,RAM,1586/7620MB,(lfb,111x4MB),SWAP,388/3810MB,(cached,2MB),CPU,[100%@1344,18%@1344,45%@1344,63%@1344,45%@1344,18%@1344],GR3D_FREQ,52%,cpu@53.125C,soc2@50.687C,soc0@51.031C,gpu@53.156C,tj@53.156C,soc1@51.375C,VDD_IN,11906mW/8913mW,VDD_CPU_GPU_CV,5069mW/3201mW,VDD_SOC,3384mW/3015mW
07-25-2026,17:08:39,RAM,1586/7620MB,(lfb,111x4MB),SWAP,388/3810MB,(cached,2MB),CPU,[100%@1344,18%@1344,40%@1344,72%@1344,58%@1344,27%@1344],GR3D_FREQ,38%,cpu@52.906C,soc2@50.531C,soc0@51.093C,gpu@53.156C,tj@53.156C,soc1@51.062C,VDD_IN,11866mW/8924mW,VDD_CPU_GPU_CV,5069mW/3208mW,VDD_SOC,3424mW/3017mW
07-25-2026,17:08:40,RAM,1586/7620MB,(lfb,111x4MB),SWAP,388/3810MB,(cached,2MB),CPU,[100%@1344,18%@1344,63%@1344,30%@1344,33%@1344,20%@1344],GR3D_FREQ,43%,cpu@53.156C,soc2@50.625C,soc0@51.156C,gpu@53.125C,tj@53.156C,soc1@51.187C,VDD_IN,11906mW/8936mW,VDD_CPU_GPU_CV,5069mW/3216mW,VDD_SOC,3384mW/3018mW
07-25-2026,17:08:40,RAM,1586/7620MB,(lfb,111x4MB),SWAP,388/3810MB,(cached,2MB),CPU,[100%@1344,10%@1344,63%@1344,40%@1344,50%@1344,18%@1344],GR3D_FREQ,55%,cpu@53.312C,soc2@50.812C,soc0@51C,gpu@53.062C,tj@53.312C,soc1@51.25C,VDD_IN,11945mW/8947mW,VDD_CPU_GPU_CV,5069mW/3223mW,VDD_SOC,3384mW/3020mW
07-25-2026,17:08:40,RAM,1586/7620MB,(lfb,111x4MB),SWAP,388/3810MB,(cached,2MB),CPU,[100%@1344,20%@1344,36%@1344,54%@1344,50%@1344,20%@1344],GR3D_FREQ,56%,cpu@53.437C,soc2@50.656C,soc0@51.125C,gpu@53.062C,tj@53.437C,soc1@51C,VDD_IN,11984mW/8958mW,VDD_CPU_GPU_CV,5069mW/3229mW,VDD_SOC,3384mW/3021mW
07-25-2026,17:08:40,RAM,1586/7620MB,(lfb,111x4MB),SWAP,388/3810MB,(cached,2MB),CPU,[90%@1344,9%@1344,58%@1344,63%@1344,27%@1344,27%@1344],GR3D_FREQ,46%,cpu@53.031C,soc2@50.625C,soc0@51.031C,gpu@53.531C,tj@53.531C,soc1@51.062C,VDD_IN,11945mW/8970mW,VDD_CPU_GPU_CV,5069mW/3236mW,VDD_SOC,3424mW/3023mW
07-25-2026,17:08:40,RAM,1586/7620MB,(lfb,111x4MB),SWAP,388/3810MB,(cached,2MB),CPU,[100%@1344,11%@1344,70%@1344,45%@1344,11%@1344,18%@1344],GR3D_FREQ,43%,cpu@53.125C,soc2@50.75C,soc0@51.312C,gpu@53.031C,tj@53.125C,soc1@51.187C,VDD_IN,11906mW/8981mW,VDD_CPU_GPU_CV,5069mW/3243mW,VDD_SOC,3384mW/3024mW
07-25-2026,17:08:40,RAM,1586/7620MB,(lfb,111x4MB),SWAP,388/3810MB,(cached,2MB),CPU,[100%@1344,20%@1344,63%@1344,60%@1344,50%@1344,27%@1344],GR3D_FREQ,35%,cpu@53.437C,soc2@50.906C,soc0@50.968C,gpu@53.125C,tj@53.437C,soc1@51.312C,VDD_IN,11866mW/8991mW,VDD_CPU_GPU_CV,5069mW/3250mW,VDD_SOC,3424mW/3025mW
07-25-2026,17:08:40,RAM,1592/7620MB,(lfb,111x4MB),SWAP,388/3810MB,(cached,2MB),CPU,[100%@1344,36%@1344,66%@1344,72%@1344,50%@1344,20%@1344],GR3D_FREQ,37%,cpu@53.25C,soc2@50.687C,soc0@51.125C,gpu@53.375C,tj@53.375C,soc1@51.062C,VDD_IN,11945mW/9002mW,VDD_CPU_GPU_CV,4990mW/3256mW,VDD_SOC,3424mW/3027mW
07-25-2026,17:08:40,RAM,1600/7620MB,(lfb,111x4MB),SWAP,388/3810MB,(cached,2MB),CPU,[100%@1344,22%@1344,54%@1344,75%@1344,63%@1344,38%@1344],GR3D_FREQ,41%,cpu@53.281C,soc2@50.75C,soc0@51.156C,gpu@53.187C,tj@53.281C,soc1@51.187C,VDD_IN,11984mW/9013mW,VDD_CPU_GPU_CV,4990mW/3263mW,VDD_SOC,3463mW/3028mW
07-25-2026,17:08:40,RAM,1606/7620MB,(lfb,111x4MB),SWAP,388/3810MB,(cached,2MB),CPU,[100%@1344,33%@1344,60%@1344,77%@1344,72%@1344,10%@1344],GR3D_FREQ,52%,cpu@53.625C,soc2@50.937C,soc0@51.406C,gpu@53.156C,tj@53.625C,soc1@51.25C,VDD_IN,11984mW/9024mW,VDD_CPU_GPU_CV,4990mW/3269mW,VDD_SOC,3463mW/3030mW
07-25-2026,17:08:41,RAM,1614/7620MB,(lfb,111x4MB),SWAP,388/3810MB,(cached,2MB),CPU,[100%@1344,20%@1344,54%@1344,30%@1344,75%@1344,72%@1344],GR3D_FREQ,48%,cpu@53.5C,soc2@50.75C,soc0@51.125C,gpu@53.093C,tj@53.5C,soc1@51.125C,VDD_IN,12024mW/9035mW,VDD_CPU_GPU_CV,4990mW/3275mW,VDD_SOC,3503mW/3032mW
07-25-2026,17:08:41,RAM,1620/7620MB,(lfb,111x4MB),SWAP,388/3810MB,(cached,2MB),CPU,[100%@1344,33%@1344,70%@1344,53%@1344,45%@1344,54%@1344],GR3D_FREQ,35%,cpu@53.343C,soc2@50.718C,soc0@51.156C,gpu@52.968C,tj@53.343C,soc1@51.187C,VDD_IN,11984mW/9046mW,VDD_CPU_GPU_CV,4990mW/3282mW,VDD_SOC,3463mW/3033mW
07-25-2026,17:08:41,RAM,1625/7620MB,(lfb,110x4MB),SWAP,388/3810MB,(cached,2MB),CPU,[100%@1344,18%@1344,45%@1344,36%@1344,11%@1344,40%@1344],GR3D_FREQ,46%,cpu@53.218C,soc2@50.875C,soc0@51.437C,gpu@53.625C,tj@53.625C,soc1@51.25C,VDD_IN,11945mW/9056mW,VDD_CPU_GPU_CV,5029mW/3288mW,VDD_SOC,3463mW/3035mW
07-25-2026,17:08:41,RAM,1630/7620MB,(lfb,109x4MB),SWAP,388/3810MB,(cached,2MB),CPU,[100%@1344,10%@1344,45%@1344,27%@1344,27%@1344,40%@1344],GR3D_FREQ,49%,cpu@53.25C,soc2@50.875C,soc0@51.156C,gpu@53.406C,tj@53.406C,soc1@51.437C,VDD_IN,11906mW/9067mW,VDD_CPU_GPU_CV,5029mW/3294mW,VDD_SOC,3463mW/3036mW
07-25-2026,17:08:41,RAM,1635/7620MB,(lfb,109x4MB),SWAP,388/3810MB,(cached,2MB),CPU,[100%@1344,18%@1344,50%@1344,30%@1344,10%@1344,54%@1344],GR3D_FREQ,45%,cpu@53.218C,soc2@50.906C,soc0@51.281C,gpu@53.156C,tj@53.218C,soc1@51.187C,VDD_IN,11866mW/9077mW,VDD_CPU_GPU_CV,5029mW/3301mW,VDD_SOC,3463mW/3038mW
07-25-2026,17:08:41,RAM,1639/7620MB,(lfb,109x4MB),SWAP,388/3810MB,(cached,2MB),CPU,[60%@1344,50%@1344,40%@1344,40%@1344,0%@1344,50%@1344],GR3D_FREQ,47%,cpu@53.25C,soc2@50.75C,soc0@51.343C,gpu@53.562C,tj@53.562C,soc1@51.281C,VDD_IN,11827mW/9087mW,VDD_CPU_GPU_CV,5029mW/3307mW,VDD_SOC,3463mW/3040mW
07-25-2026,17:08:41,RAM,1644/7620MB,(lfb,109x4MB),SWAP,388/3810MB,(cached,2MB),CPU,[18%@1344,100%@1344,54%@1344,36%@1344,20%@1344,40%@1344],GR3D_FREQ,51%,cpu@53.656C,soc2@50.875C,soc0@51.406C,gpu@53.468C,tj@53.656C,soc1@51.343C,VDD_IN,11866mW/9097mW,VDD_CPU_GPU_CV,5029mW/3313mW,VDD_SOC,3463mW/3041mW
07-25-2026,17:08:41,RAM,1648/7620MB,(lfb,109x4MB),SWAP,388/3810MB,(cached,2MB),CPU,[27%@1344,100%@1344,40%@1344,40%@1344,10%@1344,36%@1344],GR3D_FREQ,54%,cpu@53.25C,soc2@50.843C,soc0@51.187C,gpu@53.25C,tj@53.25C,soc1@51.437C,VDD_IN,11906mW/9107mW,VDD_CPU_GPU_CV,4990mW/3319mW,VDD_SOC,3424mW/3042mW
07-25-2026,17:08:41,RAM,1653/7620MB,(lfb,109x4MB),SWAP,388/3810MB,(cached,2MB),CPU,[10%@1344,91%@1344,50%@1344,54%@1344,9%@1344,36%@1344],GR3D_FREQ,55%,cpu@53.343C,soc2@50.75C,soc0@51.187C,gpu@53.656C,tj@53.656C,soc1@51.281C,VDD_IN,11866mW/9117mW,VDD_CPU_GPU_CV,4990mW/3325mW,VDD_SOC,3424mW/3044mW
07-25-2026,17:08:41,RAM,1657/7620MB,(lfb,109x4MB),SWAP,388/3810MB,(cached,2MB),CPU,[27%@1344,100%@1344,45%@1344,54%@1344,25%@1344,54%@1344],GR3D_FREQ,54%,cpu@53.312C,soc2@50.875C,soc0@51.437C,gpu@53.437C,tj@53.437C,soc1@51.343C,VDD_IN,11906mW/9126mW,VDD_CPU_GPU_CV,5029mW/3331mW,VDD_SOC,3424mW/3045mW
07-25-2026,17:08:42,RAM,1661/7620MB,(lfb,109x4MB),SWAP,388/3810MB,(cached,2MB),CPU,[18%@1344,100%@1344,45%@1344,36%@1344,22%@1344,40%@1344],GR3D_FREQ,50%,cpu@53.562C,soc2@50.937C,soc0@51.218C,gpu@53.281C,tj@53.562C,soc1@51.343C,VDD_IN,11906mW/9136mW,VDD_CPU_GPU_CV,5029mW/3337mW,VDD_SOC,3424mW/3046mW
07-25-2026,17:08:42,RAM,1666/7620MB,(lfb,109x4MB),SWAP,388/3810MB,(cached,2MB),CPU,[10%@1344,100%@1344,45%@1344,36%@1344,9%@1344,40%@1344],GR3D_FREQ,45%,cpu@53.843C,soc2@50.812C,soc0@51.156C,gpu@53.187C,tj@53.843C,soc1@51.531C,VDD_IN,11866mW/9146mW,VDD_CPU_GPU_CV,5029mW/3343mW,VDD_SOC,3424mW/3048mW
07-25-2026,17:08:42,RAM,1670/7620MB,(lfb,109x4MB),SWAP,388/3810MB,(cached,2MB),CPU,[80%@1344,20%@1344,50%@1344,30%@1344,72%@1344,10%@1344],GR3D_FREQ,38%,cpu@53.125C,soc2@50.843C,soc0@51.343C,gpu@53.562C,tj@53.562C,soc1@51.218C,VDD_IN,11866mW/9155mW,VDD_CPU_GPU_CV,5029mW/3349mW,VDD_SOC,3424mW/3049mW
07-25-2026,17:08:42,RAM,1675/7620MB,(lfb,109x4MB),SWAP,388/3810MB,(cached,2MB),CPU,[100%@1344,18%@1344,40%@1344,41%@1344,41%@1344,33%@1344],GR3D_FREQ,44%,cpu@53.437C,soc2@50.906C,soc0@51.468C,gpu@53.406C,tj@53.437C,soc1@51.281C,VDD_IN,11906mW/9165mW,VDD_CPU_GPU_CV,5029mW/3355mW,VDD_SOC,3424mW/3050mW
07-25-2026,17:08:42,RAM,1679/7620MB,(lfb,109x4MB),SWAP,388/3810MB,(cached,2MB),CPU,[100%@1344,11%@1344,45%@1344,22%@1344,50%@1344,27%@1344],GR3D_FREQ,57%,cpu@53.437C,soc2@50.968C,soc0@51.156C,gpu@53.281C,tj@53.437C,soc1@51.343C,VDD_IN,11827mW/9174mW,VDD_CPU_GPU_CV,5029mW/3361mW,VDD_SOC,3424mW/3052mW
07-25-2026,17:08:42,RAM,1683/7620MB,(lfb,109x4MB),SWAP,388/3810MB,(cached,2MB),CPU,[90%@1344,18%@1344,40%@1344,9%@1344,50%@1344,22%@1344],GR3D_FREQ,52%,cpu@53.562C,soc2@50.906C,soc0@51.281C,gpu@53.312C,tj@53.562C,soc1@51.218C,VDD_IN,11827mW/9184mW,VDD_CPU_GPU_CV,4990mW/3366mW,VDD_SOC,3384mW/3053mW
07-25-2026,17:08:42,RAM,1687/7620MB,(lfb,109x4MB),SWAP,388/3810MB,(cached,2MB),CPU,[100%@1344,20%@1344,50%@1344,18%@1344,60%@1344,27%@1344],GR3D_FREQ,44%,cpu@53.343C,soc2@50.937C,soc0@51.437C,gpu@53.656C,tj@53.656C,soc1@51.343C,VDD_IN,11866mW/9193mW,VDD_CPU_GPU_CV,4990mW/3372mW,VDD_SOC,3384mW/3054mW
07-25-2026,17:08:42,RAM,1692/7620MB,(lfb,109x4MB),SWAP,388/3810MB,(cached,2MB),CPU,[100%@1344,18%@1344,45%@1344,10%@1344,69%@1344,27%@1344],GR3D_FREQ,45%,cpu@53.375C,soc2@51C,soc0@51.593C,gpu@53.593C,tj@53.593C,soc1@51.437C,VDD_IN,11866mW/9202mW,VDD_CPU_GPU_CV,4990mW/3377mW,VDD_SOC,3384mW/3055mW
07-25-2026,17:08:42,RAM,1694/7620MB,(lfb,109x4MB),SWAP,388/3810MB,(cached,2MB),CPU,[100%@1344,10%@1344,44%@1344,0%@1344,40%@1344,40%@1344],GR3D_FREQ,54%,cpu@53.531C,soc2@50.906C,soc0@51.312C,gpu@53.437C,tj@53.531C,soc1@51.312C,VDD_IN,11906mW/9211mW,VDD_CPU_GPU_CV,4990mW/3383mW,VDD_SOC,3384mW/3056mW
07-25-2026,17:08:43,RAM,1699/7620MB,(lfb,109x4MB),SWAP,388/3810MB,(cached,2MB),CPU,[100%@1344,20%@1344,27%@1344,50%@1344,50%@1344,36%@1344],GR3D_FREQ,43%,cpu@53.343C,soc2@50.937C,soc0@51.218C,gpu@53.312C,tj@53.343C,soc1@51.281C,VDD_IN,11866mW/9220mW,VDD_CPU_GPU_CV,4990mW/3389mW,VDD_SOC,3384mW/3057mW
07-25-2026,17:08:43,RAM,1704/7620MB,(lfb,109x4MB),SWAP,388/3810MB,(cached,2MB),CPU,[100%@1344,25%@1344,10%@1344,45%@1344,45%@1344,40%@1344],GR3D_FREQ,34%,cpu@53.343C,soc2@50.937C,soc0@51.468C,gpu@53.468C,tj@53.468C,soc1@51.343C,VDD_IN,11866mW/9229mW,VDD_CPU_GPU_CV,4990mW/3394mW,VDD_SOC,3384mW/3059mW
07-25-2026,17:08:43,RAM,1708/7620MB,(lfb,109x4MB),SWAP,388/3810MB,(cached,2MB),CPU,[100%@1344,10%@1344,16%@1344,40%@1344,63%@1344,27%@1344],GR3D_FREQ,45%,cpu@53.562C,soc2@51C,soc0@51.25C,gpu@53.406C,tj@53.562C,soc1@51.531C,VDD_IN,11866mW/9238mW,VDD_CPU_GPU_CV,4990mW/3399mW,VDD_SOC,3384mW/3060mW
07-25-2026,17:08:43,RAM,1712/7620MB,(lfb,109x4MB),SWAP,388/3810MB,(cached,2MB),CPU,[91%@1344,20%@1344,18%@1344,50%@1344,50%@1344,36%@1344],GR3D_FREQ,55%,cpu@53.468C,soc2@50.937C,soc0@51.375C,gpu@53.25C,tj@53.468C,soc1@51.531C,VDD_IN,11866mW/9247mW,VDD_CPU_GPU_CV,4990mW/3405mW,VDD_SOC,3384mW/3061mW
07-25-2026,17:08:43,RAM,1717/7620MB,(lfb,109x4MB),SWAP,388/3810MB,(cached,2MB),CPU,[100%@1344,18%@1344,10%@1344,40%@1344,54%@1344,30%@1344],GR3D_FREQ,45%,cpu@53.406C,soc2@51.031C,soc0@51.437C,gpu@53.218C,tj@53.406C,soc1@51.25C,VDD_IN,11866mW/9256mW,VDD_CPU_GPU_CV,4990mW/3410mW,VDD_SOC,3384mW/3062mW
07-25-2026,17:08:43,RAM,1720/7620MB,(lfb,109x4MB),SWAP,388/3810MB,(cached,2MB),CPU,[100%@1344,18%@1344,10%@1344,40%@1344,50%@1344,30%@1344],GR3D_FREQ,40%,cpu@53.281C,soc2@51C,soc0@51.531C,gpu@53.812C,tj@53.812C,soc1@51.375C,VDD_IN,11866mW/9265mW,VDD_CPU_GPU_CV,4990mW/3415mW,VDD_SOC,3384mW/3063mW
07-25-2026,17:08:43,RAM,1724/7620MB,(lfb,109x4MB),SWAP,388/3810MB,(cached,2MB),CPU,[100%@1344,11%@1344,10%@1344,40%@1344,54%@1344,16%@1344],GR3D_FREQ,51%,cpu@53.375C,soc2@51.125C,soc0@51.375C,gpu@53.5C,tj@53.5C,soc1@51.5C,VDD_IN,11827mW/9274mW,VDD_CPU_GPU_CV,4990mW/3421mW,VDD_SOC,3384mW/3064mW
07-25-2026,17:08:43,RAM,1728/7620MB,(lfb,109x4MB),SWAP,388/3810MB,(cached,2MB),CPU,[100%@1344,25%@1344,18%@1344,45%@1344,63%@1344,10%@1344],GR3D_FREQ,52%,cpu@53.562C,soc2@50.937C,soc0@51.343C,gpu@53.343C,tj@53.343C,soc1@51.343C,VDD_IN,11827mW/9282mW,VDD_CPU_GPU_CV,4990mW/3426mW,VDD_SOC,3384mW/3065mW
07-25-2026,17:08:43,RAM,1733/7620MB,(lfb,109x4MB),SWAP,388/3810MB,(cached,2MB),CPU,[100%@1344,10%@1344,10%@1344,40%@1344,54%@1344,20%@1344],GR3D_FREQ,44%,cpu@53.312C,soc2@50.937C,soc0@51.593C,gpu@53.843C,tj@53.843C,soc1@51.375C,VDD_IN,11866mW/9291mW,VDD_CPU_GPU_CV,4990mW/3431mW,VDD_SOC,3384mW/3066mW
07-25-2026,17:08:44,RAM,1737/7620MB,(lfb,109x4MB),SWAP,388/3810MB,(cached,2MB),CPU,[91%@1344,20%@1344,27%@1344,45%@1344,70%@1344,10%@1344],GR3D_FREQ,33%,cpu@53.593C,soc2@51.093C,soc0@51.437C,gpu@53.625C,tj@53.625C,soc1@51.625C,VDD_IN,11866mW/9299mW,VDD_CPU_GPU_CV,4990mW/3436mW,VDD_SOC,3384mW/3067mW
07-25-2026,17:08:44,RAM,1743/7620MB,(lfb,109x4MB),SWAP,388/3810MB,(cached,2MB),CPU,[100%@1344,36%@1344,63%@1344,18%@1344,63%@1344,60%@1344],GR3D_FREQ,39%,cpu@54.062C,soc2@50.968C,soc0@51.437C,gpu@53.437C,tj@54.062C,soc1@51.25C,VDD_IN,11906mW/9308mW,VDD_CPU_GPU_CV,4990mW/3442mW,VDD_SOC,3424mW/3068mW
07-25-2026,17:08:44,RAM,1751/7620MB,(lfb,109x4MB),SWAP,388/3810MB,(cached,2MB),CPU,[100%@1344,27%@1344,70%@1344,20%@1344,50%@1344,58%@1344],GR3D_FREQ,35%,cpu@53.468C,soc2@51.093C,soc0@51.562C,gpu@53.312C,tj@53.718C,soc1@51.406C,VDD_IN,11906mW/9316mW,VDD_CPU_GPU_CV,4990mW/3447mW,VDD_SOC,3424mW/3070mW
07-25-2026,17:08:44,RAM,1755/7620MB,(lfb,108x4MB),SWAP,388/3810MB,(cached,2MB),CPU,[100%@1344,22%@1344,80%@1344,27%@1344,60%@1344,54%@1344],GR3D_FREQ,38%,cpu@53.687C,soc2@51.125C,soc0@51.625C,gpu@53.218C,tj@53.687C,soc1@51.531C,VDD_IN,11945mW/9325mW,VDD_CPU_GPU_CV,4990mW/3452mW,VDD_SOC,3463mW/3071mW
07-25-2026,17:08:44,RAM,1755/7620MB,(lfb,108x4MB),SWAP,388/3810MB,(cached,2MB),CPU,[100%@1344,27%@1344,70%@1344,36%@1344,54%@1344,60%@1344],GR3D_FREQ,46%,cpu@54C,soc2@51.125C,soc0@51.5C,gpu@53.468C,tj@54C,soc1@51.625C,VDD_IN,11984mW/9334mW,VDD_CPU_GPU_CV,4990mW/3457mW,VDD_SOC,3463mW/3072mW
07-25-2026,17:08:44,RAM,1755/7620MB,(lfb,108x4MB),SWAP,388/3810MB,(cached,2MB),CPU,[100%@1344,20%@1344,63%@1344,22%@1344,45%@1344,60%@1344],GR3D_FREQ,41%,cpu@53.625C,soc2@51.062C,soc0@51.593C,gpu@53.343C,tj@53.625C,soc1@51.468C,VDD_IN,11984mW/9343mW,VDD_CPU_GPU_CV,4990mW/3462mW,VDD_SOC,3463mW/3073mW
07-25-2026,17:08:44,RAM,1759/7620MB,(lfb,107x4MB),SWAP,388/3810MB,(cached,2MB),CPU,[100%@1344,10%@1344,44%@1344,41%@1344,50%@1344,70%@1344],GR3D_FREQ,40%,cpu@53.687C,soc2@50.968C,soc0@51.562C,gpu@53.343C,tj@53.687C,soc1@51.5C,VDD_IN,12024mW/9351mW,VDD_CPU_GPU_CV,5029mW/3467mW,VDD_SOC,3463mW/3075mW
07-25-2026,17:08:44,RAM,1759/7620MB,(lfb,107x4MB),SWAP,388/3810MB,(cached,2MB),CPU,[100%@1344,27%@1344,18%@1344,50%@1344,54%@1344,30%@1344],GR3D_FREQ,33%,cpu@53.687C,soc2@51.187C,soc0@51.781C,gpu@54.031C,tj@54.031C,soc1@51.625C,VDD_IN,11984mW/9360mW,VDD_CPU_GPU_CV,5029mW/3472mW,VDD_SOC,3463mW/3076mW
07-25-2026,17:08:44,RAM,1759/7620MB,(lfb,107x4MB),SWAP,388/3810MB,(cached,2MB),CPU,[100%@1344,25%@1344,30%@1344,30%@1344,50%@1344,9%@1344],GR3D_FREQ,41%,cpu@53.75C,soc2@51.031C,soc0@51.468C,gpu@53.718C,tj@53.75C,soc1@51.468C,VDD_IN,11945mW/9368mW,VDD_CPU_GPU_CV,5029mW/3477mW,VDD_SOC,3424mW/3077mW
07-25-2026,17:08:44,RAM,1759/7620MB,(lfb,107x4MB),SWAP,388/3810MB,(cached,2MB),CPU,[100%@1344,10%@1344,33%@1344,45%@1344,58%@1344,27%@1344],GR3D_FREQ,46%,cpu@53.5C,soc2@51.125C,soc0@51.5C,gpu@53.718C,tj@53.718C,soc1@51.593C,VDD_IN,11945mW/9376mW,VDD_CPU_GPU_CV,5029mW/3482mW,VDD_SOC,3424mW/3078mW
07-25-2026,17:08:45,RAM,1759/7620MB,(lfb,107x4MB),SWAP,388/3810MB,(cached,2MB),CPU,[16%@1344,100%@1344,30%@1344,50%@1344,40%@1344,40%@1344],GR3D_FREQ,52%,cpu@53.562C,soc2@51.125C,soc0@51.781C,gpu@54.062C,tj@53.593C,soc1@51.593C,VDD_IN,11945mW/9385mW,VDD_CPU_GPU_CV,5029mW/3487mW,VDD_SOC,3424mW/3079mW
07-25-2026,17:08:45,RAM,1759/7620MB,(lfb,107x4MB),SWAP,388/3810MB,(cached,2MB),CPU,[18%@1344,100%@1344,27%@1344,45%@1344,40%@1344,40%@1344],GR3D_FREQ,48%,cpu@53.656C,soc2@51.25C,soc0@51.468C,gpu@53.687C,tj@53.687C,soc1@51.687C,VDD_IN,11945mW/9393mW,VDD_CPU_GPU_CV,5029mW/3492mW,VDD_SOC,3424mW/3080mW
07-25-2026,17:08:45,RAM,1759/7620MB,(lfb,107x4MB),SWAP,388/3810MB,(cached,2MB),CPU,[11%@1344,100%@1344,0%@1344,44%@1344,50%@1344,20%@1344],GR3D_FREQ,49%,cpu@53.625C,soc2@51.187C,soc0@51.531C,gpu@53.718C,tj@53.718C,soc1@51.593C,VDD_IN,11945mW/9401mW,VDD_CPU_GPU_CV,5029mW/3497mW,VDD_SOC,3424mW/3081mW
07-25-2026,17:08:45,RAM,1759/7620MB,(lfb,107x4MB),SWAP,388/3810MB,(cached,2MB),CPU,[18%@1344,100%@1344,36%@1344,45%@1344,50%@1344,27%@1344],GR3D_FREQ,50%,cpu@53.656C,soc2@51.093C,soc0@51.593C,gpu@53.562C,tj@53.656C,soc1@51.531C,VDD_IN,11945mW/9409mW,VDD_CPU_GPU_CV,5069mW/3502mW,VDD_SOC,3424mW/3083mW
07-25-2026,17:08:45,RAM,1759/7620MB,(lfb,107x4MB),SWAP,388/3810MB,(cached,2MB),CPU,[18%@1344,90%@1344,0%@1344,30%@1344,50%@1344,20%@1344],GR3D_FREQ,48%,cpu@53.531C,soc2@51.25C,soc0@51.718C,gpu@53.843C,tj@53.843C,soc1@51.531C,VDD_IN,11906mW/9417mW,VDD_CPU_GPU_CV,5069mW/3507mW,VDD_SOC,3424mW/3084mW
07-25-2026,17:08:45,RAM,1759/7620MB,(lfb,107x4MB),SWAP,388/3810MB,(cached,2MB),CPU,[11%@1344,100%@1344,10%@1344,40%@1344,40%@1344,33%@1344],GR3D_FREQ,46%,cpu@53.718C,soc2@51.25C,soc0@51.468C,gpu@53.656C,tj@53.718C,soc1@51.75C,VDD_IN,11945mW/9425mW,VDD_CPU_GPU_CV,5069mW/3512mW,VDD_SOC,3424mW/3085mW
07-25-2026,17:08:45,RAM,1759/7620MB,(lfb,107x4MB),SWAP,388/3810MB,(cached,2MB),CPU,[10%@1344,100%@1344,20%@1344,50%@1344,45%@1344,30%@1344],GR3D_FREQ,41%,cpu@53.75C,soc2@51.156C,soc0@51.625C,gpu@53.656C,tj@53.75C,soc1@51.593C,VDD_IN,11945mW/9433mW,VDD_CPU_GPU_CV,5069mW/3517mW,VDD_SOC,3424mW/3086mW
07-25-2026,17:08:45,RAM,1759/7620MB,(lfb,107x4MB),SWAP,388/3810MB,(cached,2MB),CPU,[33%@1344,100%@1344,27%@1344,45%@1344,45%@1344,30%@1344],GR3D_FREQ,36%,cpu@53.593C,soc2@51.218C,soc0@51.656C,gpu@53.656C,tj@53.656C,soc1@51.531C,VDD_IN,11945mW/9441mW,VDD_CPU_GPU_CV,5069mW/3522mW,VDD_SOC,3424mW/3087mW
07-25-2026,17:08:45,RAM,1759/7620MB,(lfb,107x4MB),SWAP,388/3810MB,(cached,2MB),CPU,[10%@1344,100%@1344,18%@1344,45%@1344,0%@1344,75%@1344],GR3D_FREQ,35%,cpu@54.093C,soc2@51.281C,soc0@51.812C,gpu@53.656C,tj@54.218C,soc1@51.531C,VDD_IN,11945mW/9449mW,VDD_CPU_GPU_CV,5029mW/3526mW,VDD_SOC,3424mW/3088mW
07-25-2026,17:08:46,RAM,1759/7620MB,(lfb,107x4MB),SWAP,388/3810MB,(cached,2MB),CPU,[20%@1344,100%@1344,36%@1344,44%@1344,18%@1344,66%@1344],GR3D_FREQ,43%,cpu@54.25C,soc2@51.312C,soc0@51.5C,gpu@53.593C,tj@54.25C,soc1@51.843C,VDD_IN,11945mW/9457mW,VDD_CPU_GPU_CV,5069mW/3531mW,VDD_SOC,3424mW/3089mW
07-25-2026,17:08:46,RAM,1759/7620MB,(lfb,107x4MB),SWAP,388/3810MB,(cached,2MB),CPU,[18%@1344,91%@1344,10%@1344,45%@1344,18%@1344,72%@1344],GR3D_FREQ,49%,cpu@53.812C,soc2@51.156C,soc0@51.593C,gpu@53.593C,tj@53.812C,soc1@51.593C,VDD_IN,11945mW/9464mW,VDD_CPU_GPU_CV,5069mW/3536mW,VDD_SOC,3424mW/3090mW
07-25-2026,17:08:46,RAM,1759/7620MB,(lfb,107x4MB),SWAP,388/3810MB,(cached,2MB),CPU,[20%@1344,100%@1344,18%@1344,50%@1344,20%@1344,60%@1344],GR3D_FREQ,54%,cpu@53.687C,soc2@51.312C,soc0@51.656C,gpu@54.093C,tj@54.093C,soc1@51.562C,VDD_IN,11945mW/9472mW,VDD_CPU_GPU_CV,5069mW/3541mW,VDD_SOC,3424mW/3091mW
07-25-2026,17:08:46,RAM,1759/7620MB,(lfb,107x4MB),SWAP,388/3810MB,(cached,2MB),CPU,[27%@1344,100%@1344,27%@1344,45%@1344,36%@1344,30%@1344],GR3D_FREQ,55%,cpu@53.937C,soc2@51.281C,soc0@51.937C,gpu@53.593C,tj@53.937C,soc1@51.687C,VDD_IN,11945mW/9480mW,VDD_CPU_GPU_CV,5069mW/3545mW,VDD_SOC,3424mW/3092mW
07-25-2026,17:08:46,RAM,1759/7620MB,(lfb,107x4MB),SWAP,388/3810MB,(cached,2MB),CPU,[18%@1344,100%@1344,20%@1344,50%@1344,20%@1344,50%@1344],GR3D_FREQ,50%,cpu@54C,soc2@51.312C,soc0@51.625C,gpu@53.562C,tj@54C,soc1@51.812C,VDD_IN,11945mW/9487mW,VDD_CPU_GPU_CV,5069mW/3550mW,VDD_SOC,3424mW/3093mW
07-25-2026,17:08:46,RAM,1760/7620MB,(lfb,107x4MB),SWAP,388/3810MB,(cached,2MB),CPU,[18%@1344,100%@1344,18%@1344,40%@1344,20%@1344,60%@1344],GR3D_FREQ,45%,cpu@53.625C,soc2@51.25C,soc0@51.656C,gpu@54.125C,tj@54.125C,soc1@51.562C,VDD_IN,11945mW/9495mW,VDD_CPU_GPU_CV,5069mW/3555mW,VDD_SOC,3424mW/3094mW
07-25-2026,17:08:46,RAM,1760/7620MB,(lfb,107x4MB),SWAP,388/3810MB,(cached,2MB),CPU,[27%@1344,100%@1344,9%@1344,50%@1344,30%@1344,60%@1344],GR3D_FREQ,42%,cpu@53.875C,soc2@51.375C,soc0@51.75C,gpu@53.843C,tj@53.875C,soc1@51.656C,VDD_IN,11945mW/9502mW,VDD_CPU_GPU_CV,5069mW/3559mW,VDD_SOC,3424mW/3095mW
07-25-2026,17:08:46,RAM,1760/7620MB,(lfb,107x4MB),SWAP,388/3810MB,(cached,2MB),CPU,[18%@1344,91%@1344,10%@1344,36%@1344,18%@1344,63%@1344],GR3D_FREQ,42%,cpu@54.062C,soc2@51.218C,soc0@51.875C,gpu@53.656C,tj@54.062C,soc1@51.781C,VDD_IN,11945mW/9510mW,VDD_CPU_GPU_CV,5069mW/3564mW,VDD_SOC,3424mW/3096mW
07-25-2026,17:08:46,RAM,1760/7620MB,(lfb,107x4MB),SWAP,388/3810MB,(cached,2MB),CPU,[90%@1344,27%@1344,30%@1344,63%@1344,10%@1344,81%@1344],GR3D_FREQ,54%,cpu@54.187C,soc2@51.437C,soc0@51.593C,gpu@54.062C,tj@54.187C,soc1@51.906C,VDD_IN,11945mW/9517mW,VDD_CPU_GPU_CV,5069mW/3569mW,VDD_SOC,3424mW/3097mW
07-25-2026,17:08:46,RAM,1760/7620MB,(lfb,107x4MB),SWAP,388/3810MB,(cached,2MB),CPU,[100%@1344,27%@1344,72%@1344,72%@1344,45%@1344,40%@1344],GR3D_FREQ,42%,cpu@54.375C,soc2@51.25C,soc0@51.718C,gpu@53.843C,tj@54.375C,soc1@51.593C,VDD_IN,11984mW/9525mW,VDD_CPU_GPU_CV,5069mW/3573mW,VDD_SOC,3463mW/3098mW
07-25-2026,17:08:47,RAM,1761/7620MB,(lfb,107x4MB),SWAP,388/3810MB,(cached,2MB),CPU,[100%@1344,30%@1344,72%@1344,81%@1344,11%@1344,72%@1344],GR3D_FREQ,34%,cpu@54.031C,soc2@51.218C,soc0@51.843C,gpu@53.781C,tj@54.031C,soc1@51.718C,VDD_IN,11984mW/9532mW,VDD_CPU_GPU_CV,5069mW/3578mW,VDD_SOC,3463mW/3099mW
07-25-2026,17:08:47,RAM,1761/7620MB,(lfb,107x4MB),SWAP,388/3810MB,(cached,2MB),CPU,[100%@1344,30%@1344,27%@1344,66%@1344,66%@1344,55%@1344],GR3D_FREQ,33%,cpu@54.062C,soc2@51.406C,soc0@51.656C,gpu@53.718C,tj@54.062C,soc1@51.843C,VDD_IN,11984mW/9540mW,VDD_CPU_GPU_CV,5069mW/3582mW,VDD_SOC,3463mW/3100mW
07-25-2026,17:08:47,RAM,1764/7620MB,(lfb,107x4MB),SWAP,388/3810MB,(cached,2MB),CPU,[100%@1344,27%@1344,50%@1344,81%@1344,70%@1344,41%@1344],GR3D_FREQ,35%,cpu@54.187C,soc2@51.343C,soc0@51.718C,gpu@53.625C,tj@54.187C,soc1@52C,VDD_IN,11984mW/9547mW,VDD_CPU_GPU_CV,5029mW/3587mW,VDD_SOC,3503mW/3102mW
07-25-2026,17:08:47,RAM,1773/7620MB,(lfb,106x4MB),SWAP,388/3810MB,(cached,2MB),CPU,[100%@1344,30%@1344,60%@1344,72%@1344,63%@1344,27%@1344],GR3D_FREQ,43%,cpu@53.875C,soc2@51.312C,soc0@51.75C,gpu@53.656C,tj@53.875C,soc1@51.687C,VDD_IN,12063mW/9555mW,VDD_CPU_GPU_CV,5029mW/3591mW,VDD_SOC,3503mW/3103mW
07-25-2026,17:08:47,RAM,1784/7620MB,(lfb,105x4MB),SWAP,388/3810MB,(cached,2MB),CPU,[100%@1344,27%@1344,50%@1344,81%@1344,33%@1344,70%@1344],GR3D_FREQ,53%,cpu@54C,soc2@51.375C,soc0@51.875C,gpu@53.656C,tj@54C,soc1@51.75C,VDD_IN,12063mW/9562mW,VDD_CPU_GPU_CV,5029mW/3595mW,VDD_SOC,3503mW/3104mW
07-25-2026,17:08:47,RAM,1793/7620MB,(lfb,104x4MB),SWAP,388/3810MB,(cached,2MB),CPU,[100%@1344,22%@1344,41%@1344,72%@1344,50%@1344,54%@1344],GR3D_FREQ,46%,cpu@54.25C,soc2@51.437C,soc0@51.687C,gpu@53.593C,tj@54.25C,soc1@51.875C,VDD_IN,12103mW/9570mW,VDD_CPU_GPU_CV,5029mW/3599mW,VDD_SOC,3503mW/3105mW
07-25-2026,17:08:47,RAM,1801/7620MB,(lfb,103x4MB),SWAP,388/3810MB,(cached,2MB),CPU,[100%@1344,41%@1344,40%@1344,80%@1344,58%@1344,54%@1344],GR3D_FREQ,32%,cpu@54.093C,soc2@51.5C,soc0@51.75C,gpu@54.093C,tj@54.093C,soc1@51.75C,VDD_IN,12103mW/9577mW,VDD_CPU_GPU_CV,5029mW/3604mW,VDD_SOC,3503mW/3106mW
07-25-2026,17:08:47,RAM,1808/7620MB,(lfb,103x4MB),SWAP,388/3810MB,(cached,2MB),CPU,[100%@1344,11%@1344,45%@1344,66%@1344,40%@1344,54%@1344],GR3D_FREQ,36%,cpu@53.875C,soc2@51.375C,soc0@51.875C,gpu@53.968C,tj@53.968C,soc1@51.812C,VDD_IN,12103mW/9585mW,VDD_CPU_GPU_CV,5029mW/3608mW,VDD_SOC,3503mW/3108mW
07-25-2026,17:08:47,RAM,1815/7620MB,(lfb,102x4MB),SWAP,388/3810MB,(cached,2MB),CPU,[100%@1344,18%@1344,20%@1344,45%@1344,30%@1344,44%@1344],GR3D_FREQ,37%,cpu@53.968C,soc2@51.406C,soc0@52C,gpu@53.75C,tj@53.968C,soc1@51.875C,VDD_IN,12103mW/9592mW,VDD_CPU_GPU_CV,5029mW/3612mW,VDD_SOC,3503mW/3109mW
07-25-2026,17:08:48,RAM,1817/7620MB,(lfb,102x4MB),SWAP,388/3810MB,(cached,2MB),CPU,[100%@1344,27%@1344,20%@1344,50%@1344,41%@1344,36%@1344],GR3D_FREQ,52%,cpu@53.937C,soc2@51.531C,soc0@51.75C,gpu@54.187C,tj@54.187C,soc1@52.031C,VDD_IN,12024mW/9599mW,VDD_CPU_GPU_CV,5029mW/3616mW,VDD_SOC,3463mW/3110mW
07-25-2026,17:08:48,RAM,1824/7620MB,(lfb,101x4MB),SWAP,388/3810MB,(cached,2MB),CPU,[100%@1344,18%@1344,33%@1344,50%@1344,44%@1344,27%@1344],GR3D_FREQ,44%,cpu@53.968C,soc2@51.531C,soc0@51.75C,gpu@54.062C,tj@54.062C,soc1@51.687C,VDD_IN,11945mW/9606mW,VDD_CPU_GPU_CV,4990mW/3620mW,VDD_SOC,3463mW/3111mW
07-25-2026,17:08:48,RAM,1829/7620MB,(lfb,101x4MB),SWAP,388/3810MB,(cached,2MB),CPU,[100%@1344,20%@1344,40%@1344,50%@1344,30%@1344,30%@1344],GR3D_FREQ,39%,cpu@53.656C,soc2@51.406C,soc0@52.031C,gpu@53.906C,tj@53.906C,soc1@51.843C,VDD_IN,11945mW/9613mW,VDD_CPU_GPU_CV,4990mW/3624mW,VDD_SOC,3424mW/3112mW
07-25-2026,17:08:48,RAM,1833/7620MB,(lfb,101x4MB),SWAP,388/3810MB,(cached,2MB),CPU,[100%@1344,11%@1344,45%@1344,45%@1344,30%@1344,20%@1344],GR3D_FREQ,47%,cpu@54.093C,soc2@51.468C,soc0@51.75C,gpu@53.812C,tj@54.093C,soc1@51.906C,VDD_IN,11945mW/9620mW,VDD_CPU_GPU_CV,4990mW/3628mW,VDD_SOC,3424mW/3113mW
07-25-2026,17:08:48,RAM,1839/7620MB,(lfb,100x4MB),SWAP,388/3810MB,(cached,2MB),CPU,[18%@1344,90%@1344,20%@1344,50%@1344,36%@1344,36%@1344],GR3D_FREQ,53%,cpu@53.843C,soc2@51.375C,soc0@51.875C,gpu@54.062C,tj@53.843C,soc1@52.093C,VDD_IN,11945mW/9627mW,VDD_CPU_GPU_CV,4990mW/3632mW,VDD_SOC,3424mW/3114mW
07-25-2026,17:08:48,RAM,1846/7620MB,(lfb,99x4MB),SWAP,388/3810MB,(cached,2MB),CPU,[20%@1344,100%@1344,41%@1344,45%@1344,36%@1344,20%@1344],GR3D_FREQ,53%,cpu@53.781C,soc2@51.468C,soc0@51.781C,gpu@53.968C,tj@53.968C,soc1@51.843C,VDD_IN,11945mW/9633mW,VDD_CPU_GPU_CV,5029mW/3636mW,VDD_SOC,3424mW/3115mW
07-25-2026,17:08:48,RAM,1851/7620MB,(lfb,99x4MB),SWAP,388/3810MB,(cached,2MB),CPU,[10%@1344,100%@1344,20%@1344,50%@1344,36%@1344,30%@1344],GR3D_FREQ,50%,cpu@54.031C,soc2@51.531C,soc0@52.062C,gpu@53.937C,tj@54.031C,soc1@51.875C,VDD_IN,11945mW/9640mW,VDD_CPU_GPU_CV,5029mW/3640mW,VDD_SOC,3424mW/3115mW
07-25-2026,17:08:48,RAM,1855/7620MB,(lfb,99x4MB),SWAP,388/3810MB,(cached,2MB),CPU,[27%@1344,100%@1344,40%@1344,45%@1344,45%@1344,40%@1344],GR3D_FREQ,43%,cpu@54.343C,soc2@51.593C,soc0@51.875C,gpu@53.843C,tj@54.343C,soc1@52.125C,VDD_IN,11945mW/9647mW,VDD_CPU_GPU_CV,5069mW/3645mW,VDD_SOC,3424mW/3116mW
07-25-2026,17:08:48,RAM,1854/7620MB,(lfb,99x4MB),SWAP,388/3810MB,(cached,2MB),CPU,[11%@1344,100%@1344,63%@1344,50%@1344,90%@1344,22%@1344],GR3D_FREQ,36%,cpu@54.406C,soc2@51.5C,soc0@51.875C,gpu@54.375C,tj@54.406C,soc1@51.812C,VDD_IN,12063mW/9654mW,VDD_CPU_GPU_CV,5147mW/3649mW,VDD_SOC,3424mW/3117mW
07-25-2026,17:08:48,RAM,1854/7620MB,(lfb,99x4MB),SWAP,388/3810MB,(cached,2MB),CPU,[30%@1344,100%@1344,60%@1344,50%@1344,63%@1344,41%@1344],GR3D_FREQ,35%,cpu@54.031C,soc2@51.562C,soc0@51.937C,gpu@54.218C,tj@54.218C,soc1@51.906C,VDD_IN,12024mW/9661mW,VDD_CPU_GPU_CV,5147mW/3653mW,VDD_SOC,3424mW/3118mW
07-25-2026,17:08:49,RAM,1855/7620MB,(lfb,99x4MB),SWAP,388/3810MB,(cached,2MB),CPU,[20%@1344,100%@1344,70%@1344,36%@1344,100%@1344,40%@1344],GR3D_FREQ,46%,cpu@54.312C,soc2@51.531C,soc0@52.031C,gpu@53.75C,tj@54.312C,soc1@52C,VDD_IN,12142mW/9668mW,VDD_CPU_GPU_CV,5226mW/3658mW,VDD_SOC,3424mW/3119mW
07-25-2026,17:08:49,RAM,1855/7620MB,(lfb,99x4MB),SWAP,388/3810MB,(cached,2MB),CPU,[20%@1344,100%@1344,80%@1344,10%@1344,100%@1344,50%@1344],GR3D_FREQ,54%,cpu@54.343C,soc2@51.625C,soc0@51.875C,gpu@54.312C,tj@54.343C,soc1@52.156C,VDD_IN,12182mW/9675mW,VDD_CPU_GPU_CV,5257mW/3662mW,VDD_SOC,3424mW/3120mW
07-25-2026,17:08:49,RAM,1855/7620MB,(lfb,99x4MB),SWAP,388/3810MB,(cached,2MB),CPU,[100%@1344,18%@1344,63%@1344,27%@1344,100%@1344,45%@1344],GR3D_FREQ,44%,cpu@54C,soc2@51.437C,soc0@51.937C,gpu@54.093C,tj@54.093C,soc1@51.906C,VDD_IN,12063mW/9682mW,VDD_CPU_GPU_CV,5226mW/3667mW,VDD_SOC,3424mW/3121mW
07-25-2026,17:08:49,RAM,1855/7620MB,(lfb,99x4MB),SWAP,388/3810MB,(cached,2MB),CPU,[91%@1344,18%@1344,63%@1344,10%@1344,100%@1344,33%@1344],GR3D_FREQ,52%,cpu@54.031C,soc2@51.562C,soc0@52.093C,gpu@53.937C,tj@54.031C,soc1@52.031C,VDD_IN,11984mW/9688mW,VDD_CPU_GPU_CV,5187mW/3671mW,VDD_SOC,3384mW/3121mW
07-25-2026,17:08:49,RAM,1855/7620MB,(lfb,99x4MB),SWAP,388/3810MB,(cached,2MB),CPU,[100%@1344,20%@1344,54%@1344,18%@1344,100%@1344,41%@1344],GR3D_FREQ,35%,cpu@54.062C,soc2@51.625C,soc0@52.25C,gpu@53.781C,tj@54.312C,soc1@52.125C,VDD_IN,11945mW/9695mW,VDD_CPU_GPU_CV,5147mW/3675mW,VDD_SOC,3384mW/3122mW
07-25-2026,17:08:49,RAM,1793/7620MB,(lfb,99x4MB),SWAP,388/3810MB,(cached,2MB),CPU,[100%@1344,10%@1344,70%@1344,20%@1344,100%@1344,50%@1344],GR3D_FREQ,50%,cpu@54.343C,soc2@51.437C,soc0@51.937C,gpu@54.156C,tj@54.156C,soc1@52.031C,VDD_IN,11945mW/9701mW,VDD_CPU_GPU_CV,5187mW/3680mW,VDD_SOC,3345mW/3123mW
07-25-2026,17:08:49,RAM,1793/7620MB,(lfb,99x4MB),SWAP,388/3810MB,(cached,2MB),CPU,[100%@1344,25%@1344,63%@1344,18%@1344,100%@1344,45%@1344],GR3D_FREQ,46%,cpu@54C,soc2@51.437C,soc0@51.968C,gpu@54.031C,tj@54.031C,soc1@52C,VDD_IN,11866mW/9707mW,VDD_CPU_GPU_CV,5147mW/3684mW,VDD_SOC,3345mW/3123mW
07-25-2026,17:08:49,RAM,1793/7620MB,(lfb,99x4MB),SWAP,388/3810MB,(cached,2MB),CPU,[27%@1344,100%@1344,90%@1344,18%@1344,91%@1344,45%@1344],GR3D_FREQ,41%,cpu@54.187C,soc2@51.625C,soc0@52.125C,gpu@54C,tj@54.187C,soc1@52C,VDD_IN,11984mW/9713mW,VDD_CPU_GPU_CV,5265mW/3688mW,VDD_SOC,3384mW/3124mW
07-25-2026,17:08:49,RAM,1793/7620MB,(lfb,99x4MB),SWAP,388/3810MB,(cached,2MB),CPU,[30%@1344,100%@1344,81%@1344,27%@1344,100%@1344,44%@1344],GR3D_FREQ,40%,cpu@54.343C,soc2@51.593C,soc0@51.937C,gpu@54C,tj@54.343C,soc1@52.156C,VDD_IN,12103mW/9720mW,VDD_CPU_GPU_CV,5304mW/3693mW,VDD_SOC,3384mW/3125mW
07-25-2026,17:08:50,RAM,1793/7620MB,(lfb,99x4MB),SWAP,388/3810MB,(cached,2MB),CPU,[33%@1344,100%@1344,50%@1344,11%@1344,100%@1344,45%@1344],GR3D_FREQ,45%,cpu@54.468C,soc2@51.593C,soc0@51.968C,gpu@54.531C,tj@54.531C,soc1@52C,VDD_IN,12182mW/9727mW,VDD_CPU_GPU_CV,5344mW/3697mW,VDD_SOC,3384mW/3126mW
07-25-2026,17:08:50,RAM,1793/7620MB,(lfb,99x4MB),SWAP,388/3810MB,(cached,2MB),CPU,[36%@1344,100%@1344,54%@1344,63%@1344,100%@1344,20%@1344],GR3D_FREQ,52%,cpu@54.156C,soc2@51.687C,soc0@51.843C,gpu@54C,tj@54.343C,soc1@52.156C,VDD_IN,12221mW/9734mW,VDD_CPU_GPU_CV,5374mW/3702mW,VDD_SOC,3384mW/3126mW
07-25-2026,17:08:50,RAM,1793/7620MB,(lfb,99x4MB),SWAP,388/3810MB,(cached,2MB),CPU,[20%@1344,100%@1344,70%@1344,27%@1344,100%@1344,54%@1344],GR3D_FREQ,52%,cpu@54.5C,soc2@51.531C,soc0@51.968C,gpu@53.937C,tj@54.5C,soc1@52.312C,VDD_IN,12260mW/9741mW,VDD_CPU_GPU_CV,5414mW/3707mW,VDD_SOC,3424mW/3127mW
07-25-2026,17:08:50,RAM,1793/7620MB,(lfb,99x4MB),SWAP,388/3810MB,(cached,2MB),CPU,[45%@1344,100%@1344,36%@1344,54%@1344,100%@1344,50%@1344],GR3D_FREQ,51%,cpu@54.343C,soc2@51.625C,soc0@52.187C,gpu@54.281C,tj@54.343C,soc1@52.031C,VDD_IN,12300mW/9748mW,VDD_CPU_GPU_CV,5414mW/3711mW,VDD_SOC,3424mW/3128mW
07-25-2026,17:08:50,RAM,1794/7620MB,(lfb,99x4MB),SWAP,388/3810MB,(cached,2MB),CPU,[27%@1344,90%@1344,27%@1344,66%@1344,100%@1344,50%@1344],GR3D_FREQ,44%,cpu@54.343C,soc2@51.718C,soc0@52.187C,gpu@54.375C,tj@54.375C,soc1@52.062C,VDD_IN,12300mW/9755mW,VDD_CPU_GPU_CV,5453mW/3716mW,VDD_SOC,3424mW/3129mW
07-25-2026,17:08:50,RAM,1683/7620MB,(lfb,110x4MB),SWAP,388/3810MB,(cached,2MB),CPU,[45%@1344,90%@1344,18%@1344,58%@1344,100%@1344,41%@1344],GR3D_FREQ,46%,cpu@54.437C,soc2@51.781C,soc0@52C,gpu@54.031C,tj@54.437C,soc1@52.156C,VDD_IN,12221mW/9762mW,VDD_CPU_GPU_CV,5383mW/3721mW,VDD_SOC,3384mW/3130mW
07-25-2026,17:08:50,RAM,1683/7620MB,(lfb,110x4MB),SWAP,388/3810MB,(cached,2MB),CPU,[54%@1344,40%@1344,55%@1344,77%@1344,100%@1344,18%@1344],GR3D_FREQ,40%,cpu@54.125C,soc2@51.687C,soc0@52.031C,gpu@54C,tj@54.125C,soc1@52.062C,VDD_IN,12142mW/9768mW,VDD_CPU_GPU_CV,5304mW/3725mW,VDD_SOC,3384mW/3130mW
07-25-2026,17:08:50,RAM,1683/7620MB,(lfb,110x4MB),SWAP,388/3810MB,(cached,2MB),CPU,[72%@1344,36%@1344,10%@1344,72%@1344,100%@1344,45%@1344],GR3D_FREQ,43%,cpu@54.343C,soc2@51.625C,soc0@52.156C,gpu@54.218C,tj@54.343C,soc1@52.187C,VDD_IN,12142mW/9775mW,VDD_CPU_GPU_CV,5304mW/3729mW,VDD_SOC,3384mW/3131mW
07-25-2026,17:08:50,RAM,1683/7620MB,(lfb,110x4MB),SWAP,388/3810MB,(cached,2MB),CPU,[100%@1344,72%@1344,18%@1344,10%@1344,55%@1344,22%@1344],GR3D_FREQ,33%,cpu@54.218C,soc2@51.812C,soc0@51.937C,gpu@54.093C,tj@54.218C,soc1@52.187C,VDD_IN,11945mW/9781mW,VDD_CPU_GPU_CV,5147mW/3733mW,VDD_SOC,3384mW/3132mW
07-25-2026,17:08:50,RAM,1683/7620MB,(lfb,110x4MB),SWAP,388/3810MB,(cached,2MB),CPU,[100%@1344,0%@1344,0%@1344,0%@1344,33%@1344,0%@1344],GR3D_FREQ,37%,cpu@54.125C,soc2@51.593C,soc0@52.062C,gpu@54.031C,tj@54.125C,soc1@52.343C,VDD_IN,11511mW/9786mW,VDD_CPU_GPU_CV,4872mW/3736mW,VDD_SOC,3345mW/3132mW
07-25-2026,17:08:51,RAM,1509/7620MB,(lfb,113x4MB),SWAP,388/3810MB,(cached,2MB),CPU,[100%@1344,0%@1344,9%@1344,0%@1344,10%@1344,27%@1344],GR3D_FREQ,0%,cpu@54.031C,soc2@51.531C,soc0@52.187C,gpu@53.625C,tj@54.031C,soc1@52.031C,VDD_IN,10819mW/9788mW,VDD_CPU_GPU_CV,4368mW/3738mW,VDD_SOC,3232mW/3132mW
07-25-2026,17:08:51,RAM,923/7620MB,(lfb,127x4MB),SWAP,388/3810MB,(cached,2MB),CPU,[27%@1344,0%@1344,0%@1344,72%@1344,0%@1344,0%@1344],GR3D_FREQ,0%,cpu@53.5C,soc2@51.562C,soc0@52.343C,gpu@53.562C,tj@53.562C,soc1@52.218C,VDD_IN,9848mW/9789mW,VDD_CPU_GPU_CV,3784mW/3738mW,VDD_SOC,3080mW/3132mW
07-25-2026,17:08:51,RAM,919/7620MB,(lfb,127x4MB),SWAP,388/3810MB,(cached,2MB),CPU,[9%@1344,0%@1344,9%@1344,36%@1344,9%@1344,11%@1344],GR3D_FREQ,0%,cpu@53.812C,soc2@51.625C,soc0@52.031C,gpu@53.437C,tj@53.812C,soc1@52.25C,VDD_IN,8978mW/9786mW,VDD_CPU_GPU_CV,3311mW/3737mW,VDD_SOC,2922mW/3132mW
07-25-2026,17:08:51,RAM,919/7620MB,(lfb,127x4MB),SWAP,388/3810MB,(cached,2MB),CPU,[0%@1344,0%@1344,0%@1344,0%@1344,0%@1344,0%@1344],GR3D_FREQ,0%,cpu@53.312C,soc2@51.5C,soc0@52.062C,gpu@53.25C,tj@53.312C,soc1@52.125C,VDD_IN,8226mW/9782mW,VDD_CPU_GPU_CV,2843mW/3735mW,VDD_SOC,2803mW/3131mW
07-25-2026,17:08:51,RAM,919/7620MB,(lfb,127x4MB),SWAP,388/3810MB,(cached,2MB),CPU,[0%@1344,0%@1344,0%@1344,0%@1344,0%@1344,0%@1344],GR3D_FREQ,0%,cpu@53.25C,soc2@51.406C,soc0@52.125C,gpu@53.312C,tj@53.312C,soc1@52.093C,VDD_IN,7645mW/9776mW,VDD_CPU_GPU_CV,2487mW/3731mW,VDD_SOC,2729mW/3130mW
07-25-2026,17:08:51,RAM,919/7620MB,(lfb,127x4MB),SWAP,388/3810MB,(cached,2MB),CPU,[0%@1344,0%@1344,0%@1344,0%@1344,0%@1344,0%@1344],GR3D_FREQ,0%,cpu@53.062C,soc2@51.281C,soc0@52.125C,gpu@53.187C,tj@53.187C,soc1@52.156C,VDD_IN,7210mW/9770mW,VDD_CPU_GPU_CV,2211mW/3727mW,VDD_SOC,2649mW/3128mW
07-25-2026,17:08:51,RAM,919/7620MB,(lfb,127x4MB),SWAP,388/3810MB,(cached,2MB),CPU,[0%@1344,0%@1344,0%@1344,0%@1344,0%@1344,0%@1344],GR3D_FREQ,0%,cpu@53.125C,soc2@51.375C,soc0@52.312C,gpu@53.062C,tj@53.593C,soc1@52.218C,VDD_IN,6813mW/9762mW,VDD_CPU_GPU_CV,2017mW/3723mW,VDD_SOC,2610mW/3127mW
07-25-2026,17:08:51,RAM,919/7620MB,(lfb,127x4MB),SWAP,388/3810MB,(cached,2MB),CPU,[0%@1344,0%@1344,0%@1344,0%@1344,0%@1344,0%@1344],GR3D_FREQ,0%,cpu@53.125C,soc2@51.375C,soc0@51.937C,gpu@53.156C,tj@53.156C,soc1@52.281C,VDD_IN,6576mW/9753mW,VDD_CPU_GPU_CV,1858mW/3718mW,VDD_SOC,2531mW/3126mW
07-25-2026,17:08:51,RAM,919/7620MB,(lfb,127x4MB),SWAP,388/3810MB,(cached,2MB),CPU,[0%@1344,0%@1344,0%@1344,0%@1344,0%@1344,0%@1344],GR3D_FREQ,0%,cpu@53.218C,soc2@51.187C,soc0@51.968C,gpu@53.156C,tj@53.218C,soc1@52.062C,VDD_IN,6338mW/9744mW,VDD_CPU_GPU_CV,1740mW/3712mW,VDD_SOC,2531mW/3124mW
07-25-2026,17:08:52,RAM,919/7620MB,(lfb,127x4MB),SWAP,388/3810MB,(cached,2MB),CPU,[0%@1344,0%@1344,0%@1344,0%@1344,0%@1344,0%@1344],GR3D_FREQ,0%,cpu@53.031C,soc2@51.281C,soc0@51.937C,gpu@53.187C,tj@53.187C,soc1@52.093C,VDD_IN,6140mW/9735mW,VDD_CPU_GPU_CV,1621mW/3707mW,VDD_SOC,2491mW/3122mW
07-25-2026,17:08:52,RAM,919/7620MB,(lfb,127x4MB),SWAP,388/3810MB,(cached,2MB),CPU,[9%@1344,8%@1344,9%@1344,0%@1344,0%@1344,0%@1344],GR3D_FREQ,0%,cpu@53.093C,soc2@51.312C,soc0@52.218C,gpu@53.031C,tj@53.093C,soc1@52C,VDD_IN,6021mW/9725mW,VDD_CPU_GPU_CV,1542mW/3701mW,VDD_SOC,2452mW/3120mW
07-25-2026,17:08:52,RAM,919/7620MB,(lfb,127x4MB),SWAP,388/3810MB,(cached,2MB),CPU,[0%@1344,9%@1344,0%@1344,0%@1344,0%@1344,0%@1344],GR3D_FREQ,0%,cpu@53.125C,soc2@51.281C,soc0@51.937C,gpu@53C,tj@53C,soc1@52.156C,VDD_IN,5942mW/9715mW,VDD_CPU_GPU_CV,1502mW/3695mW,VDD_SOC,2452mW/3119mW
07-25-2026,17:08:52,RAM,919/7620MB,(lfb,127x4MB),SWAP,388/3810MB,(cached,2MB),CPU,[0%@1344,0%@1344,0%@1344,0%@1344,0%@1344,0%@1344],GR3D_FREQ,0%,cpu@53.093C,soc2@51.125C,soc0@51.937C,gpu@53.031C,tj@53.093C,soc1@52.218C,VDD_IN,5863mW/9705mW,VDD_CPU_GPU_CV,1423mW/3689mW,VDD_SOC,2412mW/3117mW
07-25-2026,17:08:52,RAM,919/7620MB,(lfb,127x4MB),SWAP,388/3810MB,(cached,2MB),CPU,[0%@1344,0%@1344,0%@1344,0%@1344,0%@1344,0%@1344],GR3D_FREQ,0%,cpu@53.125C,soc2@51.187C,soc0@51.906C,gpu@52.937C,tj@52.937C,soc1@52C,VDD_IN,5783mW/9694mW,VDD_CPU_GPU_CV,1384mW/3683mW,VDD_SOC,2412mW/3115mW
07-25-2026,17:08:52,RAM,919/7620MB,(lfb,127x4MB),SWAP,388/3810MB,(cached,2MB),CPU,[0%@1344,0%@1344,0%@1344,0%@1344,0%@1344,0%@1344],GR3D_FREQ,0%,cpu@52.968C,soc2@51.25C,soc0@52C,gpu@52.843C,tj@52.968C,soc1@52.125C,VDD_IN,5704mW/9684mW,VDD_CPU_GPU_CV,1384mW/3677mW,VDD_SOC,2412mW/3113mW
07-25-2026,17:08:52,RAM,919/7620MB,(lfb,127x4MB),SWAP,388/3810MB,(cached,2MB),CPU,[0%@1344,0%@1344,0%@1344,0%@1344,0%@1344,0%@1344],GR3D_FREQ,0%,cpu@52.906C,soc2@51.25C,soc0@52.281C,gpu@53.093C,tj@53.093C,soc1@52.093C,VDD_IN,5665mW/9673mW,VDD_CPU_GPU_CV,1344mW/3671mW,VDD_SOC,2412mW/3111mW
07-25-2026,17:08:52,RAM,919/7620MB,(lfb,127x4MB),SWAP,388/3810MB,(cached,2MB),CPU,[0%@1344,0%@1344,0%@1344,0%@1344,0%@1344,0%@1344],GR3D_FREQ,0%,cpu@52.968C,soc2@51.281C,soc0@51.875C,gpu@52.843C,tj@52.968C,soc1@52.187C,VDD_IN,5665mW/9663mW,VDD_CPU_GPU_CV,1344mW/3665mW,VDD_SOC,2416mW/3110mW
07-25-2026,17:08:52,RAM,919/7620MB,(lfb,127x4MB),SWAP,388/3810MB,(cached,2MB),CPU,[0%@1344,0%@1344,0%@1344,0%@1344,0%@1344,0%@1344],GR3D_FREQ,0%,cpu@53.062C,soc2@51.156C,soc0@51.906C,gpu@53.093C,tj@53.093C,soc1@51.968C,VDD_IN,5625mW/9652mW,VDD_CPU_GPU_CV,1305mW/3659mW,VDD_SOC,2416mW/3108mW
07-25-2026,17:08:52,RAM,919/7620MB,(lfb,127x4MB),SWAP,388/3810MB,(cached,2MB),CPU,[0%@1344,0%@1344,0%@1344,0%@1344,0%@1344,0%@1344],GR3D_FREQ,0%,cpu@52.875C,soc2@51.093C,soc0@51.937C,gpu@53C,tj@53C,soc1@51.906C,VDD_IN,5634mW/9642mW,VDD_CPU_GPU_CV,1305mW/3653mW,VDD_SOC,2376mW/3106mW
07-25-2026,17:08:53,RAM,920/7620MB,(lfb,127x4MB),SWAP,388/3810MB,(cached,2MB),CPU,[0%@1344,9%@1344,0%@1344,0%@1344,0%@1344,0%@1344],GR3D_FREQ,0%,cpu@52.937C,soc2@51.093C,soc0@52.125C,gpu@52.843C,tj@52.937C,soc1@52C,VDD_IN,5634mW/9632mW,VDD_CPU_GPU_CV,1307mW/3647mW,VDD_SOC,2376mW/3104mW
07-25-2026,17:08:53,RAM,920/7620MB,(lfb,127x4MB),SWAP,388/3810MB,(cached,2MB),CPU,[0%@1344,0%@1344,0%@1344,0%@1344,0%@1344,0%@1344],GR3D_FREQ,0%,cpu@52.937C,soc2@51.125C,soc0@51.843C,gpu@53.031C,tj@53.031C,soc1@52.031C,VDD_IN,5594mW/9621mW,VDD_CPU_GPU_CV,1307mW/3641mW,VDD_SOC,2376mW/3102mW
07-25-2026,17:08:53,RAM,920/7620MB,(lfb,127x4MB),SWAP,388/3810MB,(cached,2MB),CPU,[0%@1344,0%@1344,0%@1344,0%@1344,0%@1344,0%@1344],GR3D_FREQ,0%,cpu@53.031C,soc2@51.218C,soc0@51.843C,gpu@52.906C,tj@53.031C,soc1@52.218C,VDD_IN,5594mW/9611mW,VDD_CPU_GPU_CV,1307mW/3635mW,VDD_SOC,2376mW/3100mW
07-25-2026,17:08:53,RAM,920/7620MB,(lfb,127x4MB),SWAP,388/3810MB,(cached,2MB),CPU,[0%@1344,0%@1344,0%@1344,0%@1344,0%@1344,0%@1344],GR3D_FREQ,0%,cpu@52.812C,soc2@51.093C,soc0@51.937C,gpu@52.781C,tj@52.812C,soc1@51.906C,VDD_IN,5594mW/9601mW,VDD_CPU_GPU_CV,1267mW/3629mW,VDD_SOC,2376mW/3098mW
07-25-2026,17:08:53,RAM,920/7620MB,(lfb,127x4MB),SWAP,388/3810MB,(cached,2MB),CPU,[0%@1344,0%@1344,0%@1344,0%@1344,0%@1344,0%@1344],GR3D_FREQ,0%,cpu@52.906C,soc2@50.937C,soc0@52.031C,gpu@52.906C,tj@52.906C,soc1@51.937C,VDD_IN,5594mW/9590mW,VDD_CPU_GPU_CV,1267mW/3623mW,VDD_SOC,2376mW/3096mW
07-25-2026,17:08:53,RAM,920/7620MB,(lfb,127x4MB),SWAP,388/3810MB,(cached,2MB),CPU,[0%@1344,0%@1344,0%@1344,0%@1344,0%@1344,0%@1344],GR3D_FREQ,0%,cpu@52.875C,soc2@51.031C,soc0@52.125C,gpu@52.812C,tj@52.875C,soc1@51.875C,VDD_IN,5555mW/9580mW,VDD_CPU_GPU_CV,1267mW/3617mW,VDD_SOC,2376mW/3095mW
07-25-2026,17:08:53,RAM,920/7620MB,(lfb,127x4MB),SWAP,388/3810MB,(cached,2MB),CPU,[0%@1344,0%@1344,0%@1344,0%@1344,0%@1344,0%@1344],GR3D_FREQ,0%,cpu@52.906C,soc2@51.156C,soc0@51.75C,gpu@53.031C,tj@52.906C,soc1@52.25C,VDD_IN,5555mW/9570mW,VDD_CPU_GPU_CV,1267mW/3611mW,VDD_SOC,2376mW/3093mW
07-25-2026,17:08:53,RAM,920/7620MB,(lfb,127x4MB),SWAP,388/3810MB,(cached,2MB),CPU,[0%@1344,0%@1344,0%@1344,0%@1344,0%@1344,0%@1344],GR3D_FREQ,0%,cpu@52.968C,soc2@51.031C,soc0@51.875C,gpu@52.937C,tj@52.968C,soc1@52.25C,VDD_IN,5555mW/9560mW,VDD_CPU_GPU_CV,1267mW/3605mW,VDD_SOC,2376mW/3091mW
07-25-2026,17:08:53,RAM,920/7620MB,(lfb,127x4MB),SWAP,388/3810MB,(cached,2MB),CPU,[0%@1344,0%@1344,0%@1344,0%@1344,0%@1344,0%@1344],GR3D_FREQ,0%,cpu@52.781C,soc2@51.031C,soc0@51.875C,gpu@52.812C,tj@52.812C,soc1@52.031C,VDD_IN,5555mW/9549mW,VDD_CPU_GPU_CV,1267mW/3599mW,VDD_SOC,2376mW/3089mW
07-25-2026,17:08:54,RAM,920/7620MB,(lfb,127x4MB),SWAP,388/3810MB,(cached,2MB),CPU,[0%@1344,0%@1344,0%@1344,0%@1344,0%@1344,0%@1344],GR3D_FREQ,0%,cpu@52.781C,soc2@50.968C,soc0@51.968C,gpu@53.031C,tj@53.031C,soc1@51.937C,VDD_IN,5555mW/9539mW,VDD_CPU_GPU_CV,1267mW/3593mW,VDD_SOC,2376mW/3087mW
07-25-2026,17:08:54,RAM,920/7620MB,(lfb,127x4MB),SWAP,388/3810MB,(cached,2MB),CPU,[0%@1344,0%@1344,0%@1344,9%@1344,0%@1344,0%@1344],GR3D_FREQ,0%,cpu@52.875C,soc2@51.156C,soc0@51.718C,gpu@52.906C,tj@52.906C,soc1@52C,VDD_IN,5594mW/9529mW,VDD_CPU_GPU_CV,1267mW/3587mW,VDD_SOC,2376mW/3086mW
07-25-2026,17:08:54,RAM,920/7620MB,(lfb,127x4MB),SWAP,388/3810MB,(cached,2MB),CPU,[0%@1344,0%@1344,0%@1344,0%@1344,0%@1344,0%@1344],GR3D_FREQ,0%,cpu@53C,soc2@50.968C,soc0@51.843C,gpu@52.75C,tj@53C,soc1@52.218C,VDD_IN,5594mW/9520mW,VDD_CPU_GPU_CV,1267mW/3581mW,VDD_SOC,2376mW/3084mW
07-25-2026,17:08:54,RAM,920/7620MB,(lfb,127x4MB),SWAP,388/3810MB,(cached,2MB),CPU,[0%@1344,0%@1344,0%@1344,0%@1344,0%@1344,0%@1344],GR3D_FREQ,0%,cpu@52.75C,soc2@51C,soc0@51.843C,gpu@52.937C,tj@52.937C,soc1@51.781C,VDD_IN,5555mW/9510mW,VDD_CPU_GPU_CV,1267mW/3576mW,VDD_SOC,2376mW/3082mW
07-25-2026,17:08:54,RAM,920/7620MB,(lfb,127x4MB),SWAP,388/3810MB,(cached,2MB),CPU,[0%@1344,8%@1344,0%@1344,0%@1344,0%@1344,0%@1344],GR3D_FREQ,0%,cpu@52.812C,soc2@50.937C,soc0@51.875C,gpu@52.718C,tj@52.812C,soc1@52C,VDD_IN,5555mW/9500mW,VDD_CPU_GPU_CV,1267mW/3570mW,VDD_SOC,2376mW/3080mW
07-25-2026,17:08:54,RAM,920/7620MB,(lfb,127x4MB),SWAP,388/3810MB,(cached,2MB),CPU,[0%@1344,0%@1344,0%@1344,0%@1344,0%@1344,0%@1344],GR3D_FREQ,0%,cpu@52.875C,soc2@51.031C,soc0@51.812C,gpu@52.718C,tj@52.875C,soc1@51.812C,VDD_IN,5555mW/9490mW,VDD_CPU_GPU_CV,1267mW/3564mW,VDD_SOC,2376mW/3079mW
07-25-2026,17:08:54,RAM,920/7620MB,(lfb,127x4MB),SWAP,388/3810MB,(cached,2MB),CPU,[0%@1344,0%@1344,0%@1344,0%@1344,0%@1344,0%@1344],GR3D_FREQ,0%,cpu@52.906C,soc2@51.062C,soc0@51.625C,gpu@52.906C,tj@52.906C,soc1@52.156C,VDD_IN,5555mW/9480mW,VDD_CPU_GPU_CV,1267mW/3558mW,VDD_SOC,2376mW/3077mW
07-25-2026,17:08:54,RAM,920/7620MB,(lfb,127x4MB),SWAP,388/3810MB,(cached,2MB),CPU,[0%@1344,0%@1344,0%@1344,0%@1344,0%@1344,0%@1344],GR3D_FREQ,0%,cpu@52.875C,soc2@51C,soc0@51.812C,gpu@52.687C,tj@52.875C,soc1@51.718C,VDD_IN,5555mW/9470mW,VDD_CPU_GPU_CV,1267mW/3553mW,VDD_SOC,2376mW/3075mW
07-25-2026,17:08:54,RAM,920/7620MB,(lfb,127x4MB),SWAP,388/3810MB,(cached,2MB),CPU,[0%@1344,0%@1344,0%@1344,0%@1344,0%@1344,0%@1344],GR3D_FREQ,0%,cpu@52.656C,soc2@50.937C,soc0@51.968C,gpu@53.031C,tj@53.031C,soc1@51.843C,VDD_IN,5555mW/9461mW,VDD_CPU_GPU_CV,1267mW/3547mW,VDD_SOC,2376mW/3073mW
07-25-2026,17:08:54,RAM,920/7620MB,(lfb,127x4MB),SWAP,388/3810MB,(cached,2MB),CPU,[0%@1344,0%@1344,0%@1344,0%@1344,0%@1344,0%@1344],GR3D_FREQ,0%,cpu@52.812C,soc2@50.968C,soc0@51.843C,gpu@52.812C,tj@52.812C,soc1@51.968C,VDD_IN,5555mW/9451mW,VDD_CPU_GPU_CV,1267mW/3541mW,VDD_SOC,2376mW/3072mW
07-25-2026,17:08:55,RAM,920/7620MB,(lfb,127x4MB),SWAP,388/3810MB,(cached,2MB),CPU,[0%@1344,0%@1344,0%@1344,0%@1344,0%@1344,0%@1344],GR3D_FREQ,0%,cpu@52.875C,soc2@51.062C,soc0@51.687C,gpu@52.781C,tj@52.875C,soc1@51.968C,VDD_IN,5555mW/9441mW,VDD_CPU_GPU_CV,1267mW/3536mW,VDD_SOC,2376mW/3070mW
07-25-2026,17:08:55,RAM,918/7620MB,(lfb,128x4MB),SWAP,388/3810MB,(cached,2MB),CPU,[0%@1344,0%@1344,9%@1344,0%@1344,0%@1344,0%@1344],GR3D_FREQ,0%,cpu@52.906C,soc2@50.875C,soc0@51.781C,gpu@52.937C,tj@52.937C,soc1@52.156C,VDD_IN,5555mW/9432mW,VDD_CPU_GPU_CV,1267mW/3530mW,VDD_SOC,2376mW/3068mW
07-25-2026,17:08:55,RAM,918/7620MB,(lfb,128x4MB),SWAP,388/3810MB,(cached,2MB),CPU,[0%@1344,0%@1344,0%@1344,0%@1344,0%@1344,0%@1344],GR3D_FREQ,0%,cpu@52.75C,soc2@50.937C,soc0@51.718C,gpu@52.781C,tj@52.781C,soc1@51.875C,VDD_IN,5555mW/9422mW,VDD_CPU_GPU_CV,1267mW/3525mW,VDD_SOC,2376mW/3066mW
07-25-2026,17:08:55,RAM,918/7620MB,(lfb,128x4MB),SWAP,388/3810MB,(cached,2MB),CPU,[0%@1344,0%@1344,0%@1344,0%@1344,0%@1344,0%@1344],GR3D_FREQ,0%,cpu@52.718C,soc2@50.781C,soc0@51.937C,gpu@52.718C,tj@52.718C,soc1@51.906C,VDD_IN,5555mW/9413mW,VDD_CPU_GPU_CV,1267mW/3519mW,VDD_SOC,2376mW/3065mW
07-25-2026,17:08:55,RAM,918/7620MB,(lfb,128x4MB),SWAP,388/3810MB,(cached,2MB),CPU,[0%@1344,0%@1344,0%@1344,0%@1344,0%@1344,0%@1344],GR3D_FREQ,0%,cpu@52.75C,soc2@50.968C,soc0@51.937C,gpu@52.968C,tj@52.968C,soc1@51.968C,VDD_IN,5555mW/9404mW,VDD_CPU_GPU_CV,1267mW/3514mW,VDD_SOC,2376mW/3063mW
07-25-2026,17:08:55,RAM,918/7620MB,(lfb,128x4MB),SWAP,388/3810MB,(cached,2MB),CPU,[0%@1344,0%@1344,0%@1344,0%@1344,0%@1344,0%@1344],GR3D_FREQ,0%,cpu@52.906C,soc2@50.937C,soc0@51.75C,gpu@52.75C,tj@52.906C,soc1@51.906C,VDD_IN,5555mW/9394mW,VDD_CPU_GPU_CV,1267mW/3508mW,VDD_SOC,2376mW/3061mW
07-25-2026,17:08:55,RAM,918/7620MB,(lfb,128x4MB),SWAP,388/3810MB,(cached,2MB),CPU,[0%@1344,0%@1344,0%@1344,0%@1344,0%@1344,0%@1344],GR3D_FREQ,0%,cpu@52.937C,soc2@50.781C,soc0@51.781C,gpu@53C,tj@53C,soc1@51.75C,VDD_IN,5555mW/9385mW,VDD_CPU_GPU_CV,1267mW/3503mW,VDD_SOC,2376mW/3060mW
07-25-2026,17:08:55,RAM,918/7620MB,(lfb,128x4MB),SWAP,388/3810MB,(cached,2MB),CPU,[0%@1344,0%@1344,0%@1344,0%@1344,0%@1344,0%@1344],GR3D_FREQ,0%,cpu@52.781C,soc2@50.843C,soc0@51.781C,gpu@52.843C,tj@52.843C,soc1@51.812C,VDD_IN,5555mW/9376mW,VDD_CPU_GPU_CV,1267mW/3497mW,VDD_SOC,2376mW/3058mW
07-25-2026,17:08:55,RAM,918/7620MB,(lfb,128x4MB),SWAP,388/3810MB,(cached,2MB),CPU,[0%@1344,0%@1344,0%@1344,0%@1344,0%@1344,0%@1344],GR3D_FREQ,0%,cpu@52.812C,soc2@50.906C,soc0@51.937C,gpu@52.718C,tj@52.812C,soc1@51.843C,VDD_IN,5555mW/9366mW,VDD_CPU_GPU_CV,1267mW/3492mW,VDD_SOC,2376mW/3056mW
07-25-2026,17:08:56,RAM,918/7620MB,(lfb,128x4MB),SWAP,388/3810MB,(cached,2MB),CPU,[9%@1344,0%@1344,0%@1344,0%@1344,0%@1344,0%@1344],GR3D_FREQ,0%,cpu@52.812C,soc2@50.937C,soc0@51.781C,gpu@53.031C,tj@53.031C,soc1@51.937C,VDD_IN,5555mW/9357mW,VDD_CPU_GPU_CV,1267mW/3487mW,VDD_SOC,2376mW/3055mW
07-25-2026,17:08:56,RAM,918/7620MB,(lfb,128x4MB),SWAP,388/3810MB,(cached,2MB),CPU,[0%@1344,0%@1344,0%@1344,0%@1344,0%@1344,9%@1344],GR3D_FREQ,0%,cpu@52.968C,soc2@50.968C,soc0@51.656C,gpu@52.843C,tj@52.875C,soc1@52.156C,VDD_IN,5555mW/9348mW,VDD_CPU_GPU_CV,1267mW/3481mW,VDD_SOC,2376mW/3053mW
07-25-2026,17:08:56,RAM,918/7620MB,(lfb,128x4MB),SWAP,388/3810MB,(cached,2MB),CPU,[0%@1344,9%@1344,0%@1344,0%@1344,0%@1344,0%@1344],GR3D_FREQ,0%,cpu@52.906C,soc2@50.875C,soc0@51.781C,gpu@52.718C,tj@52.718C,soc1@51.718C,VDD_IN,5555mW/9339mW,VDD_CPU_GPU_CV,1267mW/3476mW,VDD_SOC,2376mW/3052mW
07-25-2026,17:08:56,RAM,918/7620MB,(lfb,128x4MB),SWAP,388/3810MB,(cached,2MB),CPU,[0%@1344,0%@1344,0%@1344,0%@1344,0%@1344,0%@1344],GR3D_FREQ,0%,cpu@52.718C,soc2@50.843C,soc0@51.656C,gpu@53.062C,tj@53.062C,soc1@51.843C,VDD_IN,5555mW/9330mW,VDD_CPU_GPU_CV,1267mW/3471mW,VDD_SOC,2376mW/3050mW
07-25-2026,17:08:56,RAM,918/7620MB,(lfb,128x4MB),SWAP,388/3810MB,(cached,2MB),CPU,[0%@1344,0%@1344,0%@1344,0%@1344,0%@1344,0%@1344],GR3D_FREQ,0%,cpu@52.812C,soc2@50.843C,soc0@51.812C,gpu@52.75C,tj@52.812C,soc1@51.875C,VDD_IN,5555mW/9321mW,VDD_CPU_GPU_CV,1267mW/3465mW,VDD_SOC,2376mW/3048mW
07-25-2026,17:08:56,RAM,918/7620MB,(lfb,128x4MB),SWAP,388/3810MB,(cached,2MB),CPU,[0%@1344,0%@1344,0%@1344,0%@1344,0%@1344,0%@1344],GR3D_FREQ,0%,cpu@52.812C,soc2@50.937C,soc0@51.718C,gpu@53C,tj@53C,soc1@51.937C,VDD_IN,5555mW/9312mW,VDD_CPU_GPU_CV,1267mW/3460mW,VDD_SOC,2376mW/3047mW
07-25-2026,17:08:56,RAM,918/7620MB,(lfb,128x4MB),SWAP,388/3810MB,(cached,2MB),CPU,[0%@1344,9%@1344,0%@1344,0%@1344,0%@1344,0%@1344],GR3D_FREQ,0%,cpu@52.843C,soc2@50.781C,soc0@51.75C,gpu@52.968C,tj@52.968C,soc1@51.75C,VDD_IN,5555mW/9303mW,VDD_CPU_GPU_CV,1267mW/3455mW,VDD_SOC,2376mW/3045mW
07-25-2026,17:08:56,RAM,918/7620MB,(lfb,128x4MB),SWAP,388/3810MB,(cached,2MB),CPU,[0%@1344,0%@1344,0%@1344,0%@1344,0%@1344,0%@1344],GR3D_FREQ,0%,cpu@52.656C,soc2@50.781C,soc0@51.718C,gpu@52.687C,tj@52.687C,soc1@51.75C,VDD_IN,5555mW/9294mW,VDD_CPU_GPU_CV,1267mW/3450mW,VDD_SOC,2376mW/3044mW
07-25-2026,17:08:56,RAM,918/7620MB,(lfb,128x4MB),SWAP,388/3810MB,(cached,2MB),CPU,[0%@1344,0%@1344,0%@1344,0%@1344,0%@1344,0%@1344],GR3D_FREQ,0%,cpu@52.625C,soc2@50.937C,soc0@51.875C,gpu@53.062C,tj@53.062C,soc1@51.875C,VDD_IN,5555mW/9285mW,VDD_CPU_GPU_CV,1267mW/3445mW,VDD_SOC,2376mW/3042mW
07-25-2026,17:08:56,RAM,918/7620MB,(lfb,128x4MB),SWAP,388/3810MB,(cached,2MB),CPU,[0%@1344,0%@1344,0%@1344,0%@1344,0%@1344,0%@1344],GR3D_FREQ,0%,cpu@52.812C,soc2@50.812C,soc0@51.906C,gpu@52.812C,tj@52.812C,soc1@51.875C,VDD_IN,5555mW/9276mW,VDD_CPU_GPU_CV,1267mW/3439mW,VDD_SOC,2376mW/3040mW
07-25-2026,17:08:57,RAM,918/7620MB,(lfb,128x4MB),SWAP,388/3810MB,(cached,2MB),CPU,[9%@1344,9%@1344,0%@1344,0%@1344,0%@1344,0%@1344],GR3D_FREQ,0%,cpu@52.812C,soc2@50.968C,soc0@51.656C,gpu@52.781C,tj@52.781C,soc1@51.656C,VDD_IN,5555mW/9268mW,VDD_CPU_GPU_CV,1267mW/3434mW,VDD_SOC,2376mW/3039mW
07-25-2026,17:08:57,RAM,919/7620MB,(lfb,128x4MB),SWAP,388/3810MB,(cached,2MB),CPU,[8%@1344,0%@1344,16%@1344,0%@1344,9%@1344,0%@1344],GR3D_FREQ,0%,cpu@52.937C,soc2@50.718C,soc0@51.687C,gpu@53.031C,tj@53.031C,soc1@51.718C,VDD_IN,5555mW/9259mW,VDD_CPU_GPU_CV,1267mW/3429mW,VDD_SOC,2376mW/3037mW
07-25-2026,17:08:57,RAM,919/7620MB,(lfb,128x4MB),SWAP,388/3810MB,(cached,2MB),CPU,[0%@1344,0%@1344,0%@1344,0%@1344,0%@1344,0%@1344],GR3D_FREQ,0%,cpu@52.625C,soc2@50.812C,soc0@51.906C,gpu@52.812C,tj@52.812C,soc1@51.687C,VDD_IN,5555mW/9250mW,VDD_CPU_GPU_CV,1267mW/3424mW,VDD_SOC,2376mW/3036mW
07-25-2026,17:08:57,RAM,919/7620MB,(lfb,128x4MB),SWAP,388/3810MB,(cached,2MB),CPU,[0%@1344,0%@1344,0%@1344,0%@1344,0%@1344,0%@1344],GR3D_FREQ,0%,cpu@52.687C,soc2@50.906C,soc0@51.843C,gpu@52.687C,tj@52.687C,soc1@51.875C,VDD_IN,5555mW/9242mW,VDD_CPU_GPU_CV,1267mW/3419mW,VDD_SOC,2376mW/3034mW
07-25-2026,17:08:57,RAM,919/7620MB,(lfb,128x4MB),SWAP,388/3810MB,(cached,2MB),CPU,[0%@1344,0%@1344,0%@1344,0%@1344,0%@1344,0%@1344],GR3D_FREQ,0%,cpu@52.875C,soc2@50.875C,soc0@51.656C,gpu@52.906C,tj@52.906C,soc1@52C,VDD_IN,5555mW/9233mW,VDD_CPU_GPU_CV,1267mW/3414mW,VDD_SOC,2376mW/3033mW
07-25-2026,17:08:57,RAM,919/7620MB,(lfb,128x4MB),SWAP,388/3810MB,(cached,2MB),CPU,[0%@1344,0%@1344,0%@1344,0%@1344,0%@1344,0%@1344],GR3D_FREQ,0%,cpu@52.812C,soc2@50.812C,soc0@51.687C,gpu@52.687C,tj@52.812C,soc1@51.656C,VDD_IN,5555mW/9225mW,VDD_CPU_GPU_CV,1267mW/3409mW,VDD_SOC,2376mW/3031mW
07-25-2026,17:08:57,RAM,919/7620MB,(lfb,128x4MB),SWAP,388/3810MB,(cached,2MB),CPU,[0%@1344,0%@1344,0%@1344,0%@1344,0%@1344,0%@1344],GR3D_FREQ,0%,cpu@52.625C,soc2@50.75C,soc0@51.75C,gpu@52.5C,tj@52.625C,soc1@51.656C,VDD_IN,5555mW/9216mW,VDD_CPU_GPU_CV,1267mW/3404mW,VDD_SOC,2376mW/3030mW
07-25-2026,17:08:57,RAM,919/7620MB,(lfb,128x4MB),SWAP,388/3810MB,(cached,2MB),CPU,[0%@1344,0%@1344,0%@1344,0%@1344,0%@1344,0%@1344],GR3D_FREQ,0%,cpu@52.687C,soc2@50.875C,soc0@51.906C,gpu@52.906C,tj@52.906C,soc1@51.843C,VDD_IN,5555mW/9208mW,VDD_CPU_GPU_CV,1267mW/3399mW,VDD_SOC,2376mW/3028mW
07-25-2026,17:08:57,RAM,919/7620MB,(lfb,128x4MB),SWAP,388/3810MB,(cached,2MB),CPU,[0%@1344,9%@1344,0%@1344,0%@1344,0%@1344,0%@1344],GR3D_FREQ,0%,cpu@52.843C,soc2@50.843C,soc0@51.937C,gpu@52.75C,tj@52.843C,soc1@51.75C,VDD_IN,5555mW/9199mW,VDD_CPU_GPU_CV,1267mW/3394mW,VDD_SOC,2376mW/3027mW
07-25-2026,17:08:58,RAM,919/7620MB,(lfb,128x4MB),SWAP,388/3810MB,(cached,2MB),CPU,[0%@1344,0%@1344,0%@1344,0%@1344,0%@1344,0%@1344],GR3D_FREQ,0%,cpu@52.812C,soc2@50.718C,soc0@51.656C,gpu@53.031C,tj@53.031C,soc1@51.625C,VDD_IN,5555mW/9191mW,VDD_CPU_GPU_CV,1267mW/3389mW,VDD_SOC,2376mW/3025mW
07-25-2026,17:08:58,RAM,919/7620MB,(lfb,128x4MB),SWAP,388/3810MB,(cached,2MB),CPU,[0%@1344,0%@1344,0%@1344,0%@1344,9%@1344,0%@1344],GR3D_FREQ,0%,cpu@52.531C,soc2@50.843C,soc0@51.656C,gpu@52.875C,tj@52.875C,soc1@51.687C,VDD_IN,5555mW/9182mW,VDD_CPU_GPU_CV,1267mW/3384mW,VDD_SOC,2376mW/3024mW
07-25-2026,17:08:58,RAM,919/7620MB,(lfb,128x4MB),SWAP,388/3810MB,(cached,2MB),CPU,[0%@1344,0%@1344,0%@1344,0%@1344,0%@1344,0%@1344],GR3D_FREQ,0%,cpu@52.625C,soc2@50.687C,soc0@51.812C,gpu@52.625C,tj@52.625C,soc1@51.687C,VDD_IN,5555mW/9174mW,VDD_CPU_GPU_CV,1267mW/3380mW,VDD_SOC,2376mW/3022mW
07-25-2026,17:08:58,RAM,919/7620MB,(lfb,128x4MB),SWAP,388/3810MB,(cached,2MB),CPU,[0%@1344,0%@1344,0%@1344,0%@1344,0%@1344,0%@1344],GR3D_FREQ,0%,cpu@52.718C,soc2@50.906C,soc0@51.843C,gpu@53.062C,tj@53.062C,soc1@51.906C,VDD_IN,5555mW/9166mW,VDD_CPU_GPU_CV,1267mW/3375mW,VDD_SOC,2376mW/3021mW
07-25-2026,17:08:58,RAM,919/7620MB,(lfb,128x4MB),SWAP,388/3810MB,(cached,2MB),CPU,[0%@1344,0%@1344,0%@1344,0%@1344,0%@1344,0%@1344],GR3D_FREQ,0%,cpu@52.843C,soc2@50.875C,soc0@51.593C,gpu@52.781C,tj@52.843C,soc1@51.937C,VDD_IN,5555mW/9157mW,VDD_CPU_GPU_CV,1267mW/3370mW,VDD_SOC,2376mW/3019mW
07-25-2026,17:08:58,RAM,919/7620MB,(lfb,128x4MB),SWAP,388/3810MB,(cached,2MB),CPU,[0%@1344,0%@1344,0%@1344,0%@1344,0%@1344,0%@1344],GR3D_FREQ,0%,cpu@52.875C,soc2@50.656C,soc0@51.656C,gpu@52.531C,tj@52.875C,soc1@51.687C,VDD_IN,5555mW/9149mW,VDD_CPU_GPU_CV,1267mW/3365mW,VDD_SOC,2376mW/3018mW
07-25-2026,17:08:58,RAM,919/7620MB,(lfb,128x4MB),SWAP,388/3810MB,(cached,2MB),CPU,[0%@1344,0%@1344,0%@1344,0%@1344,0%@1344,0%@1344],GR3D_FREQ,0%,cpu@52.5C,soc2@50.75C,soc0@51.718C,gpu@52.968C,tj@52.968C,soc1@51.656C,VDD_IN,5555mW/9141mW,VDD_CPU_GPU_CV,1267mW/3360mW,VDD_SOC,2376mW/3016mW
07-25-2026,17:08:58,RAM,919/7620MB,(lfb,128x4MB),SWAP,388/3810MB,(cached,2MB),CPU,[0%@1344,0%@1344,0%@1344,0%@1344,0%@1344,0%@1344],GR3D_FREQ,0%,cpu@52.625C,soc2@50.75C,soc0@51.75C,gpu@52.812C,tj@52.812C,soc1@51.812C,VDD_IN,5555mW/9133mW,VDD_CPU_GPU_CV,1267mW/3356mW,VDD_SOC,2376mW/3015mW
07-25-2026,17:08:58,RAM,919/7620MB,(lfb,128x4MB),SWAP,388/3810MB,(cached,2MB),CPU,[0%@1344,0%@1344,0%@1344,0%@1344,0%@1344,0%@1344],GR3D_FREQ,0%,cpu@52.812C,soc2@50.687C,soc0@51.562C,gpu@52.406C,tj@52.812C,soc1@51.781C,VDD_IN,5555mW/9125mW,VDD_CPU_GPU_CV,1267mW/3351mW,VDD_SOC,2376mW/3013mW
07-25-2026,17:08:58,RAM,919/7620MB,(lfb,128x4MB),SWAP,388/3810MB,(cached,2MB),CPU,[0%@1344,15%@1344,0%@1344,0%@1344,0%@1344,0%@1344],GR3D_FREQ,0%,cpu@52.781C,soc2@50.968C,soc0@51.625C,gpu@52.906C,tj@52.906C,soc1@51.812C,VDD_IN,5555mW/9117mW,VDD_CPU_GPU_CV,1267mW/3346mW,VDD_SOC,2376mW/3012mW
07-25-2026,17:08:59,RAM,919/7620MB,(lfb,128x4MB),SWAP,388/3810MB,(cached,2MB),CPU,[0%@1344,0%@1344,0%@1344,0%@1344,0%@1344,0%@1344],GR3D_FREQ,0%,cpu@52.593C,soc2@50.781C,soc0@51.625C,gpu@52.718C,tj@52.718C,soc1@51.687C,VDD_IN,5555mW/9109mW,VDD_CPU_GPU_CV,1267mW/3342mW,VDD_SOC,2376mW/3010mW
07-25-2026,17:08:59,RAM,920/7620MB,(lfb,128x4MB),SWAP,388/3810MB,(cached,2MB),CPU,[0%@1344,0%@1344,0%@1344,0%@1344,0%@1344,0%@1344],GR3D_FREQ,0%,cpu@52.593C,soc2@50.812C,soc0@51.656C,gpu@52.5C,tj@52.593C,soc1@51.781C,VDD_IN,5555mW/9101mW,VDD_CPU_GPU_CV,1267mW/3337mW,VDD_SOC,2376mW/3009mW
07-25-2026,17:08:59,RAM,920/7620MB,(lfb,128x4MB),SWAP,388/3810MB,(cached,2MB),CPU,[0%@1344,0%@1344,0%@1344,0%@1344,0%@1344,0%@1344],GR3D_FREQ,0%,cpu@52.687C,soc2@50.781C,soc0@51.843C,gpu@52.843C,tj@52.843C,soc1@51.843C,VDD_IN,5555mW/9093mW,VDD_CPU_GPU_CV,1267mW/3332mW,VDD_SOC,2376mW/3008mW
07-25-2026,17:08:59,RAM,920/7620MB,(lfb,128x4MB),SWAP,388/3810MB,(cached,2MB),CPU,[0%@1344,0%@1344,0%@1344,0%@1344,0%@1344,0%@1344],GR3D_FREQ,0%,cpu@52.687C,soc2@50.781C,soc0@51.656C,gpu@52.718C,tj@52.718C,soc1@51.843C,VDD_IN,5555mW/9085mW,VDD_CPU_GPU_CV,1267mW/3328mW,VDD_SOC,2376mW/3006mW
07-25-2026,17:08:59,RAM,920/7620MB,(lfb,128x4MB),SWAP,388/3810MB,(cached,2MB),CPU,[0%@1344,0%@1344,0%@1344,0%@1344,0%@1344,0%@1344],GR3D_FREQ,0%,cpu@52.906C,soc2@50.718C,soc0@51.562C,gpu@52.406C,tj@52.812C,soc1@51.531C,VDD_IN,5555mW/9077mW,VDD_CPU_GPU_CV,1267mW/3323mW,VDD_SOC,2376mW/3005mW
07-25-2026,17:08:59,RAM,920/7620MB,(lfb,128x4MB),SWAP,388/3810MB,(cached,2MB),CPU,[0%@1344,0%@1344,0%@1344,0%@1344,0%@1344,0%@1344],GR3D_FREQ,0%,cpu@52.531C,soc2@50.656C,soc0@51.718C,gpu@52.937C,tj@52.937C,soc1@51.687C,VDD_IN,5555mW/9069mW,VDD_CPU_GPU_CV,1267mW/3318mW,VDD_SOC,2376mW/3003mW
07-25-2026,17:08:59,RAM,920/7620MB,(lfb,128x4MB),SWAP,388/3810MB,(cached,2MB),CPU,[0%@1344,9%@1344,0%@1344,0%@1344,0%@1344,0%@1344],GR3D_FREQ,0%,cpu@52.625C,soc2@50.812C,soc0@51.843C,gpu@52.531C,tj@52.625C,soc1@51.812C,VDD_IN,5555mW/9061mW,VDD_CPU_GPU_CV,1267mW/3314mW,VDD_SOC,2376mW/3002mW
07-25-2026,17:08:59,RAM,920/7620MB,(lfb,128x4MB),SWAP,388/3810MB,(cached,2MB),CPU,[0%@1344,0%@1344,0%@1344,0%@1344,0%@1344,0%@1344],GR3D_FREQ,0%,cpu@52.812C,soc2@50.718C,soc0@51.531C,gpu@53.062C,tj@53.062C,soc1@51.843C,VDD_IN,5555mW/9054mW,VDD_CPU_GPU_CV,1267mW/3309mW,VDD_SOC,2376mW/3001mW
07-25-2026,17:08:59,RAM,920/7620MB,(lfb,128x4MB),SWAP,388/3810MB,(cached,2MB),CPU,[0%@1344,0%@1344,0%@1344,0%@1344,0%@1344,0%@1344],GR3D_FREQ,0%,cpu@52.906C,soc2@50.625C,soc0@51.562C,gpu@52.812C,tj@52.906C,soc1@52C,VDD_IN,5555mW/9046mW,VDD_CPU_GPU_CV,1267mW/3305mW,VDD_SOC,2376mW/2999mW
07-25-2026,17:09:00,RAM,920/7620MB,(lfb,128x4MB),SWAP,388/3810MB,(cached,2MB),CPU,[0%@1344,0%@1344,0%@1344,0%@1344,0%@1344,0%@1344],GR3D_FREQ,0%,cpu@52.5C,soc2@50.75C,soc0@51.531C,gpu@52.5C,tj@52.5C,soc1@51.75C,VDD_IN,5555mW/9038mW,VDD_CPU_GPU_CV,1267mW/3300mW,VDD_SOC,2376mW/2998mW
07-25-2026,17:09:00,RAM,920/7620MB,(lfb,128x4MB),SWAP,388/3810MB,(cached,2MB),CPU,[0%@1344,0%@1344,0%@1344,0%@1344,0%@1344,0%@1344],GR3D_FREQ,0%,cpu@52.687C,soc2@50.718C,soc0@51.75C,gpu@52.968C,tj@52.968C,soc1@51.718C,VDD_IN,5555mW/9031mW,VDD_CPU_GPU_CV,1267mW/3296mW,VDD_SOC,2376mW/2997mW
07-25-2026,17:09:00,RAM,920/7620MB,(lfb,128x4MB),SWAP,388/3810MB,(cached,2MB),CPU,[0%@1344,0%@1344,0%@1344,9%@1344,0%@1344,0%@1344],GR3D_FREQ,0%,cpu@52.812C,soc2@50.687C,soc0@51.906C,gpu@52.781C,tj@52.812C,soc1@51.687C,VDD_IN,5555mW/9023mW,VDD_CPU_GPU_CV,1267mW/3291mW,VDD_SOC,2376mW/2995mW
07-25-2026,17:09:00,RAM,920/7620MB,(lfb,128x4MB),SWAP,388/3810MB,(cached,2MB),CPU,[0%@1344,0%@1344,0%@1344,0%@1344,0%@1344,0%@1344],GR3D_FREQ,0%,cpu@52.812C,soc2@50.812C,soc0@51.531C,gpu@52.406C,tj@52.812C,soc1@51.906C,VDD_IN,5555mW/9015mW,VDD_CPU_GPU_CV,1267mW/3287mW,VDD_SOC,2376mW/2994mW
07-25-2026,17:09:00,RAM,920/7620MB,(lfb,128x4MB),SWAP,388/3810MB,(cached,2MB),CPU,[0%@1344,0%@1344,0%@1344,0%@1344,0%@1344,0%@1344],GR3D_FREQ,0%,cpu@52.937C,soc2@50.656C,soc0@51.562C,gpu@52.843C,tj@52.843C,soc1@51.625C,VDD_IN,5555mW/9008mW,VDD_CPU_GPU_CV,1267mW/3283mW,VDD_SOC,2376mW/2992mW
07-25-2026,17:09:00,RAM,920/7620MB,(lfb,128x4MB),SWAP,388/3810MB,(cached,2MB),CPU,[9%@1344,0%@1344,0%@1344,0%@1344,0%@1344,0%@1344],GR3D_FREQ,0%,cpu@52.625C,soc2@50.718C,soc0@51.656C,gpu@52.687C,tj@52.687C,soc1@51.656C,VDD_IN,5555mW/9000mW,VDD_CPU_GPU_CV,1267mW/3278mW,VDD_SOC,2376mW/2991mW
07-25-2026,17:09:00,RAM,920/7620MB,(lfb,128x4MB),SWAP,388/3810MB,(cached,2MB),CPU,[0%@1344,0%@1344,0%@1344,0%@1344,0%@1344,0%@1344],GR3D_FREQ,0%,cpu@52.656C,soc2@50.75C,soc0@51.75C,gpu@52.375C,tj@52.656C,soc1@51.687C,VDD_IN,5555mW/8993mW,VDD_CPU_GPU_CV,1267mW/3274mW,VDD_SOC,2376mW/2990mW
07-25-2026,17:09:00,RAM,920/7620MB,(lfb,128x4MB),SWAP,388/3810MB,(cached,2MB),CPU,[0%@1344,0%@1344,0%@1344,0%@1344,0%@1344,0%@1344],GR3D_FREQ,0%,cpu@52.718C,soc2@50.75C,soc0@51.562C,gpu@52.875C,tj@52.875C,soc1@51.843C,VDD_IN,5555mW/8985mW,VDD_CPU_GPU_CV,1267mW/3269mW,VDD_SOC,2376mW/2988mW
07-25-2026,17:09:00,RAM,920/7620MB,(lfb,128x4MB),SWAP,388/3810MB,(cached,2MB),CPU,[0%@1344,0%@1344,0%@1344,0%@1344,0%@1344,0%@1344],GR3D_FREQ,0%,cpu@52.781C,soc2@50.593C,soc0@51.562C,gpu@52.468C,tj@52.781C,soc1@51.937C,VDD_IN,5555mW/8978mW,VDD_CPU_GPU_CV,1267mW/3265mW,VDD_SOC,2376mW/2987mW
07-25-2026,17:09:00,RAM,921/7620MB,(lfb,128x4MB),SWAP,388/3810MB,(cached,2MB),CPU,[0%@1344,0%@1344,0%@1344,0%@1344,0%@1344,0%@1344],GR3D_FREQ,0%,cpu@52.562C,soc2@50.562C,soc0@51.593C,gpu@52.375C,tj@52.562C,soc1@51.625C,VDD_IN,5555mW/8970mW,VDD_CPU_GPU_CV,1267mW/3261mW,VDD_SOC,2376mW/2986mW
07-25-2026,17:09:01,RAM,921/7620MB,(lfb,128x4MB),SWAP,388/3810MB,(cached,2MB),CPU,[0%@1344,9%@1344,0%@1344,0%@1344,0%@1344,0%@1344],GR3D_FREQ,0%,cpu@52.656C,soc2@50.687C,soc0@51.656C,gpu@52.906C,tj@52.906C,soc1@51.656C,VDD_IN,5555mW/8963mW,VDD_CPU_GPU_CV,1267mW/3256mW,VDD_SOC,2376mW/2984mW
07-25-2026,17:09:01,RAM,921/7620MB,(lfb,128x4MB),SWAP,388/3810MB,(cached,2MB),CPU,[0%@1344,0%@1344,0%@1344,0%@1344,0%@1344,0%@1344],GR3D_FREQ,0%,cpu@52.656C,soc2@50.75C,soc0@51.5C,gpu@52.531C,tj@52.656C,soc1@51.781C,VDD_IN,5555mW/8956mW,VDD_CPU_GPU_CV,1267mW/3252mW,VDD_SOC,2376mW/2983mW
07-25-2026,17:09:01,RAM,921/7620MB,(lfb,128x4MB),SWAP,388/3810MB,(cached,2MB),CPU,[0%@1344,0%@1344,0%@1344,0%@1344,0%@1344,0%@1344],GR3D_FREQ,0%,cpu@52.718C,soc2@50.875C,soc0@51.531C,gpu@52.343C,tj@52.718C,soc1@51.843C,VDD_IN,5555mW/8948mW,VDD_CPU_GPU_CV,1267mW/3248mW,VDD_SOC,2376mW/2982mW
07-25-2026,17:09:01,RAM,921/7620MB,(lfb,128x4MB),SWAP,388/3810MB,(cached,2MB),CPU,[0%@1344,0%@1344,0%@1344,0%@1344,0%@1344,0%@1344],GR3D_FREQ,0%,cpu@52.906C,soc2@50.656C,soc0@51.656C,gpu@52.843C,tj@52.906C,soc1@51.562C,VDD_IN,5555mW/8941mW,VDD_CPU_GPU_CV,1267mW/3244mW,VDD_SOC,2376mW/2981mW
07-25-2026,17:09:01,RAM,921/7620MB,(lfb,128x4MB),SWAP,388/3810MB,(cached,2MB),CPU,[0%@1344,0%@1344,0%@1344,0%@1344,0%@1344,0%@1344],GR3D_FREQ,0%,cpu@52.562C,soc2@50.593C,soc0@51.718C,gpu@52.437C,tj@52.562C,soc1@51.562C,VDD_IN,5555mW/8934mW,VDD_CPU_GPU_CV,1267mW/3239mW,VDD_SOC,2376mW/2979mW
07-25-2026,17:09:01,RAM,921/7620MB,(lfb,128x4MB),SWAP,388/3810MB,(cached,2MB),CPU,[0%@1344,0%@1344,0%@1344,0%@1344,0%@1344,0%@1344],GR3D_FREQ,0%,cpu@52.562C,soc2@50.656C,soc0@51.718C,gpu@52.937C,tj@52.937C,soc1@51.75C,VDD_IN,5555mW/8927mW,VDD_CPU_GPU_CV,1267mW/3235mW,VDD_SOC,2376mW/2978mW
07-25-2026,17:09:01,RAM,921/7620MB,(lfb,128x4MB),SWAP,388/3810MB,(cached,2MB),CPU,[0%@1344,9%@1344,0%@1344,0%@1344,0%@1344,0%@1344],GR3D_FREQ,0%,cpu@52.75C,soc2@50.75C,soc0@51.437C,gpu@52.5C,tj@52.75C,soc1@51.75C,VDD_IN,5555mW/8919mW,VDD_CPU_GPU_CV,1267mW/3231mW,VDD_SOC,2376mW/2977mW
07-25-2026,17:09:01,RAM,921/7620MB,(lfb,128x4MB),SWAP,388/3810MB,(cached,2MB),CPU,[0%@1344,0%@1344,0%@1344,0%@1344,0%@1344,0%@1344],GR3D_FREQ,0%,cpu@52.781C,soc2@50.687C,soc0@51.593C,gpu@52.437C,tj@52.781C,soc1@51.968C,VDD_IN,5555mW/8912mW,VDD_CPU_GPU_CV,1267mW/3227mW,VDD_SOC,2376mW/2975mW
07-25-2026,17:09:01,RAM,921/7620MB,(lfb,128x4MB),SWAP,388/3810MB,(cached,2MB),CPU,[0%@1344,0%@1344,0%@1344,0%@1344,0%@1344,0%@1344],GR3D_FREQ,0%,cpu@52.906C,soc2@50.687C,soc0@51.562C,gpu@52.937C,tj@52.937C,soc1@51.656C,VDD_IN,5555mW/8905mW,VDD_CPU_GPU_CV,1267mW/3223mW,VDD_SOC,2376mW/2974mW
07-25-2026,17:09:02,RAM,921/7620MB,(lfb,128x4MB),SWAP,388/3810MB,(cached,2MB),CPU,[0%@1344,0%@1344,0%@1344,0%@1344,0%@1344,0%@1344],GR3D_FREQ,0%,cpu@52.625C,soc2@50.75C,soc0@51.718C,gpu@52.468C,tj@52.625C,soc1@51.625C,VDD_IN,5555mW/8898mW,VDD_CPU_GPU_CV,1267mW/3218mW,VDD_SOC,2376mW/2973mW
07-25-2026,17:09:02,RAM,921/7620MB,(lfb,128x4MB),SWAP,388/3810MB,(cached,2MB),CPU,[8%@1344,0%@1344,0%@1344,0%@1344,0%@1344,0%@1344],GR3D_FREQ,0%,cpu@52.718C,soc2@50.687C,soc0@51.625C,gpu@52.375C,tj@52.718C,soc1@51.781C,VDD_IN,5555mW/8891mW,VDD_CPU_GPU_CV,1267mW/3214mW,VDD_SOC,2376mW/2972mW
07-25-2026,17:09:02,RAM,920/7620MB,(lfb,129x4MB),SWAP,388/3810MB,(cached,2MB),CPU,[0%@1344,0%@1344,9%@1344,0%@1344,0%@1344,0%@1344],GR3D_FREQ,0%,cpu@52.906C,soc2@50.781C,soc0@51.468C,gpu@52.937C,tj@52.937C,soc1@51.968C,VDD_IN,5555mW/8884mW,VDD_CPU_GPU_CV,1267mW/3210mW,VDD_SOC,2376mW/2970mW
07-25-2026,17:09:02,RAM,920/7620MB,(lfb,129x4MB),SWAP,388/3810MB,(cached,2MB),CPU,[8%@1344,0%@1344,0%@1344,0%@1344,0%@1344,0%@1344],GR3D_FREQ,0%,cpu@52.906C,soc2@50.718C,soc0@51.5C,gpu@52.375C,tj@52.906C,soc1@51.625C,VDD_IN,5555mW/8877mW,VDD_CPU_GPU_CV,1267mW/3206mW,VDD_SOC,2376mW/2969mW
07-25-2026,17:09:02,RAM,920/7620MB,(lfb,129x4MB),SWAP,388/3810MB,(cached,2MB),CPU,[0%@1344,0%@1344,0%@1344,0%@1344,0%@1344,0%@1344],GR3D_FREQ,0%,cpu@52.593C,soc2@50.656C,soc0@51.531C,gpu@52.375C,tj@52.593C,soc1@51.656C,VDD_IN,5555mW/8870mW,VDD_CPU_GPU_CV,1267mW/3202mW,VDD_SOC,2376mW/2968mW
07-25-2026,17:09:02,RAM,920/7620MB,(lfb,129x4MB),SWAP,388/3810MB,(cached,2MB),CPU,[0%@1344,0%@1344,0%@1344,0%@1344,0%@1344,0%@1344],GR3D_FREQ,0%,cpu@52.593C,soc2@50.625C,soc0@51.531C,gpu@52.531C,tj@52.593C,soc1@51.812C,VDD_IN,5555mW/8863mW,VDD_CPU_GPU_CV,1267mW/3198mW,VDD_SOC,2376mW/2967mW
07-25-2026,17:09:02,RAM,920/7620MB,(lfb,129x4MB),SWAP,388/3810MB,(cached,2MB),CPU,[0%@1344,9%@1344,0%@1344,0%@1344,0%@1344,0%@1344],GR3D_FREQ,0%,cpu@52.75C,soc2@50.687C,soc0@51.375C,gpu@52.312C,tj@52.75C,soc1@51.781C,VDD_IN,5555mW/8856mW,VDD_CPU_GPU_CV,1267mW/3194mW,VDD_SOC,2376mW/2965mW
07-25-2026,17:09:02,RAM,920/7620MB,(lfb,129x4MB),SWAP,388/3810MB,(cached,2MB),CPU,[0%@1344,0%@1344,0%@1344,0%@1344,0%@1344,0%@1344],GR3D_FREQ,0%,cpu@52.843C,soc2@50.812C,soc0@51.437C,gpu@52.375C,tj@52.843C,soc1@51.906C,VDD_IN,5555mW/8849mW,VDD_CPU_GPU_CV,1267mW/3190mW,VDD_SOC,2376mW/2964mW
07-25-2026,17:09:02,RAM,920/7620MB,(lfb,129x4MB),SWAP,388/3810MB,(cached,2MB),CPU,[0%@1344,0%@1344,0%@1344,0%@1344,0%@1344,0%@1344],GR3D_FREQ,0%,cpu@52.375C,soc2@50.625C,soc0@51.531C,gpu@52.468C,tj@52.468C,soc1@51.656C,VDD_IN,5555mW/8842mW,VDD_CPU_GPU_CV,1267mW/3186mW,VDD_SOC,2376mW/2963mW
07-25-2026,17:09:02,RAM,920/7620MB,(lfb,129x4MB),SWAP,388/3810MB,(cached,2MB),CPU,[0%@1344,0%@1344,0%@1344,0%@1344,0%@1344,0%@1344],GR3D_FREQ,0%,cpu@52.468C,soc2@50.593C,soc0@51.656C,gpu@52.343C,tj@52.468C,soc1@51.656C,VDD_IN,5555mW/8835mW,VDD_CPU_GPU_CV,1267mW/3182mW,VDD_SOC,2376mW/2962mW
07-25-2026,17:09:03,RAM,920/7620MB,(lfb,129x4MB),SWAP,388/3810MB,(cached,2MB),CPU,[0%@1344,0%@1344,0%@1344,0%@1344,0%@1344,0%@1344],GR3D_FREQ,0%,cpu@52.687C,soc2@50.656C,soc0@51.625C,gpu@52.937C,tj@52.937C,soc1@51.718C,VDD_IN,5555mW/8829mW,VDD_CPU_GPU_CV,1265mW/3178mW,VDD_SOC,2376mW/2960mW
07-25-2026,17:09:03,RAM,920/7620MB,(lfb,129x4MB),SWAP,388/3810MB,(cached,2MB),CPU,[15%@1344,0%@1344,0%@1344,0%@1344,8%@1344,0%@1344],GR3D_FREQ,0%,cpu@52.718C,soc2@50.687C,soc0@51.406C,gpu@52.437C,tj@52.718C,soc1@51.906C,VDD_IN,5555mW/8822mW,VDD_CPU_GPU_CV,1267mW/3174mW,VDD_SOC,2376mW/2959mW
07-25-2026,17:09:03,RAM,921/7620MB,(lfb,129x4MB),SWAP,388/3810MB,(cached,2MB),CPU,[0%@1344,0%@1344,0%@1344,0%@1344,0%@1344,0%@1344],GR3D_FREQ,0%,cpu@52.843C,soc2@50.531C,soc0@51.531C,gpu@52.312C,tj@52.843C,soc1@51.5C,VDD_IN,5555mW/8815mW,VDD_CPU_GPU_CV,1267mW/3170mW,VDD_SOC,2376mW/2958mW
07-25-2026,17:09:03,RAM,921/7620MB,(lfb,129x4MB),SWAP,388/3810MB,(cached,2MB),CPU,[0%@1344,0%@1344,0%@1344,0%@1344,0%@1344,0%@1344],GR3D_FREQ,0%,cpu@52.593C,soc2@50.625C,soc0@51.531C,gpu@52.812C,tj@52.812C,soc1@51.562C,VDD_IN,5555mW/8808mW,VDD_CPU_GPU_CV,1265mW/3166mW,VDD_SOC,2376mW/2957mW
07-25-2026,17:09:03,RAM,921/7620MB,(lfb,129x4MB),SWAP,388/3810MB,(cached,2MB),CPU,[0%@1344,0%@1344,0%@1344,0%@1344,0%@1344,0%@1344],GR3D_FREQ,0%,cpu@52.625C,soc2@50.656C,soc0@51.562C,gpu@52.437C,tj@52.625C,soc1@51.656C,VDD_IN,5555mW/8802mW,VDD_CPU_GPU_CV,1267mW/3162mW,VDD_SOC,2376mW/2956mW
07-25-2026,17:09:03,RAM,921/7620MB,(lfb,129x4MB),SWAP,388/3810MB,(cached,2MB),CPU,[0%@1344,0%@1344,0%@1344,0%@1344,0%@1344,0%@1344],GR3D_FREQ,0%,cpu@52.687C,soc2@50.718C,soc0@51.531C,gpu@52.312C,tj@52.687C,soc1@51.75C,VDD_IN,5555mW/8795mW,VDD_CPU_GPU_CV,1267mW/3158mW,VDD_SOC,2376mW/2954mW
07-25-2026,17:09:03,RAM,921/7620MB,(lfb,129x4MB),SWAP,388/3810MB,(cached,2MB),CPU,[0%@1344,0%@1344,0%@1344,0%@1344,0%@1344,0%@1344],GR3D_FREQ,0%,cpu@52.781C,soc2@50.562C,soc0@51.437C,gpu@52.437C,tj@52.781C,soc1@51.468C,VDD_IN,5555mW/8788mW,VDD_CPU_GPU_CV,1267mW/3155mW,VDD_SOC,2376mW/2953mW
07-25-2026,17:09:03,RAM,921/7620MB,(lfb,129x4MB),SWAP,388/3810MB,(cached,2MB),CPU,[0%@1344,0%@1344,0%@1344,0%@1344,0%@1344,0%@1344],GR3D_FREQ,0%,cpu@52.406C,soc2@50.625C,soc0@51.5C,gpu@52.343C,tj@52.406C,soc1@51.562C,VDD_IN,5555mW/8782mW,VDD_CPU_GPU_CV,1267mW/3151mW,VDD_SOC,2376mW/2952mW
07-25-2026,17:09:03,RAM,921/7620MB,(lfb,129x4MB),SWAP,388/3810MB,(cached,2MB),CPU,[0%@1344,0%@1344,0%@1344,0%@1344,0%@1344,0%@1344],GR3D_FREQ,0%,cpu@52.593C,soc2@50.656C,soc0@51.656C,gpu@52.312C,tj@52.593C,soc1@51.562C,VDD_IN,5546mW/8775mW,VDD_CPU_GPU_CV,1265mW/3147mW,VDD_SOC,2376mW/2951mW
07-25-2026,17:09:04,RAM,921/7620MB,(lfb,129x4MB),SWAP,388/3810MB,(cached,2MB),CPU,[0%@1344,0%@1344,0%@1344,0%@1344,0%@1344,0%@1344],GR3D_FREQ,0%,cpu@52.687C,soc2@50.656C,soc0@51.656C,gpu@52.468C,tj@52.687C,soc1@51.75C,VDD_IN,5546mW/8769mW,VDD_CPU_GPU_CV,1265mW/3143mW,VDD_SOC,2376mW/2950mW
07-25-2026,17:09:04,RAM,921/7620MB,(lfb,129x4MB),SWAP,388/3810MB,(cached,2MB),CPU,[0%@1344,0%@1344,0%@1344,0%@1344,0%@1344,0%@1344],GR3D_FREQ,0%,cpu@52.75C,soc2@50.687C,soc0@51.437C,gpu@52.312C,tj@52.75C,soc1@51.656C,VDD_IN,5555mW/8762mW,VDD_CPU_GPU_CV,1267mW/3139mW,VDD_SOC,2376mW/2949mW
07-25-2026,17:09:04,RAM,919/7620MB,(lfb,129x4MB),SWAP,388/3810MB,(cached,2MB),CPU,[0%@1344,0%@1344,0%@1344,9%@1344,9%@1344,0%@1344],GR3D_FREQ,0%,cpu@52.906C,soc2@50.625C,soc0@51.437C,gpu@52.312C,tj@52.906C,soc1@51.531C,VDD_IN,5555mW/8756mW,VDD_CPU_GPU_CV,1267mW/3135mW,VDD_SOC,2376mW/2947mW
07-25-2026,17:09:04,RAM,919/7620MB,(lfb,129x4MB),SWAP,388/3810MB,(cached,2MB),CPU,[0%@1344,0%@1344,0%@1344,0%@1344,0%@1344,0%@1344],GR3D_FREQ,0%,cpu@52.281C,soc2@50.562C,soc0@51.531C,gpu@52.406C,tj@52.437C,soc1@51.593C,VDD_IN,5546mW/8749mW,VDD_CPU_GPU_CV,1267mW/3132mW,VDD_SOC,2376mW/2946mW
07-25-2026,17:09:04,RAM,919/7620MB,(lfb,129x4MB),SWAP,388/3810MB,(cached,2MB),CPU,[0%@1344,0%@1344,0%@1344,0%@1344,0%@1344,0%@1344],GR3D_FREQ,0%,cpu@52.5C,soc2@50.625C,soc0@51.593C,gpu@52.312C,tj@52.5C,soc1@51.656C,VDD_IN,5555mW/8743mW,VDD_CPU_GPU_CV,1267mW/3128mW,VDD_SOC,2376mW/2945mW
07-25-2026,17:09:04,RAM,919/7620MB,(lfb,129x4MB),SWAP,388/3810MB,(cached,2MB),CPU,[9%@1344,0%@1344,0%@1344,0%@1344,0%@1344,0%@1344],GR3D_FREQ,0%,cpu@52.75C,soc2@50.687C,soc0@51.687C,gpu@52.5C,tj@52.75C,soc1@51.687C,VDD_IN,5555mW/8736mW,VDD_CPU_GPU_CV,1267mW/3124mW,VDD_SOC,2376mW/2944mW
07-25-2026,17:09:04,RAM,919/7620MB,(lfb,129x4MB),SWAP,388/3810MB,(cached,2MB),CPU,[0%@1344,0%@1344,0%@1344,0%@1344,0%@1344,0%@1344],GR3D_FREQ,0%,cpu@52.875C,soc2@50.531C,soc0@51.437C,gpu@52.406C,tj@52.875C,soc1@51.531C,VDD_IN,5555mW/8730mW,VDD_CPU_GPU_CV,1267mW/3120mW,VDD_SOC,2376mW/2943mW
07-25-2026,17:09:04,RAM,919/7620MB,(lfb,129x4MB),SWAP,388/3810MB,(cached,2MB),CPU,[0%@1344,0%@1344,0%@1344,0%@1344,0%@1344,0%@1344],GR3D_FREQ,0%,cpu@52.281C,soc2@50.625C,soc0@51.531C,gpu@52.312C,tj@52.312C,soc1@51.5C,VDD_IN,5555mW/8723mW,VDD_CPU_GPU_CV,1267mW/3117mW,VDD_SOC,2376mW/2942mW
07-25-2026,17:09:04,RAM,919/7620MB,(lfb,129x4MB),SWAP,388/3810MB,(cached,2MB),CPU,[0%@1344,0%@1344,0%@1344,0%@1344,0%@1344,0%@1344],GR3D_FREQ,0%,cpu@52.531C,soc2@50.562C,soc0@51.531C,gpu@52.437C,tj@52.531C,soc1@51.468C,VDD_IN,5555mW/8717mW,VDD_CPU_GPU_CV,1267mW/3113mW,VDD_SOC,2376mW/2941mW
07-25-2026,17:09:04,RAM,919/7620MB,(lfb,129x4MB),SWAP,388/3810MB,(cached,2MB),CPU,[0%@1344,0%@1344,0%@1344,0%@1344,0%@1344,0%@1344],GR3D_FREQ,0%,cpu@52.562C,soc2@50.531C,soc0@51.656C,gpu@52.312C,tj@52.562C,soc1@51.656C,VDD_IN,5555mW/8711mW,VDD_CPU_GPU_CV,1267mW/3109mW,VDD_SOC,2376mW/2939mW
07-25-2026,17:09:05,RAM,919/7620MB,(lfb,129x4MB),SWAP,388/3810MB,(cached,2MB),CPU,[0%@1344,0%@1344,0%@1344,0%@1344,0%@1344,0%@1344],GR3D_FREQ,0%,cpu@52.718C,soc2@50.625C,soc0@51.375C,gpu@52.312C,tj@52.718C,soc1@51.656C,VDD_IN,5555mW/8704mW,VDD_CPU_GPU_CV,1267mW/3106mW,VDD_SOC,2376mW/2938mW
07-25-2026,17:09:05,RAM,919/7620MB,(lfb,129x4MB),SWAP,388/3810MB,(cached,2MB),CPU,[0%@1344,0%@1344,0%@1344,0%@1344,0%@1344,0%@1344],GR3D_FREQ,0%,cpu@52.281C,soc2@50.531C,soc0@51.437C,gpu@52.375C,tj@52.375C,soc1@51.531C,VDD_IN,5555mW/8698mW,VDD_CPU_GPU_CV,1267mW/3102mW,VDD_SOC,2376mW/2937mW
07-25-2026,17:09:05,RAM,920/7620MB,(lfb,129x4MB),SWAP,388/3810MB,(cached,2MB),CPU,[0%@1344,0%@1344,0%@1344,0%@1344,0%@1344,0%@1344],GR3D_FREQ,0%,cpu@52.406C,soc2@50.562C,soc0@51.5C,gpu@52.406C,tj@52.406C,soc1@51.5C,VDD_IN,5555mW/8692mW,VDD_CPU_GPU_CV,1267mW/3098mW,VDD_SOC,2376mW/2936mW
07-25-2026,17:09:05,RAM,920/7620MB,(lfb,129x4MB),SWAP,388/3810MB,(cached,2MB),CPU,[0%@1344,0%@1344,0%@1344,0%@1344,0%@1344,0%@1344],GR3D_FREQ,0%,cpu@52.593C,soc2@50.562C,soc0@51.531C,gpu@52.5C,tj@52.593C,soc1@51.625C,VDD_IN,5555mW/8686mW,VDD_CPU_GPU_CV,1267mW/3095mW,VDD_SOC,2376mW/2935mW
07-25-2026,17:09:05,RAM,920/7620MB,(lfb,129x4MB),SWAP,388/3810MB,(cached,2MB),CPU,[9%@1344,0%@1344,0%@1344,0%@1344,0%@1344,0%@1344],GR3D_FREQ,0%,cpu@52.718C,soc2@50.656C,soc0@51.437C,gpu@52.375C,tj@52.718C,soc1@51.656C,VDD_IN,5555mW/8679mW,VDD_CPU_GPU_CV,1267mW/3091mW,VDD_SOC,2376mW/2934mW
07-25-2026,17:09:05,RAM,920/7620MB,(lfb,129x4MB),SWAP,388/3810MB,(cached,2MB),CPU,[0%@1344,0%@1344,0%@1344,0%@1344,0%@1344,0%@1344],GR3D_FREQ,0%,cpu@52.843C,soc2@50.625C,soc0@51.375C,gpu@52.437C,tj@52.843C,soc1@51.718C,VDD_IN,5555mW/8673mW,VDD_CPU_GPU_CV,1267mW/3087mW,VDD_SOC,2376mW/2933mW
07-25-2026,17:09:05,RAM,920/7620MB,(lfb,129x4MB),SWAP,388/3810MB,(cached,2MB),CPU,[0%@1344,0%@1344,0%@1344,0%@1344,0%@1344,0%@1344],GR3D_FREQ,0%,cpu@52.343C,soc2@50.531C,soc0@51.468C,gpu@52.437C,tj@52.437C,soc1@51.531C,VDD_IN,5555mW/8667mW,VDD_CPU_GPU_CV,1267mW/3084mW,VDD_SOC,2376mW/2932mW
07-25-2026,17:09:05,RAM,920/7620MB,(lfb,129x4MB),SWAP,388/3810MB,(cached,2MB),CPU,[0%@1344,0%@1344,0%@1344,0%@1344,0%@1344,0%@1344],GR3D_FREQ,0%,cpu@52.531C,soc2@50.562C,soc0@51.5C,gpu@52.437C,tj@52.531C,soc1@51.625C,VDD_IN,5555mW/8661mW,VDD_CPU_GPU_CV,1265mW/3080mW,VDD_SOC,2376mW/2931mW
07-25-2026,17:09:05,RAM,920/7620MB,(lfb,129x4MB),SWAP,388/3810MB,(cached,2MB),CPU,[0%@1344,0%@1344,0%@1344,0%@1344,0%@1344,0%@1344],GR3D_FREQ,0%,cpu@52.562C,soc2@50.562C,soc0@51.687C,gpu@52.343C,tj@52.562C,soc1@51.593C,VDD_IN,5555mW/8655mW,VDD_CPU_GPU_CV,1267mW/3077mW,VDD_SOC,2376mW/2929mW
07-25-2026,17:09:05,RAM,920/7620MB,(lfb,129x4MB),SWAP,388/3810MB,(cached,2MB),CPU,[0%@1344,0%@1344,0%@1344,0%@1344,0%@1344,0%@1344],GR3D_FREQ,0%,cpu@52.781C,soc2@50.562C,soc0@51.343C,gpu@52.468C,tj@52.781C,soc1@51.75C,VDD_IN,5555mW/8649mW,VDD_CPU_GPU_CV,1267mW/3073mW,VDD_SOC,2376mW/2928mW
07-25-2026,17:09:06,RAM,920/7620MB,(lfb,129x4MB),SWAP,388/3810MB,(cached,2MB),CPU,[8%@1344,0%@1344,0%@1344,0%@1344,0%@1344,0%@1344],GR3D_FREQ,0%,cpu@52.375C,soc2@50.468C,soc0@51.406C,gpu@52.281C,tj@52.281C,soc1@51.531C,VDD_IN,5555mW/8643mW,VDD_CPU_GPU_CV,1267mW/3070mW,VDD_SOC,2376mW/2927mW
07-25-2026,17:09:06,RAM,921/7620MB,(lfb,129x4MB),SWAP,388/3810MB,(cached,2MB),CPU,[0%@1344,0%@1344,9%@1344,9%@1344,0%@1344,0%@1344],GR3D_FREQ,0%,cpu@52.312C,soc2@50.468C,soc0@51.5C,gpu@52.562C,tj@52.562C,soc1@51.5C,VDD_IN,5555mW/8637mW,VDD_CPU_GPU_CV,1267mW/3066mW,VDD_SOC,2376mW/2926mW
07-25-2026,17:09:06,RAM,921/7620MB,(lfb,129x4MB),SWAP,388/3810MB,(cached,2MB),CPU,[0%@1344,0%@1344,0%@1344,0%@1344,0%@1344,0%@1344],GR3D_FREQ,0%,cpu@52.468C,soc2@50.531C,soc0@51.625C,gpu@52.468C,tj@52.468C,soc1@51.593C,VDD_IN,5555mW/8631mW,VDD_CPU_GPU_CV,1267mW/3063mW,VDD_SOC,2376mW/2925mW
07-25-2026,17:09:06,RAM,921/7620MB,(lfb,129x4MB),SWAP,388/3810MB,(cached,2MB),CPU,[0%@1344,0%@1344,0%@1344,0%@1344,0%@1344,0%@1344],GR3D_FREQ,0%,cpu@52.718C,soc2@50.656C,soc0@51.375C,gpu@52.312C,tj@52.718C,soc1@51.625C,VDD_IN,5555mW/8625mW,VDD_CPU_GPU_CV,1267mW/3059mW,VDD_SOC,2376mW/2924mW
07-25-2026,17:09:06,RAM,921/7620MB,(lfb,129x4MB),SWAP,388/3810MB,(cached,2MB),CPU,[9%@1344,0%@1344,0%@1344,0%@1344,0%@1344,0%@1344],GR3D_FREQ,0%,cpu@52.875C,soc2@50.593C,soc0@51.406C,gpu@52.562C,tj@52.875C,soc1@51.718C,VDD_IN,5555mW/8619mW,VDD_CPU_GPU_CV,1267mW/3056mW,VDD_SOC,2376mW/2923mW
07-25-2026,17:09:06,RAM,921/7620MB,(lfb,129x4MB),SWAP,388/3810MB,(cached,2MB),CPU,[0%@1344,0%@1344,0%@1344,0%@1344,0%@1344,0%@1344],GR3D_FREQ,0%,cpu@52.343C,soc2@50.531C,soc0@51.437C,gpu@52.375C,tj@52.375C,soc1@51.531C,VDD_IN,5555mW/8613mW,VDD_CPU_GPU_CV,1267mW/3052mW,VDD_SOC,2376mW/2922mW
07-25-2026,17:09:06,RAM,921/7620MB,(lfb,129x4MB),SWAP,388/3810MB,(cached,2MB),CPU,[0%@1344,9%@1344,0%@1344,0%@1344,0%@1344,0%@1344],GR3D_FREQ,0%,cpu@52.281C,soc2@50.531C,soc0@51.5C,gpu@52.312C,tj@52.5C,soc1@51.625C,VDD_IN,5555mW/8607mW,VDD_CPU_GPU_CV,1267mW/3049mW,VDD_SOC,2376mW/2921mW
07-25-2026,17:09:06,RAM,921/7620MB,(lfb,129x4MB),SWAP,388/3810MB,(cached,2MB),CPU,[0%@1344,0%@1344,0%@1344,0%@1344,0%@1344,0%@1344],GR3D_FREQ,0%,cpu@52.625C,soc2@50.468C,soc0@51.718C,gpu@52.5C,tj@52.625C,soc1@51.625C,VDD_IN,5555mW/8601mW,VDD_CPU_GPU_CV,1267mW/3045mW,VDD_SOC,2376mW/2920mW
07-25-2026,17:09:06,RAM,921/7620MB,(lfb,129x4MB),SWAP,388/3810MB,(cached,2MB),CPU,[0%@1344,0%@1344,0%@1344,0%@1344,0%@1344,0%@1344],GR3D_FREQ,0%,cpu@52.687C,soc2@50.656C,soc0@51.437C,gpu@52.375C,tj@52.687C,soc1@51.718C,VDD_IN,5555mW/8595mW,VDD_CPU_GPU_CV,1267mW/3042mW,VDD_SOC,2376mW/2919mW
07-25-2026,17:09:07,RAM,921/7620MB,(lfb,129x4MB),SWAP,388/3810MB,(cached,2MB),CPU,[0%@1344,0%@1344,0%@1344,0%@1344,0%@1344,0%@1344],GR3D_FREQ,0%,cpu@52.375C,soc2@50.468C,soc0@51.406C,gpu@52.656C,tj@52.375C,soc1@51.906C,VDD_IN,5555mW/8589mW,VDD_CPU_GPU_CV,1267mW/3038mW,VDD_SOC,2376mW/2918mW
07-25-2026,17:09:07,RAM,921/7620MB,(lfb,129x4MB),SWAP,388/3810MB,(cached,2MB),CPU,[0%@1344,0%@1344,0%@1344,0%@1344,0%@1344,0%@1344],GR3D_FREQ,0%,cpu@52.218C,soc2@50.5C,soc0@51.437C,gpu@52.5C,tj@52.5C,soc1@51.531C,VDD_IN,5555mW/8584mW,VDD_CPU_GPU_CV,1267mW/3035mW,VDD_SOC,2376mW/2917mW
07-25-2026,17:09:07,RAM,921/7620MB,(lfb,129x4MB),SWAP,388/3810MB,(cached,2MB),CPU,[0%@1344,0%@1344,0%@1344,9%@1344,0%@1344,0%@1344],GR3D_FREQ,0%,cpu@52.468C,soc2@50.531C,soc0@51.593C,gpu@52.343C,tj@52.468C,soc1@51.5C,VDD_IN,5555mW/8578mW,VDD_CPU_GPU_CV,1267mW/3032mW,VDD_SOC,2376mW/2916mW
07-25-2026,17:09:07,RAM,921/7620MB,(lfb,129x4MB),SWAP,388/3810MB,(cached,2MB),CPU,[0%@1344,8%@1344,0%@1344,0%@1344,0%@1344,0%@1344],GR3D_FREQ,0%,cpu@52.687C,soc2@50.593C,soc0@51.406C,gpu@52.656C,tj@52.687C,soc1@51.656C,VDD_IN,5555mW/8572mW,VDD_CPU_GPU_CV,1267mW/3028mW,VDD_SOC,2376mW/2915mW
07-25-2026,17:09:07,RAM,921/7620MB,(lfb,129x4MB),SWAP,388/3810MB,(cached,2MB),CPU,[0%@1344,0%@1344,0%@1344,0%@1344,0%@1344,0%@1344],GR3D_FREQ,0%,cpu@52.312C,soc2@50.468C,soc0@51.375C,gpu@52.437C,tj@52.437C,soc1@51.906C,VDD_IN,5555mW/8566mW,VDD_CPU_GPU_CV,1267mW/3025mW,VDD_SOC,2376mW/2914mW
07-25-2026,17:09:07,RAM,921/7620MB,(lfb,129x4MB),SWAP,388/3810MB,(cached,2MB),CPU,[0%@1344,0%@1344,0%@1344,0%@1344,0%@1344,0%@1344],GR3D_FREQ,0%,cpu@52.531C,soc2@50.562C,soc0@51.406C,gpu@52.281C,tj@52.312C,soc1@51.375C,VDD_IN,5555mW/8560mW,VDD_CPU_GPU_CV,1267mW/3021mW,VDD_SOC,2376mW/2913mW
07-25-2026,17:09:07,RAM,921/7620MB,(lfb,129x4MB),SWAP,388/3810MB,(cached,2MB),CPU,[0%@1344,0%@1344,0%@1344,0%@1344,0%@1344,0%@1344],GR3D_FREQ,0%,cpu@52.406C,soc2@50.468C,soc0@51.468C,gpu@52.531C,tj@52.531C,soc1@51.468C,VDD_IN,5555mW/8555mW,VDD_CPU_GPU_CV,1267mW/3018mW,VDD_SOC,2376mW/2912mW
07-25-2026,17:09:07,RAM,921/7620MB,(lfb,129x4MB),SWAP,388/3810MB,(cached,2MB),CPU,[0%@1344,0%@1344,0%@1344,0%@1344,0%@1344,0%@1344],GR3D_FREQ,0%,cpu@52.5C,soc2@50.562C,soc0@51.406C,gpu@52.437C,tj@52.5C,soc1@51.625C,VDD_IN,5555mW/8549mW,VDD_CPU_GPU_CV,1267mW/3015mW,VDD_SOC,2376mW/2911mW
07-25-2026,17:09:07,RAM,921/7620MB,(lfb,129x4MB),SWAP,388/3810MB,(cached,2MB),CPU,[0%@1344,0%@1344,0%@1344,0%@1344,0%@1344,0%@1344],GR3D_FREQ,0%,cpu@52.656C,soc2@50.562C,soc0@51.281C,gpu@52.281C,tj@52.656C,soc1@51.687C,VDD_IN,5555mW/8543mW,VDD_CPU_GPU_CV,1267mW/3012mW,VDD_SOC,2376mW/2910mW
07-25-2026,17:09:07,RAM,921/7620MB,(lfb,129x4MB),SWAP,388/3810MB,(cached,2MB),CPU,[0%@1344,0%@1344,0%@1344,0%@1344,0%@1344,0%@1344],GR3D_FREQ,0%,cpu@52.437C,soc2@50.468C,soc0@51.406C,gpu@52.5C,tj@52.5C,soc1@51.468C,VDD_IN,5555mW/8538mW,VDD_CPU_GPU_CV,1267mW/3008mW,VDD_SOC,2376mW/2909mW
07-25-2026,17:09:08,RAM,921/7620MB,(lfb,129x4MB),SWAP,388/3810MB,(cached,2MB),CPU,[16%@1344,0%@1344,0%@1344,0%@1344,0%@1344,0%@1344],GR3D_FREQ,0%,cpu@52.312C,soc2@50.437C,soc0@51.468C,gpu@52.375C,tj@52.375C,soc1@51.468C,VDD_IN,5555mW/8532mW,VDD_CPU_GPU_CV,1267mW/3005mW,VDD_SOC,2376mW/2908mW
07-25-2026,17:09:08,RAM,921/7620MB,(lfb,129x4MB),SWAP,388/3810MB,(cached,2MB),CPU,[0%@1344,0%@1344,0%@1344,0%@1344,0%@1344,0%@1344],GR3D_FREQ,0%,cpu@52.343C,soc2@50.437C,soc0@51.468C,gpu@52.625C,tj@52.625C,soc1@51.437C,VDD_IN,5555mW/8526mW,VDD_CPU_GPU_CV,1267mW/3002mW,VDD_SOC,2376mW/2907mW
07-25-2026,17:09:08,RAM,922/7620MB,(lfb,129x4MB),SWAP,388/3810MB,(cached,2MB),CPU,[0%@1344,0%@1344,0%@1344,0%@1344,0%@1344,0%@1344],GR3D_FREQ,0%,cpu@52.562C,soc2@50.593C,soc0@51.375C,gpu@52.5C,tj@52.562C,soc1@51.531C,VDD_IN,5555mW/8521mW,VDD_CPU_GPU_CV,1267mW/2998mW,VDD_SOC,2376mW/2906mW
07-25-2026,17:09:08,RAM,922/7620MB,(lfb,129x4MB),SWAP,388/3810MB,(cached,2MB),CPU,[0%@1344,0%@1344,0%@1344,0%@1344,0%@1344,0%@1344],GR3D_FREQ,0%,cpu@52.281C,soc2@50.468C,soc0@51.281C,gpu@52.25C,tj@52.281C,soc1@51.718C,VDD_IN,5555mW/8515mW,VDD_CPU_GPU_CV,1267mW/2995mW,VDD_SOC,2376mW/2905mW
07-25-2026,17:09:08,RAM,922/7620MB,(lfb,129x4MB),SWAP,388/3810MB,(cached,2MB),CPU,[0%@1344,0%@1344,0%@1344,0%@1344,0%@1344,0%@1344],GR3D_FREQ,0%,cpu@52.5C,soc2@50.531C,soc0@51.437C,gpu@52.562C,tj@52.562C,soc1@51.437C,VDD_IN,5555mW/8510mW,VDD_CPU_GPU_CV,1267mW/2992mW,VDD_SOC,2376mW/2904mW
07-25-2026,17:09:08,RAM,922/7620MB,(lfb,129x4MB),SWAP,388/3810MB,(cached,2MB),CPU,[0%@1344,0%@1344,0%@1344,0%@1344,0%@1344,0%@1344],GR3D_FREQ,0%,cpu@52.406C,soc2@50.5C,soc0@51.406C,gpu@52.5C,tj@52.5C,soc1@51.531C,VDD_IN,5555mW/8504mW,VDD_CPU_GPU_CV,1265mW/2989mW,VDD_SOC,2376mW/2903mW
07-25-2026,17:09:08,RAM,922/7620MB,(lfb,129x4MB),SWAP,388/3810MB,(cached,2MB),CPU,[0%@1344,0%@1344,0%@1344,0%@1344,0%@1344,0%@1344],GR3D_FREQ,0%,cpu@52.562C,soc2@50.531C,soc0@51.5C,gpu@52.218C,tj@52.562C,soc1@51.625C,VDD_IN,5555mW/8499mW,VDD_CPU_GPU_CV,1267mW/2985mW,VDD_SOC,2376mW/2902mW
07-25-2026,17:09:08,RAM,922/7620MB,(lfb,129x4MB),SWAP,388/3810MB,(cached,2MB),CPU,[0%@1344,0%@1344,0%@1344,0%@1344,0%@1344,0%@1344],GR3D_FREQ,0%,cpu@52.781C,soc2@50.5C,soc0@51.343C,gpu@52.531C,tj@52.781C,soc1@51.718C,VDD_IN,5555mW/8493mW,VDD_CPU_GPU_CV,1265mW/2982mW,VDD_SOC,2376mW/2901mW
07-25-2026,17:09:08,RAM,922/7620MB,(lfb,129x4MB),SWAP,388/3810MB,(cached,2MB),CPU,[0%@1344,0%@1344,0%@1344,0%@1344,0%@1344,0%@1344],GR3D_FREQ,0%,cpu@52.406C,soc2@50.5C,soc0@51.375C,gpu@52.375C,tj@52.406C,soc1@51.5C,VDD_IN,5555mW/8488mW,VDD_CPU_GPU_CV,1267mW/2979mW,VDD_SOC,2376mW/2900mW
07-25-2026,17:09:09,RAM,922/7620MB,(lfb,129x4MB),SWAP,388/3810MB,(cached,2MB),CPU,[0%@1344,0%@1344,0%@1344,0%@1344,0%@1344,0%@1344],GR3D_FREQ,0%,cpu@52.281C,soc2@50.531C,soc0@51.437C,gpu@52.781C,tj@52.312C,soc1@51.468C,VDD_IN,5546mW/8482mW,VDD_CPU_GPU_CV,1265mW/2976mW,VDD_SOC,2376mW/2899mW
07-25-2026,17:09:09,RAM,922/7620MB,(lfb,129x4MB),SWAP,388/3810MB,(cached,2MB),CPU,[0%@1344,0%@1344,0%@1344,0%@1344,0%@1344,0%@1344],GR3D_FREQ,0%,cpu@52.312C,soc2@50.468C,soc0@51.437C,gpu@52.593C,tj@52.593C,soc1@51.437C,VDD_IN,5546mW/8477mW,VDD_CPU_GPU_CV,1265mW/2973mW,VDD_SOC,2376mW/2898mW
07-25-2026,17:09:09,RAM,923/7620MB,(lfb,129x4MB),SWAP,388/3810MB,(cached,2MB),CPU,[0%@1344,0%@1344,16%@1344,0%@1344,9%@1344,0%@1344],GR3D_FREQ,0%,cpu@52.593C,soc2@50.468C,soc0@51.187C,gpu@52.312C,tj@52.593C,soc1@51.593C,VDD_IN,5546mW/8472mW,VDD_CPU_GPU_CV,1265mW/2970mW,VDD_SOC,2376mW/2897mW
07-25-2026,17:09:09,RAM,923/7620MB,(lfb,129x4MB),SWAP,388/3810MB,(cached,2MB),CPU,[9%@1344,0%@1344,0%@1344,0%@1344,0%@1344,0%@1344],GR3D_FREQ,0%,cpu@52.343C,soc2@50.625C,soc0@51.312C,gpu@52.718C,tj@52.718C,soc1@51.687C,VDD_IN,5546mW/8466mW,VDD_CPU_GPU_CV,1265mW/2966mW,VDD_SOC,2376mW/2896mW
07-25-2026,17:09:09,RAM,923/7620MB,(lfb,129x4MB),SWAP,388/3810MB,(cached,2MB),CPU,[0%@1344,0%@1344,0%@1344,0%@1344,0%@1344,0%@1344],GR3D_FREQ,0%,cpu@52.281C,soc2@50.468C,soc0@51.375C,gpu@52.468C,tj@52.468C,soc1@51.531C,VDD_IN,5555mW/8461mW,VDD_CPU_GPU_CV,1265mW/2963mW,VDD_SOC,2376mW/2895mW
07-25-2026,17:09:09,RAM,923/7620MB,(lfb,129x4MB),SWAP,388/3810MB,(cached,2MB),CPU,[0%@1344,0%@1344,0%@1344,0%@1344,0%@1344,0%@1344],GR3D_FREQ,0%,cpu@52.312C,soc2@50.406C,soc0@51.437C,gpu@52.25C,tj@52.312C,soc1@51.375C,VDD_IN,5555mW/8455mW,VDD_CPU_GPU_CV,1265mW/2960mW,VDD_SOC,2376mW/2894mW
07-25-2026,17:09:09,RAM,923/7620MB,(lfb,129x4MB),SWAP,388/3810MB,(cached,2MB),CPU,[0%@1344,0%@1344,0%@1344,0%@1344,0%@1344,0%@1344],GR3D_FREQ,0%,cpu@52.593C,soc2@50.5C,soc0@51.531C,gpu@52.687C,tj@52.687C,soc1@51.562C,VDD_IN,5555mW/8450mW,VDD_CPU_GPU_CV,1267mW/2957mW,VDD_SOC,2376mW/2893mW
07-25-2026,17:09:09,RAM,923/7620MB,(lfb,129x4MB),SWAP,388/3810MB,(cached,2MB),CPU,[0%@1344,0%@1344,0%@1344,0%@1344,0%@1344,0%@1344],GR3D_FREQ,0%,cpu@52.281C,soc2@50.531C,soc0@51.25C,gpu@52.5C,tj@52.5C,soc1@51.625C,VDD_IN,5555mW/8445mW,VDD_CPU_GPU_CV,1267mW/2954mW,VDD_SOC,2376mW/2892mW
07-25-2026,17:09:09,RAM,922/7620MB,(lfb,129x4MB),SWAP,388/3810MB,(cached,2MB),CPU,[0%@1344,0%@1344,0%@1344,0%@1344,0%@1344,0%@1344],GR3D_FREQ,0%,cpu@52.375C,soc2@50.468C,soc0@51.312C,gpu@52.406C,tj@52.406C,soc1@51.437C,VDD_IN,5555mW/8440mW,VDD_CPU_GPU_CV,1267mW/2951mW,VDD_SOC,2376mW/2891mW
07-25-2026,17:09:09,RAM,922/7620MB,(lfb,129x4MB),SWAP,388/3810MB,(cached,2MB),CPU,[0%@1344,0%@1344,0%@1344,0%@1344,0%@1344,0%@1344],GR3D_FREQ,0%,cpu@52.281C,soc2@50.531C,soc0@51.375C,gpu@52.562C,tj@52.562C,soc1@51.343C,VDD_IN,5555mW/8434mW,VDD_CPU_GPU_CV,1267mW/2948mW,VDD_SOC,2376mW/2890mW
07-25-2026,17:09:10,RAM,922/7620MB,(lfb,129x4MB),SWAP,388/3810MB,(cached,2MB),CPU,[0%@1344,0%@1344,0%@1344,0%@1344,0%@1344,0%@1344],GR3D_FREQ,0%,cpu@52.25C,soc2@50.468C,soc0@51.468C,gpu@52.406C,tj@52.406C,soc1@51.468C,VDD_IN,5555mW/8429mW,VDD_CPU_GPU_CV,1267mW/2945mW,VDD_SOC,2376mW/2889mW
07-25-2026,17:09:10,RAM,922/7620MB,(lfb,129x4MB),SWAP,388/3810MB,(cached,2MB),CPU,[0%@1344,0%@1344,0%@1344,0%@1344,0%@1344,0%@1344],GR3D_FREQ,0%,cpu@52.687C,soc2@50.562C,soc0@51.312C,gpu@52.187C,tj@52.687C,soc1@51.5C,VDD_IN,5555mW/8424mW,VDD_CPU_GPU_CV,1267mW/2942mW,VDD_SOC,2376mW/2888mW
07-25-2026,17:09:10,RAM,923/7620MB,(lfb,129x4MB),SWAP,388/3810MB,(cached,2MB),CPU,[9%@1344,0%@1344,0%@1344,0%@1344,0%@1344,0%@1344],GR3D_FREQ,0%,cpu@52.406C,soc2@50.437C,soc0@51.375C,gpu@52.593C,tj@52.593C,soc1@51.718C,VDD_IN,5555mW/8419mW,VDD_CPU_GPU_CV,1267mW/2939mW,VDD_SOC,2376mW/2887mW
07-25-2026,17:09:10,RAM,923/7620MB,(lfb,129x4MB),SWAP,388/3810MB,(cached,2MB),CPU,[0%@1344,0%@1344,0%@1344,0%@1344,0%@1344,0%@1344],GR3D_FREQ,0%,cpu@52.156C,soc2@50.468C,soc0@51.406C,gpu@52.375C,tj@52.375C,soc1@51.343C,VDD_IN,5555mW/8413mW,VDD_CPU_GPU_CV,1267mW/2936mW,VDD_SOC,2376mW/2886mW
07-25-2026,17:09:10,RAM,923/7620MB,(lfb,129x4MB),SWAP,388/3810MB,(cached,2MB),CPU,[0%@1344,0%@1344,0%@1344,0%@1344,0%@1344,0%@1344],GR3D_FREQ,0%,cpu@52.25C,soc2@50.375C,soc0@51.437C,gpu@52.062C,tj@52.25C,soc1@51.562C,VDD_IN,5555mW/8408mW,VDD_CPU_GPU_CV,1267mW/2933mW,VDD_SOC,2376mW/2885mW
07-25-2026,17:09:10,RAM,923/7620MB,(lfb,129x4MB),SWAP,388/3810MB,(cached,2MB),CPU,[0%@1344,0%@1344,0%@1344,0%@1344,0%@1344,0%@1344],GR3D_FREQ,0%,cpu@52.218C,soc2@50.468C,soc0@51.531C,gpu@52.468C,tj@52.625C,soc1@51.562C,VDD_IN,5555mW/8403mW,VDD_CPU_GPU_CV,1267mW/2930mW,VDD_SOC,2376mW/2885mW
07-25-2026,17:09:10,RAM,923/7620MB,(lfb,129x4MB),SWAP,388/3810MB,(cached,2MB),CPU,[0%@1344,0%@1344,0%@1344,0%@1344,0%@1344,0%@1344],GR3D_FREQ,0%,cpu@52.281C,soc2@50.5C,soc0@51.218C,gpu@52.343C,tj@52.343C,soc1@51.562C,VDD_IN,5555mW/8398mW,VDD_CPU_GPU_CV,1265mW/2927mW,VDD_SOC,2376mW/2884mW
07-25-2026,17:09:10,RAM,923/7620MB,(lfb,129x4MB),SWAP,388/3810MB,(cached,2MB),CPU,[8%@1344,0%@1344,0%@1344,0%@1344,0%@1344,0%@1344],GR3D_FREQ,0%,cpu@52.437C,soc2@50.468C,soc0@51.406C,gpu@52.687C,tj@52.687C,soc1@51.218C,VDD_IN,5555mW/8393mW,VDD_CPU_GPU_CV,1265mW/2924mW,VDD_SOC,2376mW/2883mW
07-25-2026,17:09:10,RAM,923/7620MB,(lfb,129x4MB),SWAP,388/3810MB,(cached,2MB),CPU,[0%@1344,0%@1344,0%@1344,0%@1344,0%@1344,0%@1344],GR3D_FREQ,0%,cpu@52.25C,soc2@50.468C,soc0@51.406C,gpu@52.437C,tj@52.437C,soc1@51.375C,VDD_IN,5555mW/8388mW,VDD_CPU_GPU_CV,1267mW/2921mW,VDD_SOC,2376mW/2882mW
07-25-2026,17:09:11,RAM,923/7620MB,(lfb,129x4MB),SWAP,388/3810MB,(cached,2MB),CPU,[0%@1344,0%@1344,0%@1344,0%@1344,0%@1344,0%@1344],GR3D_FREQ,0%,cpu@52.25C,soc2@50.437C,soc0@51.5C,gpu@52.156C,tj@52.25C,soc1@51.375C,VDD_IN,5555mW/8383mW,VDD_CPU_GPU_CV,1267mW/2918mW,VDD_SOC,2376mW/2881mW
07-25-2026,17:09:11,RAM,923/7620MB,(lfb,129x4MB),SWAP,388/3810MB,(cached,2MB),CPU,[0%@1344,0%@1344,0%@1344,0%@1344,0%@1344,0%@1344],GR3D_FREQ,0%,cpu@52.75C,soc2@50.406C,soc0@51.562C,gpu@52.687C,tj@52.75C,soc1@51.5C,VDD_IN,5555mW/8378mW,VDD_CPU_GPU_CV,1267mW/2915mW,VDD_SOC,2376mW/2880mW
07-25-2026,17:09:11,RAM,923/7620MB,(lfb,129x4MB),SWAP,388/3810MB,(cached,2MB),CPU,[0%@1344,0%@1344,0%@1344,16%@1344,0%@1344,0%@1344],GR3D_FREQ,0%,cpu@52.468C,soc2@50.468C,soc0@51.156C,gpu@52.406C,tj@52.468C,soc1@51.343C,VDD_IN,5555mW/8373mW,VDD_CPU_GPU_CV,1267mW/2912mW,VDD_SOC,2376mW/2879mW
07-25-2026,17:09:11,RAM,923/7620MB,(lfb,129x4MB),SWAP,388/3810MB,(cached,2MB),CPU,[0%@1344,0%@1344,0%@1344,0%@1344,0%@1344,0%@1344],GR3D_FREQ,0%,cpu@52.218C,soc2@50.437C,soc0@51.406C,gpu@52.156C,tj@52.218C,soc1@51.437C,VDD_IN,5555mW/8368mW,VDD_CPU_GPU_CV,1267mW/2909mW,VDD_SOC,2376mW/2878mW
07-25-2026,17:09:11,RAM,923/7620MB,(lfb,129x4MB),SWAP,388/3810MB,(cached,2MB),CPU,[0%@1344,0%@1344,0%@1344,0%@1344,0%@1344,0%@1344],GR3D_FREQ,0%,cpu@52.312C,soc2@50.437C,soc0@51.375C,gpu@52.531C,tj@52.531C,soc1@51.5C,VDD_IN,5555mW/8363mW,VDD_CPU_GPU_CV,1267mW/2906mW,VDD_SOC,2376mW/2877mW
07-25-2026,17:09:11,RAM,923/7620MB,(lfb,129x4MB),SWAP,388/3810MB,(cached,2MB),CPU,[0%@1344,0%@1344,0%@1344,0%@1344,0%@1344,0%@1344],GR3D_FREQ,0%,cpu@52.281C,soc2@50.5C,soc0@51.468C,gpu@52.406C,tj@52.5C,soc1@51.562C,VDD_IN,5555mW/8358mW,VDD_CPU_GPU_CV,1267mW/2903mW,VDD_SOC,2376mW/2876mW
07-25-2026,17:09:11,RAM,923/7620MB,(lfb,129x4MB),SWAP,388/3810MB,(cached,2MB),CPU,[0%@1344,0%@1344,0%@1344,0%@1344,0%@1344,0%@1344],GR3D_FREQ,0%,cpu@52.281C,soc2@50.531C,soc0@51.25C,gpu@52C,tj@52.281C,soc1@51.625C,VDD_IN,5555mW/8353mW,VDD_CPU_GPU_CV,1267mW/2900mW,VDD_SOC,2376mW/2875mW
07-25-2026,17:09:11,RAM,923/7620MB,(lfb,129x4MB),SWAP,388/3810MB,(cached,2MB),CPU,[0%@1344,0%@1344,0%@1344,0%@1344,0%@1344,0%@1344],GR3D_FREQ,0%,cpu@52.343C,soc2@50.468C,soc0@51.375C,gpu@52.531C,tj@52.531C,soc1@51.375C,VDD_IN,5555mW/8348mW,VDD_CPU_GPU_CV,1267mW/2897mW,VDD_SOC,2376mW/2875mW
07-25-2026,17:09:11,RAM,923/7620MB,(lfb,129x4MB),SWAP,388/3810MB,(cached,2MB),CPU,[0%@1344,0%@1344,0%@1344,0%@1344,0%@1344,0%@1344],GR3D_FREQ,0%,cpu@52.281C,soc2@50.406C,soc0@51.468C,gpu@52.375C,tj@52.375C,soc1@51.5C,VDD_IN,5555mW/8343mW,VDD_CPU_GPU_CV,1267mW/2894mW,VDD_SOC,2376mW/2874mW
07-25-2026,17:09:11,RAM,923/7620MB,(lfb,129x4MB),SWAP,388/3810MB,(cached,2MB),CPU,[0%@1344,16%@1344,0%@1344,0%@1344,0%@1344,0%@1344],GR3D_FREQ,0%,cpu@52.25C,soc2@50.437C,soc0@51.468C,gpu@52.093C,tj@52.25C,soc1@51.406C,VDD_IN,5555mW/8338mW,VDD_CPU_GPU_CV,1267mW/2891mW,VDD_SOC,2376mW/2873mW
07-25-2026,17:09:12,RAM,923/7620MB,(lfb,129x4MB),SWAP,388/3810MB,(cached,2MB),CPU,[0%@1344,0%@1344,0%@1344,0%@1344,0%@1344,0%@1344],GR3D_FREQ,0%,cpu@52.656C,soc2@50.468C,soc0@51.343C,gpu@52.562C,tj@52.656C,soc1@51.593C,VDD_IN,5555mW/8333mW,VDD_CPU_GPU_CV,1267mW/2889mW,VDD_SOC,2376mW/2872mW
