07-25-2026,17:35:31,RAM,922/7620MB,(lfb,121x4MB),SWAP,388/3810MB,(cached,2MB),CPU,[0%@1344,0%@1344,0%@1344,0%@1344,0%@1344,9%@1344],GR3D_FREQ,0%,cpu@49.937C,soc2@48C,soc0@48.906C,gpu@49.906C,tj@49.937C,soc1@48.968C,VDD_IN,5594mW/5594mW,VDD_CPU_GPU_CV,1307mW/1307mW,VDD_SOC,2376mW/2376mW
07-25-2026,17:35:31,RAM,921/7620MB,(lfb,121x4MB),SWAP,388/3810MB,(cached,2MB),CPU,[9%@1344,8%@1344,0%@1344,0%@1344,0%@1344,0%@1344],GR3D_FREQ,0%,cpu@50.156C,soc2@48C,soc0@49.031C,gpu@49.718C,tj@50.156C,soc1@49.031C,VDD_IN,5594mW/5594mW,VDD_CPU_GPU_CV,1307mW/1307mW,VDD_SOC,2376mW/2376mW
07-25-2026,17:35:32,RAM,921/7620MB,(lfb,121x4MB),SWAP,388/3810MB,(cached,2MB),CPU,[0%@1344,0%@1344,0%@1344,0%@1344,0%@1344,0%@1344],GR3D_FREQ,0%,cpu@50.312C,soc2@48.031C,soc0@48.718C,gpu@49.718C,tj@50.312C,soc1@49.093C,VDD_IN,5594mW/5594mW,VDD_CPU_GPU_CV,1307mW/1307mW,VDD_SOC,2376mW/2376mW
07-25-2026,17:35:32,RAM,921/7620MB,(lfb,121x4MB),SWAP,388/3810MB,(cached,2MB),CPU,[0%@1344,0%@1344,0%@1344,0%@1344,0%@1344,0%@1344],GR3D_FREQ,0%,cpu@50.031C,soc2@47.968C,soc0@48.843C,gpu@49.812C,tj@50.031C,soc1@48.875C,VDD_IN,5594mW/5594mW,VDD_CPU_GPU_CV,1307mW/1307mW,VDD_SOC,2376mW/2376mW
07-25-2026,17:35:32,RAM,921/7620MB,(lfb,121x4MB),SWAP,388/3810MB,(cached,2MB),CPU,[0%@1344,0%@1344,0%@1344,0%@1344,0%@1344,0%@1344],GR3D_FREQ,0%,cpu@49.906C,soc2@47.937C,soc0@48.843C,gpu@49.75C,tj@49.906C,soc1@48.875C,VDD_IN,5555mW/5586mW,VDD_CPU_GPU_CV,1307mW/1307mW,VDD_SOC,2376mW/2376mW
07-25-2026,17:35:32,RAM,921/7620MB,(lfb,121x4MB),SWAP,388/3810MB,(cached,2MB),CPU,[0%@1344,0%@1344,0%@1344,0%@1344,0%@1344,0%@1344],GR3D_FREQ,0%,cpu@49.875C,soc2@48.031C,soc0@48.968C,gpu@50.031C,tj@49.875C,soc1@49.031C,VDD_IN,5555mW/5581mW,VDD_CPU_GPU_CV,1307mW/1307mW,VDD_SOC,2376mW/2376mW
07-25-2026,17:35:32,RAM,921/7620MB,(lfb,121x4MB),SWAP,388/3810MB,(cached,2MB),CPU,[0%@1344,0%@1344,0%@1344,0%@1344,0%@1344,0%@1344],GR3D_FREQ,0%,cpu@50.25C,soc2@47.968C,soc0@49.125C,gpu@49.843C,tj@50.25C,soc1@49.031C,VDD_IN,5555mW/5577mW,VDD_CPU_GPU_CV,1307mW/1307mW,VDD_SOC,2376mW/2376mW
07-25-2026,17:35:32,RAM,921/7620MB,(lfb,121x4MB),SWAP,388/3810MB,(cached,2MB),CPU,[0%@1344,0%@1344,0%@1344,0%@1344,0%@1344,0%@1344],GR3D_FREQ,0%,cpu@49.968C,soc2@48C,soc0@48.812C,gpu@49.687C,tj@49.968C,soc1@49.25C,VDD_IN,5555mW/5575mW,VDD_CPU_GPU_CV,1307mW/1307mW,VDD_SOC,2376mW/2376mW
07-25-2026,17:35:32,RAM,921/7620MB,(lfb,121x4MB),SWAP,388/3810MB,(cached,2MB),CPU,[0%@1344,0%@1344,0%@1344,0%@1344,0%@1344,0%@1344],GR3D_FREQ,0%,cpu@50C,soc2@47.937C,soc0@48.812C,gpu@49.937C,tj@49.937C,soc1@48.937C,VDD_IN,5555mW/5572mW,VDD_CPU_GPU_CV,1307mW/1307mW,VDD_SOC,2376mW/2376mW
07-25-2026,17:35:32,RAM,921/7620MB,(lfb,121x4MB),SWAP,388/3810MB,(cached,2MB),CPU,[0%@1344,0%@1344,0%@1344,0%@1344,0%@1344,0%@1344],GR3D_FREQ,0%,cpu@49.937C,soc2@48.031C,soc0@48.812C,gpu@49.843C,tj@49.937C,soc1@48.906C,VDD_IN,5555mW/5571mW,VDD_CPU_GPU_CV,1307mW/1307mW,VDD_SOC,2376mW/2376mW
07-25-2026,17:35:32,RAM,921/7620MB,(lfb,121x4MB),SWAP,388/3810MB,(cached,2MB),CPU,[0%@1344,0%@1344,0%@1344,0%@1344,0%@1344,8%@1344],GR3D_FREQ,0%,cpu@49.937C,soc2@48C,soc0@49.031C,gpu@49.75C,tj@49.937C,soc1@49.031C,VDD_IN,5555mW/5569mW,VDD_CPU_GPU_CV,1307mW/1307mW,VDD_SOC,2376mW/2376mW
07-25-2026,17:35:32,RAM,921/7620MB,(lfb,121x4MB),SWAP,388/3810MB,(cached,2MB),CPU,[0%@1344,0%@1344,0%@1344,0%@1344,0%@1344,0%@1344],GR3D_FREQ,0%,cpu@50.343C,soc2@48.062C,soc0@48.75C,gpu@50C,tj@50.343C,soc1@49.031C,VDD_IN,5555mW/5568mW,VDD_CPU_GPU_CV,1307mW/1307mW,VDD_SOC,2376mW/2376mW
07-25-2026,17:35:33,RAM,921/7620MB,(lfb,121x4MB),SWAP,388/3810MB,(cached,2MB),CPU,[0%@1344,0%@1344,0%@1344,0%@1344,0%@1344,0%@1344],GR3D_FREQ,0%,cpu@50.031C,soc2@47.875C,soc0@48.843C,gpu@49.781C,tj@50.031C,soc1@48.906C,VDD_IN,5555mW/5567mW,VDD_CPU_GPU_CV,1307mW/1307mW,VDD_SOC,2376mW/2376mW
07-25-2026,17:35:33,RAM,921/7620MB,(lfb,121x4MB),SWAP,388/3810MB,(cached,2MB),CPU,[0%@1344,9%@1344,0%@1344,0%@1344,0%@1344,0%@1344],GR3D_FREQ,0%,cpu@49.875C,soc2@47.968C,soc0@48.843C,gpu@50.125C,tj@50.125C,soc1@48.937C,VDD_IN,5555mW/5566mW,VDD_CPU_GPU_CV,1307mW/1307mW,VDD_SOC,2376mW/2376mW
07-25-2026,17:35:33,RAM,921/7620MB,(lfb,121x4MB),SWAP,388/3810MB,(cached,2MB),CPU,[0%@1344,0%@1344,0%@1344,0%@1344,0%@1344,0%@1344],GR3D_FREQ,0%,cpu@49.906C,soc2@48.031C,soc0@48.937C,gpu@49.968C,tj@49.968C,soc1@48.906C,VDD_IN,5555mW/5565mW,VDD_CPU_GPU_CV,1307mW/1307mW,VDD_SOC,2376mW/2376mW
07-25-2026,17:35:33,RAM,921/7620MB,(lfb,121x4MB),SWAP,388/3810MB,(cached,2MB),CPU,[0%@1344,0%@1344,0%@1344,0%@1344,0%@1344,0%@1344],GR3D_FREQ,0%,cpu@49.968C,soc2@48.031C,soc0@49.062C,gpu@49.75C,tj@50.281C,soc1@49.093C,VDD_IN,5555mW/5565mW,VDD_CPU_GPU_CV,1307mW/1307mW,VDD_SOC,2376mW/2376mW
07-25-2026,17:35:33,RAM,921/7620MB,(lfb,121x4MB),SWAP,388/3810MB,(cached,2MB),CPU,[0%@1344,0%@1344,0%@1344,0%@1344,0%@1344,0%@1344],GR3D_FREQ,0%,cpu@49.968C,soc2@48.062C,soc0@48.781C,gpu@50C,tj@50C,soc1@49.187C,VDD_IN,5555mW/5564mW,VDD_CPU_GPU_CV,1307mW/1307mW,VDD_SOC,2376mW/2376mW
07-25-2026,17:35:33,RAM,921/7620MB,(lfb,121x4MB),SWAP,388/3810MB,(cached,2MB),CPU,[0%@1344,0%@1344,0%@1344,0%@1344,0%@1344,0%@1344],GR3D_FREQ,0%,cpu@50.125C,soc2@47.937C,soc0@48.781C,gpu@49.812C,tj@50.125C,soc1@48.875C,VDD_IN,5555mW/5564mW,VDD_CPU_GPU_CV,1307mW/1307mW,VDD_SOC,2376mW/2376mW
07-25-2026,17:35:33,RAM,921/7620MB,(lfb,121x4MB),SWAP,388/3810MB,(cached,2MB),CPU,[0%@1344,0%@1344,0%@1344,0%@1344,0%@1344,0%@1344],GR3D_FREQ,0%,cpu@49.875C,soc2@47.968C,soc0@48.937C,gpu@49.718C,tj@49.875C,soc1@48.968C,VDD_IN,5555mW/5563mW,VDD_CPU_GPU_CV,1307mW/1307mW,VDD_SOC,2376mW/2376mW
07-25-2026,17:35:33,RAM,921/7620MB,(lfb,121x4MB),SWAP,388/3810MB,(cached,2MB),CPU,[0%@1344,0%@1344,0%@1344,0%@1344,0%@1344,0%@1344],GR3D_FREQ,0%,cpu@49.968C,soc2@47.906C,soc0@49.031C,gpu@50.093C,tj@50.093C,soc1@49.031C,VDD_IN,5555mW/5563mW,VDD_CPU_GPU_CV,1307mW/1307mW,VDD_SOC,2376mW/2376mW
07-25-2026,17:35:33,RAM,921/7620MB,(lfb,121x4MB),SWAP,388/3810MB,(cached,2MB),CPU,[0%@1344,0%@1344,0%@1344,0%@1344,0%@1344,0%@1344],GR3D_FREQ,0%,cpu@49.968C,soc2@48.093C,soc0@48.75C,gpu@49.906C,tj@49.968C,soc1@49.031C,VDD_IN,5555mW/5562mW,VDD_CPU_GPU_CV,1307mW/1307mW,VDD_SOC,2376mW/2376mW
07-25-2026,17:35:34,RAM,921/7620MB,(lfb,121x4MB),SWAP,388/3810MB,(cached,2MB),CPU,[0%@1344,0%@1344,0%@1344,0%@1344,0%@1344,0%@1344],GR3D_FREQ,0%,cpu@50.125C,soc2@48.093C,soc0@48.781C,gpu@50.187C,tj@50.187C,soc1@49.187C,VDD_IN,5555mW/5562mW,VDD_CPU_GPU_CV,1307mW/1307mW,VDD_SOC,2376mW/2376mW
07-25-2026,17:35:34,RAM,921/7620MB,(lfb,121x4MB),SWAP,388/3810MB,(cached,2MB),CPU,[0%@1344,9%@1344,0%@1344,0%@1344,0%@1344,0%@1344],GR3D_FREQ,0%,cpu@49.843C,soc2@48.031C,soc0@48.906C,gpu@49.968C,tj@49.968C,soc1@48.937C,VDD_IN,5555mW/5562mW,VDD_CPU_GPU_CV,1307mW/1307mW,VDD_SOC,2376mW/2376mW
07-25-2026,17:35:34,RAM,921/7620MB,(lfb,121x4MB),SWAP,388/3810MB,(cached,2MB),CPU,[0%@1344,0%@1344,0%@1344,0%@1344,0%@1344,0%@1344],GR3D_FREQ,0%,cpu@49.875C,soc2@47.968C,soc0@48.968C,gpu@49.75C,tj@49.875C,soc1@49.093C,VDD_IN,5555mW/5561mW,VDD_CPU_GPU_CV,1307mW/1307mW,VDD_SOC,2376mW/2376mW
07-25-2026,17:35:34,RAM,921/7620MB,(lfb,121x4MB),SWAP,388/3810MB,(cached,2MB),CPU,[0%@1344,0%@1344,0%@1344,0%@1344,0%@1344,0%@1344],GR3D_FREQ,0%,cpu@49.937C,soc2@48.031C,soc0@49.031C,gpu@50.218C,tj@50.218C,soc1@49.031C,VDD_IN,5555mW/5561mW,VDD_CPU_GPU_CV,1307mW/1307mW,VDD_SOC,2376mW/2376mW
07-25-2026,17:35:34,RAM,921/7620MB,(lfb,121x4MB),SWAP,388/3810MB,(cached,2MB),CPU,[0%@1344,0%@1344,0%@1344,0%@1344,0%@1344,0%@1344],GR3D_FREQ,0%,cpu@50.062C,soc2@48.031C,soc0@48.875C,gpu@49.968C,tj@50.062C,soc1@49.156C,VDD_IN,5555mW/5561mW,VDD_CPU_GPU_CV,1307mW/1307mW,VDD_SOC,2376mW/2376mW
07-25-2026,17:35:34,RAM,921/7620MB,(lfb,121x4MB),SWAP,388/3810MB,(cached,2MB),CPU,[0%@1344,0%@1344,0%@1344,0%@1344,0%@1344,0%@1344],GR3D_FREQ,0%,cpu@50.187C,soc2@48.031C,soc0@48.781C,gpu@49.812C,tj@50.187C,soc1@48.812C,VDD_IN,5555mW/5561mW,VDD_CPU_GPU_CV,1307mW/1307mW,VDD_SOC,2376mW/2376mW
07-25-2026,17:35:34,RAM,921/7620MB,(lfb,121x4MB),SWAP,388/3810MB,(cached,2MB),CPU,[0%@1344,0%@1344,0%@1344,0%@1344,0%@1344,0%@1344],GR3D_FREQ,0%,cpu@49.906C,soc2@47.875C,soc0@48.968C,gpu@50.125C,tj@50.125C,soc1@48.968C,VDD_IN,5555mW/5561mW,VDD_CPU_GPU_CV,1307mW/1307mW,VDD_SOC,2376mW/2376mW
07-25-2026,17:35:34,RAM,921/7620MB,(lfb,121x4MB),SWAP,388/3810MB,(cached,2MB),CPU,[8%@1344,8%@1344,0%@1344,0%@1344,0%@1344,0%@1344],GR3D_FREQ,0%,cpu@49.968C,soc2@48.031C,soc0@48.968C,gpu@50C,tj@50C,soc1@49.031C,VDD_IN,5555mW/5560mW,VDD_CPU_GPU_CV,1307mW/1307mW,VDD_SOC,2376mW/2376mW
07-25-2026,17:35:34,RAM,922/7620MB,(lfb,121x4MB),SWAP,388/3810MB,(cached,2MB),CPU,[0%@1344,0%@1344,0%@1344,9%@1344,0%@1344,8%@1344],GR3D_FREQ,0%,cpu@50.093C,soc2@48.031C,soc0@48.781C,gpu@49.656C,tj@50.093C,soc1@49.031C,VDD_IN,5555mW/5560mW,VDD_CPU_GPU_CV,1307mW/1307mW,VDD_SOC,2376mW/2376mW
07-25-2026,17:35:34,RAM,921/7620MB,(lfb,121x4MB),SWAP,388/3810MB,(cached,2MB),CPU,[0%@1344,0%@1344,0%@1344,0%@1344,0%@1344,0%@1344],GR3D_FREQ,0%,cpu@50.156C,soc2@48.031C,soc0@48.781C,gpu@50.125C,tj@50.156C,soc1@49.187C,VDD_IN,5555mW/5560mW,VDD_CPU_GPU_CV,1307mW/1307mW,VDD_SOC,2376mW/2376mW
07-25-2026,17:35:35,RAM,921/7620MB,(lfb,121x4MB),SWAP,388/3810MB,(cached,2MB),CPU,[9%@1344,0%@1344,0%@1344,0%@1344,0%@1344,0%@1344],GR3D_FREQ,0%,cpu@49.875C,soc2@47.968C,soc0@48.906C,gpu@49.875C,tj@49.875C,soc1@48.875C,VDD_IN,5555mW/5560mW,VDD_CPU_GPU_CV,1307mW/1307mW,VDD_SOC,2376mW/2376mW
07-25-2026,17:35:35,RAM,921/7620MB,(lfb,121x4MB),SWAP,388/3810MB,(cached,2MB),CPU,[0%@1344,0%@1344,0%@1344,0%@1344,0%@1344,0%@1344],GR3D_FREQ,0%,cpu@49.968C,soc2@48.031C,soc0@49C,gpu@49.656C,tj@49.968C,soc1@48.937C,VDD_IN,5555mW/5560mW,VDD_CPU_GPU_CV,1307mW/1307mW,VDD_SOC,2376mW/2376mW
07-25-2026,17:35:35,RAM,921/7620MB,(lfb,121x4MB),SWAP,388/3810MB,(cached,2MB),CPU,[0%@1344,0%@1344,0%@1344,0%@1344,0%@1344,0%@1344],GR3D_FREQ,0%,cpu@50C,soc2@48C,soc0@49.125C,gpu@50.031C,tj@50.031C,soc1@49.031C,VDD_IN,5555mW/5560mW,VDD_CPU_GPU_CV,1307mW/1307mW,VDD_SOC,2376mW/2376mW
07-25-2026,17:35:35,RAM,921/7620MB,(lfb,121x4MB),SWAP,388/3810MB,(cached,2MB),CPU,[0%@1344,0%@1344,0%@1344,0%@1344,0%@1344,0%@1344],GR3D_FREQ,0%,cpu@50.156C,soc2@48.031C,soc0@48.875C,gpu@49.656C,tj@50.156C,soc1@49.125C,VDD_IN,5555mW/5559mW,VDD_CPU_GPU_CV,1307mW/1307mW,VDD_SOC,2376mW/2376mW
07-25-2026,17:35:35,RAM,921/7620MB,(lfb,121x4MB),SWAP,388/3810MB,(cached,2MB),CPU,[0%@1344,0%@1344,0%@1344,0%@1344,0%@1344,0%@1344],GR3D_FREQ,0%,cpu@50.093C,soc2@47.968C,soc0@48.843C,gpu@49.562C,tj@50.093C,soc1@49.218C,VDD_IN,5555mW/5559mW,VDD_CPU_GPU_CV,1307mW/1307mW,VDD_SOC,2376mW/2376mW
07-25-2026,17:35:35,RAM,921/7620MB,(lfb,121x4MB),SWAP,388/3810MB,(cached,2MB),CPU,[0%@1344,8%@1344,0%@1344,0%@1344,0%@1344,0%@1344],GR3D_FREQ,0%,cpu@49.968C,soc2@48C,soc0@48.875C,gpu@50C,tj@50C,soc1@48.968C,VDD_IN,5555mW/5559mW,VDD_CPU_GPU_CV,1307mW/1307mW,VDD_SOC,2376mW/2376mW
07-25-2026,17:35:35,RAM,921/7620MB,(lfb,121x4MB),SWAP,388/3810MB,(cached,2MB),CPU,[0%@1344,0%@1344,0%@1344,0%@1344,0%@1344,0%@1344],GR3D_FREQ,0%,cpu@49.906C,soc2@48C,soc0@48.937C,gpu@49.718C,tj@49.906C,soc1@48.968C,VDD_IN,5555mW/5559mW,VDD_CPU_GPU_CV,1307mW/1307mW,VDD_SOC,2376mW/2376mW
07-25-2026,17:35:35,RAM,920/7620MB,(lfb,121x4MB),SWAP,388/3810MB,(cached,2MB),CPU,[0%@1344,0%@1344,0%@1344,0%@1344,0%@1344,0%@1344],GR3D_FREQ,0%,cpu@50C,soc2@47.937C,soc0@48.843C,gpu@50.25C,tj@50.25C,soc1@49.125C,VDD_IN,5555mW/5559mW,VDD_CPU_GPU_CV,1307mW/1307mW,VDD_SOC,2376mW/2376mW
07-25-2026,17:35:35,RAM,921/7620MB,(lfb,121x4MB),SWAP,388/3810MB,(cached,2MB),CPU,[0%@1344,0%@1344,0%@1344,0%@1344,0%@1344,9%@1344],GR3D_FREQ,0%,cpu@50.093C,soc2@48.031C,soc0@48.812C,gpu@50.125C,tj@50.125C,soc1@49.218C,VDD_IN,5555mW/5559mW,VDD_CPU_GPU_CV,1307mW/1307mW,VDD_SOC,2376mW/2376mW
07-25-2026,17:35:36,RAM,921/7620MB,(lfb,121x4MB),SWAP,388/3810MB,(cached,2MB),CPU,[0%@1344,0%@1344,0%@1344,0%@1344,0%@1344,0%@1344],GR3D_FREQ,0%,cpu@50.156C,soc2@47.937C,soc0@48.812C,gpu@49.718C,tj@49.968C,soc1@48.906C,VDD_IN,5555mW/5559mW,VDD_CPU_GPU_CV,1307mW/1307mW,VDD_SOC,2376mW/2376mW
07-25-2026,17:35:36,RAM,921/7620MB,(lfb,121x4MB),SWAP,388/3810MB,(cached,2MB),CPU,[0%@1344,0%@1344,0%@1344,0%@1344,0%@1344,0%@1344],GR3D_FREQ,0%,cpu@49.968C,soc2@47.968C,soc0@48.937C,gpu@50.218C,tj@50.218C,soc1@48.906C,VDD_IN,5555mW/5559mW,VDD_CPU_GPU_CV,1307mW/1307mW,VDD_SOC,2376mW/2376mW
07-25-2026,17:35:36,RAM,921/7620MB,(lfb,121x4MB),SWAP,388/3810MB,(cached,2MB),CPU,[0%@1344,0%@1344,0%@1344,0%@1344,0%@1344,0%@1344],GR3D_FREQ,0%,cpu@49.937C,soc2@47.906C,soc0@49.031C,gpu@49.968C,tj@49.968C,soc1@49.031C,VDD_IN,5555mW/5559mW,VDD_CPU_GPU_CV,1307mW/1307mW,VDD_SOC,2376mW/2376mW
07-25-2026,17:35:36,RAM,921/7620MB,(lfb,121x4MB),SWAP,388/3810MB,(cached,2MB),CPU,[0%@1344,0%@1344,0%@1344,0%@1344,0%@1344,0%@1344],GR3D_FREQ,0%,cpu@50.125C,soc2@48.031C,soc0@48.875C,gpu@49.75C,tj@50.125C,soc1@49.187C,VDD_IN,5555mW/5559mW,VDD_CPU_GPU_CV,1307mW/1307mW,VDD_SOC,2376mW/2376mW
07-25-2026,17:35:36,RAM,921/7620MB,(lfb,121x4MB),SWAP,388/3810MB,(cached,2MB),CPU,[0%@1344,0%@1344,0%@1344,0%@1344,0%@1344,0%@1344],GR3D_FREQ,0%,cpu@50.062C,soc2@47.968C,soc0@48.843C,gpu@50.156C,tj@50.156C,soc1@48.937C,VDD_IN,5555mW/5558mW,VDD_CPU_GPU_CV,1307mW/1307mW,VDD_SOC,2376mW/2376mW
07-25-2026,17:35:36,RAM,921/7620MB,(lfb,121x4MB),SWAP,388/3810MB,(cached,2MB),CPU,[0%@1344,0%@1344,0%@1344,0%@1344,0%@1344,0%@1344],GR3D_FREQ,0%,cpu@49.968C,soc2@47.906C,soc0@48.781C,gpu@49.593C,tj@49.968C,soc1@48.906C,VDD_IN,5555mW/5558mW,VDD_CPU_GPU_CV,1307mW/1307mW,VDD_SOC,2376mW/2376mW
07-25-2026,17:35:36,RAM,921/7620MB,(lfb,121x4MB),SWAP,388/3810MB,(cached,2MB),CPU,[0%@1344,0%@1344,0%@1344,0%@1344,0%@1344,0%@1344],GR3D_FREQ,0%,cpu@49.968C,soc2@47.968C,soc0@48.937C,gpu@49.593C,tj@49.968C,soc1@48.968C,VDD_IN,5555mW/5558mW,VDD_CPU_GPU_CV,1307mW/1307mW,VDD_SOC,2376mW/2376mW
07-25-2026,17:35:36,RAM,921/7620MB,(lfb,121x4MB),SWAP,388/3810MB,(cached,2MB),CPU,[0%@1344,0%@1344,0%@1344,0%@1344,0%@1344,0%@1344],GR3D_FREQ,0%,cpu@50.062C,soc2@48.031C,soc0@48.75C,gpu@50.125C,tj@50.125C,soc1@49.125C,VDD_IN,5555mW/5558mW,VDD_CPU_GPU_CV,1307mW/1307mW,VDD_SOC,2376mW/2376mW
07-25-2026,17:35:36,RAM,921/7620MB,(lfb,121x4MB),SWAP,388/3810MB,(cached,2MB),CPU,[0%@1344,0%@1344,0%@1344,0%@1344,0%@1344,0%@1344],GR3D_FREQ,0%,cpu@50.156C,soc2@47.937C,soc0@48.812C,gpu@49.75C,tj@50.156C,soc1@49.187C,VDD_IN,5555mW/5558mW,VDD_CPU_GPU_CV,1307mW/1307mW,VDD_SOC,2376mW/2376mW
07-25-2026,17:35:36,RAM,921/7620MB,(lfb,121x4MB),SWAP,388/3810MB,(cached,2MB),CPU,[0%@1344,0%@1344,0%@1344,8%@1344,0%@1344,0%@1344],GR3D_FREQ,0%,cpu@50.093C,soc2@48C,soc0@48.875C,gpu@49.625C,tj@49.937C,soc1@49.031C,VDD_IN,5594mW/5559mW,VDD_CPU_GPU_CV,1307mW/1307mW,VDD_SOC,2376mW/2376mW
07-25-2026,17:35:37,RAM,921/7620MB,(lfb,121x4MB),SWAP,388/3810MB,(cached,2MB),CPU,[0%@1344,0%@1344,0%@1344,0%@1344,0%@1344,0%@1344],GR3D_FREQ,0%,cpu@49.968C,soc2@47.968C,soc0@48.968C,gpu@49.968C,tj@49.968C,soc1@48.937C,VDD_IN,5555mW/5559mW,VDD_CPU_GPU_CV,1307mW/1307mW,VDD_SOC,2376mW/2376mW
07-25-2026,17:35:37,RAM,921/7620MB,(lfb,121x4MB),SWAP,388/3810MB,(cached,2MB),CPU,[9%@1344,8%@1344,0%@1344,0%@1344,0%@1344,0%@1344],GR3D_FREQ,0%,cpu@50C,soc2@47.906C,soc0@49.031C,gpu@49.718C,tj@50C,soc1@49C,VDD_IN,5555mW/5559mW,VDD_CPU_GPU_CV,1307mW/1307mW,VDD_SOC,2376mW/2376mW
07-25-2026,17:35:37,RAM,921/7620MB,(lfb,121x4MB),SWAP,388/3810MB,(cached,2MB),CPU,[0%@1344,0%@1344,0%@1344,0%@1344,0%@1344,0%@1344],GR3D_FREQ,0%,cpu@50.125C,soc2@48C,soc0@48.812C,gpu@50.281C,tj@50.281C,soc1@49.218C,VDD_IN,5555mW/5559mW,VDD_CPU_GPU_CV,1307mW/1307mW,VDD_SOC,2376mW/2376mW
07-25-2026,17:35:37,RAM,921/7620MB,(lfb,121x4MB),SWAP,388/3810MB,(cached,2MB),CPU,[0%@1344,0%@1344,0%@1344,0%@1344,0%@1344,0%@1344],GR3D_FREQ,0%,cpu@50.093C,soc2@47.906C,soc0@48.812C,gpu@50.156C,tj@50.156C,soc1@48.906C,VDD_IN,5555mW/5559mW,VDD_CPU_GPU_CV,1307mW/1307mW,VDD_SOC,2376mW/2376mW
07-25-2026,17:35:37,RAM,921/7620MB,(lfb,121x4MB),SWAP,388/3810MB,(cached,2MB),CPU,[0%@1344,0%@1344,0%@1344,0%@1344,0%@1344,0%@1344],GR3D_FREQ,0%,cpu@49.937C,soc2@48C,soc0@48.843C,gpu@49.656C,tj@49.937C,soc1@48.937C,VDD_IN,5555mW/5559mW,VDD_CPU_GPU_CV,1307mW/1307mW,VDD_SOC,2376mW/2376mW
07-25-2026,17:35:37,RAM,921/7620MB,(lfb,121x4MB),SWAP,388/3810MB,(cached,2MB),CPU,[0%@1344,0%@1344,0%@1344,0%@1344,0%@1344,0%@1344],GR3D_FREQ,0%,cpu@50.031C,soc2@47.968C,soc0@49.062C,gpu@50.25C,tj@50.25C,soc1@49.031C,VDD_IN,5555mW/5558mW,VDD_CPU_GPU_CV,1307mW/1307mW,VDD_SOC,2376mW/2376mW
07-25-2026,17:35:37,RAM,921/7620MB,(lfb,121x4MB),SWAP,388/3810MB,(cached,2MB),CPU,[0%@1344,0%@1344,0%@1344,0%@1344,0%@1344,0%@1344],GR3D_FREQ,0%,cpu@50.062C,soc2@48.093C,soc0@48.875C,gpu@49.687C,tj@50.062C,soc1@49.156C,VDD_IN,5555mW/5558mW,VDD_CPU_GPU_CV,1307mW/1307mW,VDD_SOC,2376mW/2376mW
07-25-2026,17:35:37,RAM,921/7620MB,(lfb,121x4MB),SWAP,388/3810MB,(cached,2MB),CPU,[0%@1344,0%@1344,0%@1344,0%@1344,0%@1344,0%@1344],GR3D_FREQ,0%,cpu@50.031C,soc2@48.031C,soc0@48.812C,gpu@49.75C,tj@50.031C,soc1@49.218C,VDD_IN,5555mW/5558mW,VDD_CPU_GPU_CV,1307mW/1307mW,VDD_SOC,2376mW/2376mW
07-25-2026,17:35:37,RAM,922/7620MB,(lfb,121x4MB),SWAP,388/3810MB,(cached,2MB),CPU,[0%@1344,0%@1344,0%@1344,0%@1344,0%@1344,9%@1344],GR3D_FREQ,0%,cpu@49.937C,soc2@48C,soc0@48.875C,gpu@50.156C,tj@50.156C,soc1@48.875C,VDD_IN,5555mW/5558mW,VDD_CPU_GPU_CV,1307mW/1307mW,VDD_SOC,2376mW/2376mW
07-25-2026,17:35:37,RAM,921/7620MB,(lfb,121x4MB),SWAP,388/3810MB,(cached,2MB),CPU,[0%@1344,0%@1344,0%@1344,0%@1344,0%@1344,0%@1344],GR3D_FREQ,0%,cpu@49.968C,soc2@48.062C,soc0@49C,gpu@49.75C,tj@49.968C,soc1@49C,VDD_IN,5555mW/5558mW,VDD_CPU_GPU_CV,1307mW/1307mW,VDD_SOC,2376mW/2376mW
07-25-2026,17:35:38,RAM,921/7620MB,(lfb,121x4MB),SWAP,388/3810MB,(cached,2MB),CPU,[0%@1344,9%@1344,0%@1344,0%@1344,0%@1344,0%@1344],GR3D_FREQ,0%,cpu@49.968C,soc2@48.093C,soc0@48.968C,gpu@49.593C,tj@49.968C,soc1@49.093C,VDD_IN,5555mW/5558mW,VDD_CPU_GPU_CV,1307mW/1307mW,VDD_SOC,2376mW/2376mW
07-25-2026,17:35:38,RAM,921/7620MB,(lfb,121x4MB),SWAP,388/3810MB,(cached,2MB),CPU,[0%@1344,0%@1344,0%@1344,0%@1344,0%@1344,0%@1344],GR3D_FREQ,0%,cpu@50.062C,soc2@48.062C,soc0@48.843C,gpu@50.187C,tj@50.187C,soc1@49.125C,VDD_IN,5555mW/5558mW,VDD_CPU_GPU_CV,1307mW/1307mW,VDD_SOC,2376mW/2376mW
07-25-2026,17:35:38,RAM,921/7620MB,(lfb,121x4MB),SWAP,388/3810MB,(cached,2MB),CPU,[0%@1344,0%@1344,0%@1344,0%@1344,8%@1344,0%@1344],GR3D_FREQ,0%,cpu@50.062C,soc2@47.906C,soc0@48.781C,gpu@49.687C,tj@50.062C,soc1@48.843C,VDD_IN,5555mW/5558mW,VDD_CPU_GPU_CV,1307mW/1307mW,VDD_SOC,2376mW/2376mW
07-25-2026,17:35:38,RAM,921/7620MB,(lfb,121x4MB),SWAP,388/3810MB,(cached,2MB),CPU,[0%@1344,0%@1344,0%@1344,0%@1344,0%@1344,0%@1344],GR3D_FREQ,0%,cpu@49.968C,soc2@47.937C,soc0@48.906C,gpu@49.625C,tj@49.968C,soc1@48.937C,VDD_IN,5555mW/5558mW,VDD_CPU_GPU_CV,1307mW/1307mW,VDD_SOC,2376mW/2376mW
07-25-2026,17:35:38,RAM,921/7620MB,(lfb,121x4MB),SWAP,388/3810MB,(cached,2MB),CPU,[0%@1344,0%@1344,0%@1344,0%@1344,0%@1344,0%@1344],GR3D_FREQ,0%,cpu@50.031C,soc2@48.031C,soc0@49.062C,gpu@49.75C,tj@50.031C,soc1@48.968C,VDD_IN,5555mW/5558mW,VDD_CPU_GPU_CV,1307mW/1307mW,VDD_SOC,2376mW/2376mW
07-25-2026,17:35:38,RAM,921/7620MB,(lfb,121x4MB),SWAP,388/3810MB,(cached,2MB),CPU,[0%@1344,0%@1344,0%@1344,0%@1344,0%@1344,0%@1344],GR3D_FREQ,0%,cpu@50.062C,soc2@47.968C,soc0@49.062C,gpu@49.718C,tj@50.062C,soc1@49.093C,VDD_IN,5555mW/5558mW,VDD_CPU_GPU_CV,1307mW/1307mW,VDD_SOC,2376mW/2376mW
07-25-2026,17:35:38,RAM,921/7620MB,(lfb,121x4MB),SWAP,388/3810MB,(cached,2MB),CPU,[0%@1344,0%@1344,0%@1344,0%@1344,0%@1344,0%@1344],GR3D_FREQ,0%,cpu@50.062C,soc2@48.125C,soc0@48.843C,gpu@49.593C,tj@50.062C,soc1@48.937C,VDD_IN,5555mW/5558mW,VDD_CPU_GPU_CV,1307mW/1307mW,VDD_SOC,2376mW/2376mW
07-25-2026,17:35:38,RAM,921/7620MB,(lfb,121x4MB),SWAP,388/3810MB,(cached,2MB),CPU,[0%@1344,0%@1344,0%@1344,0%@1344,0%@1344,0%@1344],GR3D_FREQ,0%,cpu@50.156C,soc2@47.937C,soc0@48.937C,gpu@49.75C,tj@49.968C,soc1@48.906C,VDD_IN,5555mW/5558mW,VDD_CPU_GPU_CV,1307mW/1307mW,VDD_SOC,2376mW/2376mW
07-25-2026,17:35:38,RAM,922/7620MB,(lfb,121x4MB),SWAP,388/3810MB,(cached,2MB),CPU,[0%@1344,0%@1344,0%@1344,0%@1344,0%@1344,0%@1344],GR3D_FREQ,0%,cpu@49.968C,soc2@48C,soc0@48.937C,gpu@49.656C,tj@49.968C,soc1@48.937C,VDD_IN,5555mW/5558mW,VDD_CPU_GPU_CV,1307mW/1307mW,VDD_SOC,2376mW/2376mW
07-25-2026,17:35:39,RAM,921/7620MB,(lfb,121x4MB),SWAP,388/3810MB,(cached,2MB),CPU,[8%@1344,0%@1344,0%@1344,0%@1344,0%@1344,0%@1344],GR3D_FREQ,0%,cpu@50.062C,soc2@47.937C,soc0@49.125C,gpu@50.25C,tj@50.25C,soc1@49C,VDD_IN,5555mW/5558mW,VDD_CPU_GPU_CV,1307mW/1307mW,VDD_SOC,2376mW/2376mW
07-25-2026,17:35:39,RAM,921/7620MB,(lfb,121x4MB),SWAP,388/3810MB,(cached,2MB),CPU,[0%@1344,0%@1344,0%@1344,0%@1344,0%@1344,0%@1344],GR3D_FREQ,0%,cpu@50.125C,soc2@48.031C,soc0@48.781C,gpu@49.75C,tj@50.125C,soc1@49.187C,VDD_IN,5555mW/5558mW,VDD_CPU_GPU_CV,1307mW/1307mW,VDD_SOC,2376mW/2376mW
07-25-2026,17:35:39,RAM,921/7620MB,(lfb,121x4MB),SWAP,388/3810MB,(cached,2MB),CPU,[0%@1344,0%@1344,0%@1344,0%@1344,0%@1344,0%@1344],GR3D_FREQ,0%,cpu@50.25C,soc2@47.937C,soc0@48.843C,gpu@49.593C,tj@50.25C,soc1@48.906C,VDD_IN,5555mW/5558mW,VDD_CPU_GPU_CV,1307mW/1307mW,VDD_SOC,2376mW/2376mW
07-25-2026,17:35:39,RAM,921/7620MB,(lfb,121x4MB),SWAP,388/3810MB,(cached,2MB),CPU,[0%@1344,9%@1344,0%@1344,0%@1344,0%@1344,0%@1344],GR3D_FREQ,0%,cpu@49.968C,soc2@47.968C,soc0@48.812C,gpu@49.75C,tj@49.968C,soc1@48.968C,VDD_IN,5555mW/5558mW,VDD_CPU_GPU_CV,1307mW/1307mW,VDD_SOC,2376mW/2376mW
07-25-2026,17:35:39,RAM,921/7620MB,(lfb,121x4MB),SWAP,388/3810MB,(cached,2MB),CPU,[0%@1344,0%@1344,0%@1344,0%@1344,0%@1344,0%@1344],GR3D_FREQ,0%,cpu@49.968C,soc2@47.937C,soc0@49.031C,gpu@49.75C,tj@49.968C,soc1@48.937C,VDD_IN,5555mW/5558mW,VDD_CPU_GPU_CV,1307mW/1307mW,VDD_SOC,2376mW/2376mW
07-25-2026,17:35:39,RAM,921/7620MB,(lfb,121x4MB),SWAP,388/3810MB,(cached,2MB),CPU,[8%@1344,0%@1344,0%@1344,0%@1344,0%@1344,8%@1344],GR3D_FREQ,0%,cpu@50.062C,soc2@48.031C,soc0@49.125C,gpu@49.625C,tj@50.062C,soc1@49C,VDD_IN,5555mW/5558mW,VDD_CPU_GPU_CV,1307mW/1307mW,VDD_SOC,2376mW/2376mW
07-25-2026,17:35:39,RAM,921/7620MB,(lfb,121x4MB),SWAP,388/3810MB,(cached,2MB),CPU,[0%@1344,0%@1344,0%@1344,0%@1344,0%@1344,0%@1344],GR3D_FREQ,0%,cpu@50.093C,soc2@48C,soc0@48.812C,gpu@49.781C,tj@50.093C,soc1@48.937C,VDD_IN,5555mW/5558mW,VDD_CPU_GPU_CV,1307mW/1307mW,VDD_SOC,2376mW/2376mW
07-25-2026,17:35:39,RAM,921/7620MB,(lfb,121x4MB),SWAP,388/3810MB,(cached,2MB),CPU,[0%@1344,0%@1344,0%@1344,0%@1344,0%@1344,0%@1344],GR3D_FREQ,0%,cpu@49.937C,soc2@48C,soc0@48.843C,gpu@49.781C,tj@49.937C,soc1@48.875C,VDD_IN,5555mW/5558mW,VDD_CPU_GPU_CV,1307mW/1307mW,VDD_SOC,2376mW/2376mW
07-25-2026,17:35:39,RAM,922/7620MB,(lfb,121x4MB),SWAP,388/3810MB,(cached,2MB),CPU,[0%@1344,0%@1344,0%@1344,0%@1344,0%@1344,9%@1344],GR3D_FREQ,0%,cpu@49.968C,soc2@48C,soc0@48.937C,gpu@49.656C,tj@49.968C,soc1@48.906C,VDD_IN,5555mW/5557mW,VDD_CPU_GPU_CV,1307mW/1307mW,VDD_SOC,2376mW/2376mW
07-25-2026,17:35:39,RAM,921/7620MB,(lfb,121x4MB),SWAP,388/3810MB,(cached,2MB),CPU,[0%@1344,9%@1344,0%@1344,0%@1344,0%@1344,0%@1344],GR3D_FREQ,0%,cpu@50C,soc2@47.968C,soc0@49.031C,gpu@49.687C,tj@50.062C,soc1@49C,VDD_IN,5555mW/5557mW,VDD_CPU_GPU_CV,1307mW/1307mW,VDD_SOC,2376mW/2376mW
07-25-2026,17:35:40,RAM,921/7620MB,(lfb,121x4MB),SWAP,388/3810MB,(cached,2MB),CPU,[0%@1344,0%@1344,0%@1344,0%@1344,0%@1344,0%@1344],GR3D_FREQ,0%,cpu@50.093C,soc2@48C,soc0@48.843C,gpu@49.781C,tj@50.093C,soc1@49.187C,VDD_IN,5555mW/5557mW,VDD_CPU_GPU_CV,1307mW/1307mW,VDD_SOC,2376mW/2376mW
07-25-2026,17:35:40,RAM,921/7620MB,(lfb,121x4MB),SWAP,388/3810MB,(cached,2MB),CPU,[0%@1344,0%@1344,0%@1344,0%@1344,0%@1344,0%@1344],GR3D_FREQ,0%,cpu@50.125C,soc2@47.937C,soc0@48.812C,gpu@49.656C,tj@50.125C,soc1@48.781C,VDD_IN,5555mW/5557mW,VDD_CPU_GPU_CV,1307mW/1307mW,VDD_SOC,2376mW/2376mW
07-25-2026,17:35:40,RAM,921/7620MB,(lfb,121x4MB),SWAP,388/3810MB,(cached,2MB),CPU,[0%@1344,0%@1344,0%@1344,0%@1344,0%@1344,0%@1344],GR3D_FREQ,0%,cpu@50C,soc2@48C,soc0@48.937C,gpu@49.843C,tj@50C,soc1@48.906C,VDD_IN,5555mW/5557mW,VDD_CPU_GPU_CV,1307mW/1307mW,VDD_SOC,2376mW/2376mW
07-25-2026,17:35:40,RAM,921/7620MB,(lfb,121x4MB),SWAP,388/3810MB,(cached,2MB),CPU,[0%@1344,0%@1344,0%@1344,0%@1344,0%@1344,0%@1344],GR3D_FREQ,0%,cpu@50C,soc2@48C,soc0@49.031C,gpu@49.718C,tj@50C,soc1@48.937C,VDD_IN,5555mW/5557mW,VDD_CPU_GPU_CV,1307mW/1307mW,VDD_SOC,2376mW/2376mW
07-25-2026,17:35:40,RAM,921/7620MB,(lfb,121x4MB),SWAP,388/3810MB,(cached,2MB),CPU,[0%@1344,0%@1344,0%@1344,0%@1344,0%@1344,0%@1344],GR3D_FREQ,0%,cpu@50.062C,soc2@48.031C,soc0@48.75C,gpu@49.843C,tj@50.062C,soc1@49.093C,VDD_IN,5555mW/5557mW,VDD_CPU_GPU_CV,1307mW/1307mW,VDD_SOC,2376mW/2376mW
07-25-2026,17:35:40,RAM,921/7620MB,(lfb,121x4MB),SWAP,388/3810MB,(cached,2MB),CPU,[0%@1344,0%@1344,0%@1344,0%@1344,0%@1344,0%@1344],GR3D_FREQ,0%,cpu@50.187C,soc2@48.062C,soc0@48.843C,gpu@49.75C,tj@50.125C,soc1@49.187C,VDD_IN,5555mW/5557mW,VDD_CPU_GPU_CV,1307mW/1307mW,VDD_SOC,2376mW/2376mW
07-25-2026,17:35:40,RAM,921/7620MB,(lfb,121x4MB),SWAP,388/3810MB,(cached,2MB),CPU,[0%@1344,9%@1344,0%@1344,0%@1344,0%@1344,0%@1344],GR3D_FREQ,0%,cpu@49.906C,soc2@47.937C,soc0@48.906C,gpu@49.625C,tj@49.906C,soc1@48.937C,VDD_IN,5555mW/5557mW,VDD_CPU_GPU_CV,1307mW/1307mW,VDD_SOC,2376mW/2376mW
07-25-2026,17:35:40,RAM,921/7620MB,(lfb,121x4MB),SWAP,388/3810MB,(cached,2MB),CPU,[0%@1344,0%@1344,0%@1344,0%@1344,0%@1344,0%@1344],GR3D_FREQ,0%,cpu@49.906C,soc2@48.031C,soc0@48.937C,gpu@49.812C,tj@49.906C,soc1@48.937C,VDD_IN,5555mW/5557mW,VDD_CPU_GPU_CV,1307mW/1307mW,VDD_SOC,2376mW/2376mW
07-25-2026,17:35:40,RAM,921/7620MB,(lfb,121x4MB),SWAP,388/3810MB,(cached,2MB),CPU,[0%@1344,0%@1344,0%@1344,0%@1344,0%@1344,0%@1344],GR3D_FREQ,0%,cpu@50.062C,soc2@48.093C,soc0@49.125C,gpu@49.75C,tj@50.062C,soc1@49.031C,VDD_IN,5555mW/5557mW,VDD_CPU_GPU_CV,1307mW/1307mW,VDD_SOC,2376mW/2376mW
07-25-2026,17:35:41,RAM,921/7620MB,(lfb,121x4MB),SWAP,388/3810MB,(cached,2MB),CPU,[0%@1344,0%@1344,0%@1344,0%@1344,0%@1344,0%@1344],GR3D_FREQ,0%,cpu@50.093C,soc2@48C,soc0@48.843C,gpu@49.75C,tj@50.093C,soc1@49.187C,VDD_IN,5555mW/5557mW,VDD_CPU_GPU_CV,1307mW/1307mW,VDD_SOC,2376mW/2376mW
07-25-2026,17:35:41,RAM,921/7620MB,(lfb,121x4MB),SWAP,388/3810MB,(cached,2MB),CPU,[0%@1344,0%@1344,0%@1344,0%@1344,0%@1344,0%@1344],GR3D_FREQ,0%,cpu@50.125C,soc2@47.937C,soc0@48.843C,gpu@49.843C,tj@50.125C,soc1@48.937C,VDD_IN,5555mW/5557mW,VDD_CPU_GPU_CV,1307mW/1307mW,VDD_SOC,2376mW/2376mW
07-25-2026,17:35:41,RAM,921/7620MB,(lfb,121x4MB),SWAP,388/3810MB,(cached,2MB),CPU,[0%@1344,0%@1344,0%@1344,0%@1344,0%@1344,0%@1344],GR3D_FREQ,0%,cpu@49.937C,soc2@47.968C,soc0@48.875C,gpu@49.718C,tj@49.937C,soc1@49C,VDD_IN,5555mW/5557mW,VDD_CPU_GPU_CV,1307mW/1307mW,VDD_SOC,2376mW/2376mW
07-25-2026,17:35:41,RAM,921/7620MB,(lfb,121x4MB),SWAP,388/3810MB,(cached,2MB),CPU,[0%@1344,9%@1344,0%@1344,0%@1344,0%@1344,0%@1344],GR3D_FREQ,0%,cpu@50C,soc2@48C,soc0@49.031C,gpu@49.718C,tj@50C,soc1@48.906C,VDD_IN,5555mW/5557mW,VDD_CPU_GPU_CV,1307mW/1307mW,VDD_SOC,2376mW/2376mW
07-25-2026,17:35:41,RAM,921/7620MB,(lfb,121x4MB),SWAP,388/3810MB,(cached,2MB),CPU,[0%@1344,0%@1344,0%@1344,0%@1344,0%@1344,0%@1344],GR3D_FREQ,0%,cpu@50.093C,soc2@48.031C,soc0@48.812C,gpu@49.75C,tj@50.093C,soc1@49.093C,VDD_IN,5555mW/5557mW,VDD_CPU_GPU_CV,1307mW/1307mW,VDD_SOC,2376mW/2376mW
07-25-2026,17:35:41,RAM,921/7620MB,(lfb,121x4MB),SWAP,388/3810MB,(cached,2MB),CPU,[0%@1344,0%@1344,0%@1344,0%@1344,0%@1344,0%@1344],GR3D_FREQ,0%,cpu@50.156C,soc2@47.968C,soc0@48.843C,gpu@49.687C,tj@50.156C,soc1@49.156C,VDD_IN,5555mW/5557mW,VDD_CPU_GPU_CV,1307mW/1307mW,VDD_SOC,2376mW/2376mW
07-25-2026,17:35:41,RAM,921/7620MB,(lfb,121x4MB),SWAP,388/3810MB,(cached,2MB),CPU,[0%@1344,0%@1344,0%@1344,0%@1344,0%@1344,0%@1344],GR3D_FREQ,0%,cpu@49.937C,soc2@47.906C,soc0@48.906C,gpu@49.781C,tj@49.937C,soc1@48.906C,VDD_IN,5555mW/5557mW,VDD_CPU_GPU_CV,1307mW/1307mW,VDD_SOC,2376mW/2376mW
07-25-2026,17:35:41,RAM,921/7620MB,(lfb,121x4MB),SWAP,388/3810MB,(cached,2MB),CPU,[0%@1344,0%@1344,0%@1344,0%@1344,0%@1344,0%@1344],GR3D_FREQ,0%,cpu@50.031C,soc2@47.937C,soc0@48.937C,gpu@49.75C,tj@50.031C,soc1@48.937C,VDD_IN,5555mW/5557mW,VDD_CPU_GPU_CV,1307mW/1307mW,VDD_SOC,2376mW/2376mW
07-25-2026,17:35:41,RAM,921/7620MB,(lfb,121x4MB),SWAP,388/3810MB,(cached,2MB),CPU,[0%@1344,0%@1344,0%@1344,0%@1344,0%@1344,0%@1344],GR3D_FREQ,0%,cpu@50C,soc2@48.062C,soc0@49.062C,gpu@49.75C,tj@50.093C,soc1@49.031C,VDD_IN,5555mW/5557mW,VDD_CPU_GPU_CV,1307mW/1307mW,VDD_SOC,2376mW/2376mW
07-25-2026,17:35:41,RAM,921/7620MB,(lfb,121x4MB),SWAP,388/3810MB,(cached,2MB),CPU,[0%@1344,0%@1344,0%@1344,9%@1344,8%@1344,0%@1344],GR3D_FREQ,0%,cpu@50.093C,soc2@48.093C,soc0@48.843C,gpu@49.843C,tj@50.093C,soc1@49.125C,VDD_IN,5555mW/5557mW,VDD_CPU_GPU_CV,1307mW/1307mW,VDD_SOC,2376mW/2376mW
07-25-2026,17:35:42,RAM,921/7620MB,(lfb,121x4MB),SWAP,388/3810MB,(cached,2MB),CPU,[0%@1344,0%@1344,0%@1344,0%@1344,0%@1344,0%@1344],GR3D_FREQ,0%,cpu@50.343C,soc2@47.968C,soc0@48.875C,gpu@49.75C,tj@49.968C,soc1@48.875C,VDD_IN,5555mW/5557mW,VDD_CPU_GPU_CV,1307mW/1307mW,VDD_SOC,2376mW/2376mW
07-25-2026,17:35:42,RAM,921/7620MB,(lfb,121x4MB),SWAP,388/3810MB,(cached,2MB),CPU,[0%@1344,0%@1344,0%@1344,0%@1344,0%@1344,0%@1344],GR3D_FREQ,0%,cpu@49.937C,soc2@48C,soc0@48.906C,gpu@49.625C,tj@49.937C,soc1@48.843C,VDD_IN,5555mW/5557mW,VDD_CPU_GPU_CV,1307mW/1307mW,VDD_SOC,2376mW/2376mW
07-25-2026,17:35:42,RAM,921/7620MB,(lfb,121x4MB),SWAP,388/3810MB,(cached,2MB),CPU,[0%@1344,0%@1344,0%@1344,0%@1344,0%@1344,0%@1344],GR3D_FREQ,0%,cpu@50C,soc2@48.031C,soc0@49.031C,gpu@49.906C,tj@50C,soc1@49.062C,VDD_IN,5555mW/5557mW,VDD_CPU_GPU_CV,1307mW/1307mW,VDD_SOC,2376mW/2376mW
07-25-2026,17:35:42,RAM,921/7620MB,(lfb,121x4MB),SWAP,388/3810MB,(cached,2MB),CPU,[9%@1344,8%@1344,0%@1344,0%@1344,0%@1344,0%@1344],GR3D_FREQ,0%,cpu@50.187C,soc2@48.031C,soc0@48.75C,gpu@49.75C,tj@50.187C,soc1@49.125C,VDD_IN,5555mW/5557mW,VDD_CPU_GPU_CV,1307mW/1307mW,VDD_SOC,2376mW/2376mW
07-25-2026,17:35:42,RAM,921/7620MB,(lfb,121x4MB),SWAP,388/3810MB,(cached,2MB),CPU,[0%@1344,9%@1344,0%@1344,0%@1344,0%@1344,0%@1344],GR3D_FREQ,0%,cpu@50.125C,soc2@47.937C,soc0@48.75C,gpu@49.875C,tj@50.125C,soc1@49.125C,VDD_IN,5555mW/5557mW,VDD_CPU_GPU_CV,1307mW/1307mW,VDD_SOC,2376mW/2376mW
07-25-2026,17:35:42,RAM,921/7620MB,(lfb,121x4MB),SWAP,388/3810MB,(cached,2MB),CPU,[0%@1344,0%@1344,0%@1344,0%@1344,0%@1344,0%@1344],GR3D_FREQ,0%,cpu@49.937C,soc2@47.937C,soc0@48.937C,gpu@49.812C,tj@49.937C,soc1@48.812C,VDD_IN,5555mW/5557mW,VDD_CPU_GPU_CV,1307mW/1307mW,VDD_SOC,2376mW/2376mW
07-25-2026,17:35:42,RAM,921/7620MB,(lfb,121x4MB),SWAP,388/3810MB,(cached,2MB),CPU,[0%@1344,0%@1344,0%@1344,0%@1344,0%@1344,0%@1344],GR3D_FREQ,0%,cpu@50.031C,soc2@47.937C,soc0@48.968C,gpu@49.75C,tj@50.031C,soc1@48.906C,VDD_IN,5555mW/5557mW,VDD_CPU_GPU_CV,1307mW/1307mW,VDD_SOC,2376mW/2376mW
07-25-2026,17:35:42,RAM,921/7620MB,(lfb,121x4MB),SWAP,388/3810MB,(cached,2MB),CPU,[0%@1344,0%@1344,0%@1344,0%@1344,0%@1344,0%@1344],GR3D_FREQ,0%,cpu@50C,soc2@48.062C,soc0@48.781C,gpu@49.875C,tj@50.125C,soc1@48.968C,VDD_IN,5555mW/5557mW,VDD_CPU_GPU_CV,1307mW/1307mW,VDD_SOC,2376mW/2376mW
07-25-2026,17:35:42,RAM,922/7620MB,(lfb,121x4MB),SWAP,388/3810MB,(cached,2MB),CPU,[0%@1344,0%@1344,0%@1344,0%@1344,0%@1344,9%@1344],GR3D_FREQ,0%,cpu@50.156C,soc2@48C,soc0@48.843C,gpu@49.75C,tj@50.156C,soc1@49.156C,VDD_IN,5594mW/5557mW,VDD_CPU_GPU_CV,1307mW/1307mW,VDD_SOC,2376mW/2376mW
07-25-2026,17:35:43,RAM,921/7620MB,(lfb,121x4MB),SWAP,388/3810MB,(cached,2MB),CPU,[0%@1344,9%@1344,0%@1344,0%@1344,0%@1344,0%@1344],GR3D_FREQ,0%,cpu@50.281C,soc2@48C,soc0@48.843C,gpu@49.718C,tj@50.093C,soc1@48.937C,VDD_IN,5555mW/5557mW,VDD_CPU_GPU_CV,1307mW/1307mW,VDD_SOC,2376mW/2376mW
07-25-2026,17:35:43,RAM,921/7620MB,(lfb,121x4MB),SWAP,388/3810MB,(cached,2MB),CPU,[9%@1344,0%@1344,0%@1344,0%@1344,0%@1344,0%@1344],GR3D_FREQ,0%,cpu@49.968C,soc2@47.968C,soc0@48.937C,gpu@49.906C,tj@49.968C,soc1@48.937C,VDD_IN,5555mW/5557mW,VDD_CPU_GPU_CV,1307mW/1307mW,VDD_SOC,2376mW/2376mW
07-25-2026,17:35:43,RAM,921/7620MB,(lfb,121x4MB),SWAP,388/3810MB,(cached,2MB),CPU,[0%@1344,0%@1344,0%@1344,0%@1344,0%@1344,0%@1344],GR3D_FREQ,0%,cpu@50.062C,soc2@48C,soc0@48.968C,gpu@49.781C,tj@50.062C,soc1@48.968C,VDD_IN,5555mW/5557mW,VDD_CPU_GPU_CV,1307mW/1307mW,VDD_SOC,2376mW/2376mW
07-25-2026,17:35:43,RAM,921/7620MB,(lfb,121x4MB),SWAP,388/3810MB,(cached,2MB),CPU,[0%@1344,0%@1344,0%@1344,0%@1344,0%@1344,0%@1344],GR3D_FREQ,0%,cpu@50.062C,soc2@48.031C,soc0@48.75C,gpu@49.656C,tj@50.062C,soc1@49.125C,VDD_IN,5555mW/5557mW,VDD_CPU_GPU_CV,1307mW/1307mW,VDD_SOC,2376mW/2376mW
07-25-2026,17:35:43,RAM,921/7620MB,(lfb,121x4MB),SWAP,388/3810MB,(cached,2MB),CPU,[0%@1344,0%@1344,0%@1344,0%@1344,0%@1344,0%@1344],GR3D_FREQ,0%,cpu@50.156C,soc2@48C,soc0@48.875C,gpu@49.906C,tj@50.156C,soc1@49.218C,VDD_IN,5555mW/5557mW,VDD_CPU_GPU_CV,1307mW/1307mW,VDD_SOC,2376mW/2376mW
07-25-2026,17:35:43,RAM,922/7620MB,(lfb,121x4MB),SWAP,388/3810MB,(cached,2MB),CPU,[0%@1344,0%@1344,0%@1344,0%@1344,0%@1344,10%@1344],GR3D_FREQ,0%,cpu@50.031C,soc2@47.906C,soc0@48.843C,gpu@49.75C,tj@50.031C,soc1@48.906C,VDD_IN,5594mW/5557mW,VDD_CPU_GPU_CV,1307mW/1307mW,VDD_SOC,2376mW/2376mW
07-25-2026,17:35:43,RAM,991/7620MB,(lfb,121x4MB),SWAP,388/3810MB,(cached,2MB),CPU,[9%@1344,9%@1344,0%@1344,0%@1344,0%@1344,100%@1344],GR3D_FREQ,0%,cpu@50.343C,soc2@48C,soc0@49C,gpu@49.968C,tj@50.343C,soc1@48.968C,VDD_IN,5832mW/5560mW,VDD_CPU_GPU_CV,1426mW/1308mW,VDD_SOC,2416mW/2376mW
07-25-2026,17:35:43,RAM,1005/7620MB,(lfb,121x4MB),SWAP,388/3810MB,(cached,2MB),CPU,[60%@1344,63%@1344,70%@1344,63%@1344,60%@1344,20%@1344],GR3D_FREQ,0%,cpu@50.343C,soc2@48.031C,soc0@48.781C,gpu@49.843C,tj@50.562C,soc1@48.937C,VDD_IN,6110mW/5565mW,VDD_CPU_GPU_CV,1703mW/1311mW,VDD_SOC,2416mW/2377mW
07-25-2026,17:35:43,RAM,1028/7620MB,(lfb,121x4MB),SWAP,388/3810MB,(cached,2MB),CPU,[0%@1344,0%@1344,100%@1344,0%@1344,0%@1344,0%@1344],GR3D_FREQ,0%,cpu@50.343C,soc2@48C,soc0@48.781C,gpu@49.781C,tj@50.343C,soc1@49.218C,VDD_IN,6190mW/5570mW,VDD_CPU_GPU_CV,1743mW/1315mW,VDD_SOC,2416mW/2377mW
07-25-2026,17:35:43,RAM,1068/7620MB,(lfb,121x4MB),SWAP,388/3810MB,(cached,2MB),CPU,[0%@1344,0%@1344,100%@1344,0%@1344,0%@1344,16%@1344],GR3D_FREQ,0%,cpu@50.5C,soc2@48C,soc0@48.843C,gpu@50.031C,tj@50.25C,soc1@48.937C,VDD_IN,6348mW/5577mW,VDD_CPU_GPU_CV,1782mW/1319mW,VDD_SOC,2456mW/2378mW
07-25-2026,17:35:44,RAM,1121/7620MB,(lfb,121x4MB),SWAP,388/3810MB,(cached,2MB),CPU,[9%@1344,0%@1344,90%@1344,0%@1344,0%@1344,0%@1344],GR3D_FREQ,16%,cpu@50.218C,soc2@48.031C,soc0@49.031C,gpu@49.843C,tj@50.218C,soc1@48.968C,VDD_IN,6388mW/5584mW,VDD_CPU_GPU_CV,1782mW/1323mW,VDD_SOC,2456mW/2378mW
07-25-2026,17:35:44,RAM,1144/7620MB,(lfb,121x4MB),SWAP,388/3810MB,(cached,2MB),CPU,[36%@1344,0%@1344,70%@1344,0%@1344,0%@1344,0%@1344],GR3D_FREQ,0%,cpu@50.406C,soc2@47.968C,soc0@49.031C,gpu@49.812C,tj@50.406C,soc1@49.031C,VDD_IN,6388mW/5590mW,VDD_CPU_GPU_CV,1822mW/1327mW,VDD_SOC,2456mW/2379mW
07-25-2026,17:35:44,RAM,1217/7620MB,(lfb,121x4MB),SWAP,388/3810MB,(cached,2MB),CPU,[100%@1344,0%@1344,0%@1344,0%@1344,0%@1344,0%@1344],GR3D_FREQ,24%,cpu@50.687C,soc2@48.031C,soc0@48.843C,gpu@49.781C,tj@50.687C,soc1@49.156C,VDD_IN,6467mW/5598mW,VDD_CPU_GPU_CV,1822mW/1331mW,VDD_SOC,2495mW/2380mW
07-25-2026,17:35:44,RAM,1314/7620MB,(lfb,121x4MB),SWAP,388/3810MB,(cached,2MB),CPU,[100%@1344,9%@1344,0%@1344,0%@1344,0%@1344,0%@1344],GR3D_FREQ,45%,cpu@50.468C,soc2@48.125C,soc0@48.968C,gpu@50.156C,tj@50.468C,soc1@48.968C,VDD_IN,6785mW/5607mW,VDD_CPU_GPU_CV,1977mW/1337mW,VDD_SOC,2535mW/2381mW
07-25-2026,17:35:44,RAM,1371/7620MB,(lfb,121x4MB),SWAP,388/3810MB,(cached,2MB),CPU,[100%@1344,0%@1344,0%@1344,0%@1344,0%@1344,0%@1344],GR3D_FREQ,35%,cpu@50.468C,soc2@48.031C,soc0@49C,gpu@49.968C,tj@50.468C,soc1@49.031C,VDD_IN,6864mW/5618mW,VDD_CPU_GPU_CV,2017mW/1342mW,VDD_SOC,2575mW/2383mW
07-25-2026,17:35:44,RAM,1393/7620MB,(lfb,121x4MB),SWAP,388/3810MB,(cached,2MB),CPU,[90%@1344,0%@1344,0%@1344,0%@1344,0%@1344,0%@1344],GR3D_FREQ,78%,cpu@50.531C,soc2@48.312C,soc0@48.812C,gpu@50.468C,tj@50.531C,soc1@49.125C,VDD_IN,7883mW/5636mW,VDD_CPU_GPU_CV,2606mW/1353mW,VDD_SOC,2808mW/2386mW
07-25-2026,17:35:44,RAM,1393/7620MB,(lfb,121x4MB),SWAP,388/3810MB,(cached,2MB),CPU,[80%@1344,0%@1344,0%@1344,0%@1344,0%@1344,0%@1344],GR3D_FREQ,43%,cpu@50.625C,soc2@48.093C,soc0@48.812C,gpu@50.906C,tj@50.906C,soc1@49.25C,VDD_IN,8622mW/5660mW,VDD_CPU_GPU_CV,3040mW/1366mW,VDD_SOC,2961mW/2391mW
07-25-2026,17:35:44,RAM,1409/7620MB,(lfb,121x4MB),SWAP,388/3810MB,(cached,2MB),CPU,[90%@1344,0%@1344,0%@1344,0%@1344,0%@1344,0%@1344],GR3D_FREQ,77%,cpu@50.468C,soc2@48.156C,soc0@48.875C,gpu@50.937C,tj@50.937C,soc1@49C,VDD_IN,8859mW/5686mW,VDD_CPU_GPU_CV,3198mW/1381mW,VDD_SOC,3001mW/2396mW
07-25-2026,17:35:44,RAM,1409/7620MB,(lfb,121x4MB),SWAP,388/3810MB,(cached,2MB),CPU,[90%@1344,0%@1344,0%@1344,0%@1344,9%@1344,0%@1344],GR3D_FREQ,36%,cpu@50.687C,soc2@48.406C,soc0@49.031C,gpu@50.625C,tj@50.906C,soc1@49C,VDD_IN,9532mW/5716mW,VDD_CPU_GPU_CV,3548mW/1398mW,VDD_SOC,3159mW/2402mW
07-25-2026,17:35:45,RAM,1409/7620MB,(lfb,121x4MB),SWAP,388/3810MB,(cached,2MB),CPU,[90%@1344,0%@1344,0%@1344,0%@1344,0%@1344,0%@1344],GR3D_FREQ,70%,cpu@50.593C,soc2@48.531C,soc0@48.781C,gpu@51.375C,tj@51.375C,soc1@49.218C,VDD_IN,10148mW/5751mW,VDD_CPU_GPU_CV,3857mW/1417mW,VDD_SOC,3311mW/2409mW
07-25-2026,17:35:45,RAM,1409/7620MB,(lfb,121x4MB),SWAP,388/3810MB,(cached,2MB),CPU,[81%@1344,0%@1344,0%@1344,0%@1344,0%@1344,0%@1344],GR3D_FREQ,50%,cpu@51.093C,soc2@48.437C,soc0@48.875C,gpu@51.218C,tj@51.218C,soc1@48.937C,VDD_IN,10503mW/5788mW,VDD_CPU_GPU_CV,4054mW/1438mW,VDD_SOC,3390mW/2417mW
07-25-2026,17:35:45,RAM,1421/7620MB,(lfb,121x4MB),SWAP,388/3810MB,(cached,2MB),CPU,[90%@1344,0%@1344,0%@1344,0%@1344,0%@1344,0%@1344],GR3D_FREQ,0%,cpu@50.687C,soc2@48.406C,soc0@49.031C,gpu@50.812C,tj@50.812C,soc1@48.968C,VDD_IN,10266mW/5823mW,VDD_CPU_GPU_CV,3896mW/1457mW,VDD_SOC,3351mW/2424mW
07-25-2026,17:35:45,RAM,1421/7620MB,(lfb,121x4MB),SWAP,388/3810MB,(cached,2MB),CPU,[90%@1344,0%@1344,0%@1344,0%@1344,0%@1344,0%@1344],GR3D_FREQ,55%,cpu@50.781C,soc2@48.531C,soc0@49.218C,gpu@51.031C,tj@51.031C,soc1@49.031C,VDD_IN,10740mW/5861mW,VDD_CPU_GPU_CV,4132mW/1478mW,VDD_SOC,3429mW/2432mW
07-25-2026,17:35:45,RAM,1421/7620MB,(lfb,121x4MB),SWAP,388/3810MB,(cached,2MB),CPU,[0%@1344,90%@1344,0%@1344,0%@1344,0%@1344,0%@1344],GR3D_FREQ,68%,cpu@51.343C,soc2@48.531C,soc0@49C,gpu@51.218C,tj@51.343C,soc1@49.187C,VDD_IN,10977mW/5900mW,VDD_CPU_GPU_CV,4290mW/1499mW,VDD_SOC,3469mW/2440mW
07-25-2026,17:35:45,RAM,1421/7620MB,(lfb,121x4MB),SWAP,388/3810MB,(cached,2MB),CPU,[0%@1344,80%@1344,0%@1344,0%@1344,0%@1344,0%@1344],GR3D_FREQ,48%,cpu@50.843C,soc2@48.562C,soc0@49.093C,gpu@51.218C,tj@51.218C,soc1@49.031C,VDD_IN,11275mW/5941mW,VDD_CPU_GPU_CV,4440mW/1521mW,VDD_SOC,3542mW/2448mW
07-25-2026,17:35:45,RAM,1421/7620MB,(lfb,121x4MB),SWAP,388/3810MB,(cached,2MB),CPU,[0%@1344,83%@1344,0%@1344,0%@1344,0%@1344,0%@1344],GR3D_FREQ,72%,cpu@50.875C,soc2@48.625C,soc0@49.218C,gpu@51.125C,tj@51.125C,soc1@49.125C,VDD_IN,11393mW/5982mW,VDD_CPU_GPU_CV,4519mW/1544mW,VDD_SOC,3581mW/2456mW
07-25-2026,17:35:45,RAM,1421/7620MB,(lfb,121x4MB),SWAP,388/3810MB,(cached,2MB),CPU,[0%@1344,90%@1344,0%@1344,0%@1344,0%@1344,0%@1344],GR3D_FREQ,47%,cpu@51.156C,soc2@48.625C,soc0@49.281C,gpu@51.218C,tj@51.218C,soc1@49.156C,VDD_IN,11590mW/6023mW,VDD_CPU_GPU_CV,4636mW/1567mW,VDD_SOC,3621mW/2465mW
07-25-2026,17:35:45,RAM,1429/7620MB,(lfb,121x4MB),SWAP,388/3810MB,(cached,2MB),CPU,[0%@1344,90%@1344,0%@1344,0%@1344,0%@1344,0%@1344],GR3D_FREQ,0%,cpu@51.281C,soc2@48.687C,soc0@49.031C,gpu@50.843C,tj@51.281C,soc1@49.281C,VDD_IN,11196mW/6062mW,VDD_CPU_GPU_CV,4401mW/1588mW,VDD_SOC,3503mW/2473mW
07-25-2026,17:35:45,RAM,1433/7620MB,(lfb,121x4MB),SWAP,388/3810MB,(cached,2MB),CPU,[9%@1344,80%@1344,0%@1344,9%@1344,0%@1344,0%@1344],GR3D_FREQ,45%,cpu@50.906C,soc2@48.687C,soc0@49.125C,gpu@51.218C,tj@51.218C,soc1@49.125C,VDD_IN,11432mW/6101mW,VDD_CPU_GPU_CV,4519mW/1610mW,VDD_SOC,3581mW/2481mW
07-25-2026,17:35:46,RAM,1433/7620MB,(lfb,121x4MB),SWAP,388/3810MB,(cached,2MB),CPU,[0%@1344,90%@1344,0%@1344,0%@1344,0%@1344,0%@1344],GR3D_FREQ,68%,cpu@50.937C,soc2@48.75C,soc0@49.218C,gpu@51.187C,tj@51.187C,soc1@49.125C,VDD_IN,11590mW/6141mW,VDD_CPU_GPU_CV,4597mW/1631mW,VDD_SOC,3581mW/2489mW
07-25-2026,17:35:46,RAM,1433/7620MB,(lfb,121x4MB),SWAP,388/3810MB,(cached,2MB),CPU,[0%@1344,81%@1344,0%@1344,0%@1344,0%@1344,0%@1344],GR3D_FREQ,52%,cpu@51.25C,soc2@48.718C,soc0@49.406C,gpu@51.812C,tj@51.812C,soc1@49.125C,VDD_IN,11669mW/6181mW,VDD_CPU_GPU_CV,4676mW/1653mW,VDD_SOC,3621mW/2497mW
07-25-2026,17:35:46,RAM,1433/7620MB,(lfb,121x4MB),SWAP,388/3810MB,(cached,2MB),CPU,[0%@1344,81%@1344,0%@1344,0%@1344,0%@1344,0%@1344],GR3D_FREQ,61%,cpu@51.343C,soc2@48.875C,soc0@49.125C,gpu@51.437C,tj@51.437C,soc1@49.343C,VDD_IN,11787mW/6222mW,VDD_CPU_GPU_CV,4754mW/1676mW,VDD_SOC,3621mW/2505mW
07-25-2026,17:35:46,RAM,1433/7620MB,(lfb,121x4MB),SWAP,388/3810MB,(cached,2MB),CPU,[0%@1344,90%@1344,0%@1344,0%@1344,0%@1344,0%@1344],GR3D_FREQ,57%,cpu@51C,soc2@48.75C,soc0@49.312C,gpu@51.281C,tj@51.281C,soc1@49.093C,VDD_IN,11827mW/6262mW,VDD_CPU_GPU_CV,4754mW/1698mW,VDD_SOC,3660mW/2514mW
07-25-2026,17:35:46,RAM,1433/7620MB,(lfb,121x4MB),SWAP,388/3810MB,(cached,2MB),CPU,[0%@1344,80%@1344,0%@1344,0%@1344,0%@1344,0%@1344],GR3D_FREQ,58%,cpu@51.187C,soc2@48.781C,soc0@49.312C,gpu@51.843C,tj@51.843C,soc1@49.25C,VDD_IN,11906mW/6302mW,VDD_CPU_GPU_CV,4794mW/1720mW,VDD_SOC,3660mW/2522mW
07-25-2026,17:35:46,RAM,1433/7620MB,(lfb,121x4MB),SWAP,388/3810MB,(cached,2MB),CPU,[0%@1344,90%@1344,0%@1344,0%@1344,0%@1344,0%@1344],GR3D_FREQ,62%,cpu@51.312C,soc2@48.875C,soc0@49.468C,gpu@51.687C,tj@51.687C,soc1@49.281C,VDD_IN,11906mW/6341mW,VDD_CPU_GPU_CV,4794mW/1741mW,VDD_SOC,3699mW/2530mW
07-25-2026,17:35:46,RAM,1447/7620MB,(lfb,121x4MB),SWAP,388/3810MB,(cached,2MB),CPU,[9%@1344,90%@1344,0%@1344,0%@1344,0%@1344,0%@1344],GR3D_FREQ,2%,cpu@51.406C,soc2@48.906C,soc0@49.25C,gpu@51.25C,tj@51.406C,soc1@49.468C,VDD_IN,11511mW/6377mW,VDD_CPU_GPU_CV,4558mW/1761mW,VDD_SOC,3621mW/2538mW
07-25-2026,17:35:46,RAM,1447/7620MB,(lfb,121x4MB),SWAP,388/3810MB,(cached,2MB),CPU,[0%@1344,81%@1344,0%@1344,0%@1344,0%@1344,0%@1344],GR3D_FREQ,78%,cpu@51.437C,soc2@48.843C,soc0@49.343C,gpu@51.687C,tj@51.687C,soc1@49.187C,VDD_IN,11551mW/6413mW,VDD_CPU_GPU_CV,4597mW/1781mW,VDD_SOC,3621mW/2545mW
07-25-2026,17:35:46,RAM,1447/7620MB,(lfb,121x4MB),SWAP,388/3810MB,(cached,2MB),CPU,[9%@1344,81%@1344,8%@1344,0%@1344,0%@1344,0%@1344],GR3D_FREQ,34%,cpu@51.156C,soc2@48.937C,soc0@49.375C,gpu@51.718C,tj@51.718C,soc1@49.218C,VDD_IN,11748mW/6450mW,VDD_CPU_GPU_CV,4715mW/1801mW,VDD_SOC,3660mW/2553mW
07-25-2026,17:35:47,RAM,1447/7620MB,(lfb,121x4MB),SWAP,388/3810MB,(cached,2MB),CPU,[0%@1344,90%@1344,0%@1344,0%@1344,8%@1344,0%@1344],GR3D_FREQ,77%,cpu@51.156C,soc2@48.906C,soc0@49.593C,gpu@51.531C,tj@51.531C,soc1@49.312C,VDD_IN,11787mW/6487mW,VDD_CPU_GPU_CV,4715mW/1821mW,VDD_SOC,3660mW/2560mW
07-25-2026,17:35:47,RAM,1447/7620MB,(lfb,121x4MB),SWAP,388/3810MB,(cached,2MB),CPU,[0%@1344,81%@1344,0%@1344,0%@1344,0%@1344,0%@1344],GR3D_FREQ,39%,cpu@51.437C,soc2@49.031C,soc0@49.281C,gpu@51.906C,tj@51.906C,soc1@49.5C,VDD_IN,11945mW/6524mW,VDD_CPU_GPU_CV,4794mW/1841mW,VDD_SOC,3699mW/2568mW
07-25-2026,17:35:47,RAM,1447/7620MB,(lfb,121x4MB),SWAP,388/3810MB,(cached,2MB),CPU,[0%@1344,90%@1344,8%@1344,0%@1344,0%@1344,0%@1344],GR3D_FREQ,75%,cpu@51.25C,soc2@48.906C,soc0@49.343C,gpu@51.593C,tj@51.593C,soc1@49.218C,VDD_IN,11866mW/6560mW,VDD_CPU_GPU_CV,4754mW/1861mW,VDD_SOC,3699mW/2576mW
07-25-2026,17:35:47,RAM,1447/7620MB,(lfb,121x4MB),SWAP,388/3810MB,(cached,2MB),CPU,[0%@1344,80%@1344,0%@1344,0%@1344,0%@1344,0%@1344],GR3D_FREQ,43%,cpu@51.343C,soc2@48.937C,soc0@49.437C,gpu@51.687C,tj@51.687C,soc1@49.281C,VDD_IN,12024mW/6597mW,VDD_CPU_GPU_CV,4833mW/1881mW,VDD_SOC,3699mW/2583mW
07-25-2026,17:35:47,RAM,1447/7620MB,(lfb,121x4MB),SWAP,388/3810MB,(cached,2MB),CPU,[0%@1344,90%@1344,0%@1344,0%@1344,0%@1344,0%@1344],GR3D_FREQ,70%,cpu@51.312C,soc2@49.031C,soc0@49.593C,gpu@51.812C,tj@51.312C,soc1@49.343C,VDD_IN,11945mW/6632mW,VDD_CPU_GPU_CV,4794mW/1900mW,VDD_SOC,3699mW/2591mW
07-25-2026,17:35:47,RAM,1447/7620MB,(lfb,121x4MB),SWAP,388/3810MB,(cached,2MB),CPU,[9%@1344,81%@1344,0%@1344,0%@1344,0%@1344,0%@1344],GR3D_FREQ,47%,cpu@51.437C,soc2@49.156C,soc0@49.437C,gpu@51.906C,tj@51.906C,soc1@49.593C,VDD_IN,12063mW/6668mW,VDD_CPU_GPU_CV,4833mW/1920mW,VDD_SOC,3739mW/2598mW
07-25-2026,17:35:47,RAM,1447/7620MB,(lfb,121x4MB),SWAP,388/3810MB,(cached,2MB),CPU,[0%@1344,81%@1344,0%@1344,0%@1344,0%@1344,0%@1344],GR3D_FREQ,67%,cpu@51.187C,soc2@49.031C,soc0@49.5C,gpu@51.562C,tj@51.562C,soc1@49.343C,VDD_IN,11984mW/6703mW,VDD_CPU_GPU_CV,4833mW/1939mW,VDD_SOC,3699mW/2606mW
07-25-2026,17:35:47,RAM,1458/7620MB,(lfb,121x4MB),SWAP,388/3810MB,(cached,2MB),CPU,[9%@1344,100%@1344,0%@1344,0%@1344,0%@1344,0%@1344],GR3D_FREQ,88%,cpu@51.25C,soc2@49C,soc0@49.593C,gpu@51.531C,tj@51.531C,soc1@49.468C,VDD_IN,11590mW/6735mW,VDD_CPU_GPU_CV,4597mW/1956mW,VDD_SOC,3621mW/2612mW
07-25-2026,17:35:47,RAM,1458/7620MB,(lfb,121x4MB),SWAP,388/3810MB,(cached,2MB),CPU,[0%@1344,81%@1344,0%@1344,0%@1344,0%@1344,0%@1344],GR3D_FREQ,36%,cpu@51.343C,soc2@49.125C,soc0@49.593C,gpu@51.562C,tj@51.562C,soc1@49.562C,VDD_IN,11748mW/6768mW,VDD_CPU_GPU_CV,4715mW/1974mW,VDD_SOC,3660mW/2619mW
07-25-2026,17:35:47,RAM,1459/7620MB,(lfb,121x4MB),SWAP,388/3810MB,(cached,2MB),CPU,[0%@1344,81%@1344,0%@1344,9%@1344,0%@1344,0%@1344],GR3D_FREQ,85%,cpu@51.218C,soc2@49.156C,soc0@49.406C,gpu@51.687C,tj@51.687C,soc1@49.718C,VDD_IN,11787mW/6800mW,VDD_CPU_GPU_CV,4715mW/1992mW,VDD_SOC,3660mW/2626mW
07-25-2026,17:35:48,RAM,1459/7620MB,(lfb,121x4MB),SWAP,388/3810MB,(cached,2MB),CPU,[9%@1344,81%@1344,0%@1344,0%@1344,0%@1344,0%@1344],GR3D_FREQ,32%,cpu@51.281C,soc2@49.156C,soc0@49.5C,gpu@51.781C,tj@51.781C,soc1@49.343C,VDD_IN,11945mW/6833mW,VDD_CPU_GPU_CV,4794mW/2010mW,VDD_SOC,3699mW/2633mW
07-25-2026,17:35:48,RAM,1459/7620MB,(lfb,121x4MB),SWAP,388/3810MB,(cached,2MB),CPU,[0%@1344,90%@1344,0%@1344,0%@1344,0%@1344,0%@1344],GR3D_FREQ,82%,cpu@51.312C,soc2@49.062C,soc0@49.531C,gpu@51.593C,tj@51.593C,soc1@49.437C,VDD_IN,11906mW/6865mW,VDD_CPU_GPU_CV,4794mW/2027mW,VDD_SOC,3699mW/2639mW
07-25-2026,17:35:48,RAM,1459/7620MB,(lfb,121x4MB),SWAP,388/3810MB,(cached,2MB),CPU,[0%@1344,81%@1344,0%@1344,0%@1344,0%@1344,0%@1344],GR3D_FREQ,32%,cpu@51.406C,soc2@49.218C,soc0@49.468C,gpu@52.125C,tj@52.125C,soc1@49.562C,VDD_IN,12024mW/6898mW,VDD_CPU_GPU_CV,4833mW/2045mW,VDD_SOC,3699mW/2646mW
07-25-2026,17:35:48,RAM,1459/7620MB,(lfb,121x4MB),SWAP,388/3810MB,(cached,2MB),CPU,[9%@1344,90%@1344,0%@1344,0%@1344,0%@1344,0%@1344],GR3D_FREQ,77%,cpu@51.343C,soc2@49.218C,soc0@49.5C,gpu@51.687C,tj@51.687C,soc1@49.625C,VDD_IN,11984mW/6930mW,VDD_CPU_GPU_CV,4833mW/2063mW,VDD_SOC,3699mW/2653mW
07-25-2026,17:35:48,RAM,1459/7620MB,(lfb,121x4MB),SWAP,388/3810MB,(cached,2MB),CPU,[0%@1344,81%@1344,0%@1344,0%@1344,0%@1344,0%@1344],GR3D_FREQ,88%,cpu@51.437C,soc2@49.125C,soc0@49.531C,gpu@51.718C,tj@51.718C,soc1@49.375C,VDD_IN,12063mW/6962mW,VDD_CPU_GPU_CV,4872mW/2080mW,VDD_SOC,3699mW/2659mW
07-25-2026,17:35:48,RAM,1459/7620MB,(lfb,121x4MB),SWAP,388/3810MB,(cached,2MB),CPU,[0%@1344,90%@1344,0%@1344,0%@1344,0%@1344,0%@1344],GR3D_FREQ,38%,cpu@51.343C,soc2@49.093C,soc0@49.656C,gpu@52.093C,tj@52.093C,soc1@49.625C,VDD_IN,12024mW/6994mW,VDD_CPU_GPU_CV,4833mW/2097mW,VDD_SOC,3699mW/2666mW
07-25-2026,17:35:48,RAM,1459/7620MB,(lfb,121x4MB),SWAP,388/3810MB,(cached,2MB),CPU,[0%@1344,81%@1344,0%@1344,0%@1344,0%@1344,0%@1344],GR3D_FREQ,86%,cpu@51.843C,soc2@49.343C,soc0@49.5C,gpu@52.031C,tj@52.031C,soc1@49.5C,VDD_IN,12103mW/7025mW,VDD_CPU_GPU_CV,4912mW/2115mW,VDD_SOC,3699mW/2672mW
07-25-2026,17:35:48,RAM,1459/7620MB,(lfb,121x4MB),SWAP,388/3810MB,(cached,2MB),CPU,[0%@1344,81%@1344,0%@1344,0%@1344,0%@1344,0%@1344],GR3D_FREQ,34%,cpu@51.375C,soc2@49.343C,soc0@49.562C,gpu@52.312C,tj@52.312C,soc1@49.781C,VDD_IN,12063mW/7056mW,VDD_CPU_GPU_CV,4872mW/2132mW,VDD_SOC,3699mW/2678mW
07-25-2026,17:35:48,RAM,1475/7620MB,(lfb,121x4MB),SWAP,388/3810MB,(cached,2MB),CPU,[9%@1344,100%@1344,0%@1344,0%@1344,0%@1344,0%@1344],GR3D_FREQ,32%,cpu@51.312C,soc2@49.187C,soc0@49.718C,gpu@51.937C,tj@51.937C,soc1@49.562C,VDD_IN,11511mW/7083mW,VDD_CPU_GPU_CV,4558mW/2146mW,VDD_SOC,3581mW/2684mW
07-25-2026,17:35:49,RAM,1475/7620MB,(lfb,121x4MB),SWAP,388/3810MB,(cached,2MB),CPU,[0%@1344,80%@1344,9%@1344,0%@1344,0%@1344,9%@1344],GR3D_FREQ,77%,cpu@51.5C,soc2@49.25C,soc0@49.718C,gpu@51.968C,tj@51.968C,soc1@49.562C,VDD_IN,11708mW/7111mW,VDD_CPU_GPU_CV,4676mW/2162mW,VDD_SOC,3621mW/2690mW
07-25-2026,17:35:49,RAM,1475/7620MB,(lfb,121x4MB),SWAP,388/3810MB,(cached,2MB),CPU,[0%@1344,83%@1344,0%@1344,0%@1344,0%@1344,0%@1344],GR3D_FREQ,35%,cpu@51.906C,soc2@49.343C,soc0@49.625C,gpu@51.906C,tj@51.906C,soc1@49.687C,VDD_IN,11748mW/7139mW,VDD_CPU_GPU_CV,4715mW/2177mW,VDD_SOC,3660mW/2695mW
07-25-2026,17:35:49,RAM,1475/7620MB,(lfb,121x4MB),SWAP,388/3810MB,(cached,2MB),CPU,[9%@1344,80%@1344,0%@1344,0%@1344,0%@1344,0%@1344],GR3D_FREQ,77%,cpu@51.437C,soc2@49.343C,soc0@49.625C,gpu@52.187C,tj@52.187C,soc1@49.843C,VDD_IN,11866mW/7167mW,VDD_CPU_GPU_CV,4794mW/2193mW,VDD_SOC,3660mW/2701mW
07-25-2026,17:35:49,RAM,1475/7620MB,(lfb,121x4MB),SWAP,388/3810MB,(cached,2MB),CPU,[0%@1344,90%@1344,0%@1344,0%@1344,0%@1344,0%@1344],GR3D_FREQ,39%,cpu@51.375C,soc2@49.281C,soc0@49.687C,gpu@51.968C,tj@51.968C,soc1@49.625C,VDD_IN,11866mW/7195mW,VDD_CPU_GPU_CV,4794mW/2208mW,VDD_SOC,3660mW/2707mW
07-25-2026,17:35:49,RAM,1475/7620MB,(lfb,121x4MB),SWAP,388/3810MB,(cached,2MB),CPU,[0%@1344,80%@1344,0%@1344,0%@1344,0%@1344,0%@1344],GR3D_FREQ,75%,cpu@51.625C,soc2@49.312C,soc0@49.843C,gpu@51.968C,tj@51.968C,soc1@49.625C,VDD_IN,11984mW/7224mW,VDD_CPU_GPU_CV,4833mW/2224mW,VDD_SOC,3699mW/2713mW
07-25-2026,17:35:49,RAM,1475/7620MB,(lfb,121x4MB),SWAP,388/3810MB,(cached,2MB),CPU,[0%@1344,90%@1344,0%@1344,0%@1344,0%@1344,0%@1344],GR3D_FREQ,43%,cpu@51.843C,soc2@49.343C,soc0@49.593C,gpu@51.875C,tj@51.875C,soc1@49.812C,VDD_IN,11945mW/7251mW,VDD_CPU_GPU_CV,4833mW/2239mW,VDD_SOC,3699mW/2719mW
07-25-2026,17:35:49,RAM,1475/7620MB,(lfb,121x4MB),SWAP,388/3810MB,(cached,2MB),CPU,[0%@1344,80%@1344,0%@1344,0%@1344,0%@1344,0%@1344],GR3D_FREQ,70%,cpu@51.968C,soc2@49.312C,soc0@49.687C,gpu@52.156C,tj@52.156C,soc1@49.468C,VDD_IN,12024mW/7279mW,VDD_CPU_GPU_CV,4872mW/2255mW,VDD_SOC,3699mW/2724mW
07-25-2026,17:35:49,RAM,1475/7620MB,(lfb,121x4MB),SWAP,388/3810MB,(cached,2MB),CPU,[0%@1344,90%@1344,0%@1344,0%@1344,0%@1344,0%@1344],GR3D_FREQ,48%,cpu@51.468C,soc2@49.375C,soc0@49.875C,gpu@51.906C,tj@51.906C,soc1@49.562C,VDD_IN,12024mW/7307mW,VDD_CPU_GPU_CV,4833mW/2270mW,VDD_SOC,3699mW/2730mW
07-25-2026,17:35:49,RAM,1475/7620MB,(lfb,121x4MB),SWAP,388/3810MB,(cached,2MB),CPU,[0%@1344,80%@1344,0%@1344,0%@1344,0%@1344,0%@1344],GR3D_FREQ,64%,cpu@51.656C,soc2@49.406C,soc0@49.968C,gpu@51.937C,tj@51.937C,soc1@49.75C,VDD_IN,12103mW/7335mW,VDD_CPU_GPU_CV,4872mW/2285mW,VDD_SOC,3699mW/2736mW
07-25-2026,17:35:49,RAM,1475/7620MB,(lfb,121x4MB),SWAP,388/3810MB,(cached,2MB),CPU,[9%@1344,83%@1344,9%@1344,0%@1344,0%@1344,0%@1344],GR3D_FREQ,53%,cpu@51.75C,soc2@49.406C,soc0@49.75C,gpu@52.437C,tj@52.437C,soc1@49.718C,VDD_IN,12024mW/7362mW,VDD_CPU_GPU_CV,4872mW/2300mW,VDD_SOC,3699mW/2741mW
07-25-2026,17:35:50,RAM,1475/7620MB,(lfb,121x4MB),SWAP,388/3810MB,(cached,2MB),CPU,[0%@1344,80%@1344,0%@1344,0%@1344,9%@1344,0%@1344],GR3D_FREQ,60%,cpu@51.937C,soc2@49.437C,soc0@49.781C,gpu@52.125C,tj@52.125C,soc1@49.562C,VDD_IN,12103mW/7389mW,VDD_CPU_GPU_CV,4912mW/2314mW,VDD_SOC,3699mW/2747mW
07-25-2026,17:35:50,RAM,1475/7620MB,(lfb,121x4MB),SWAP,388/3810MB,(cached,2MB),CPU,[0%@1344,90%@1344,0%@1344,0%@1344,0%@1344,0%@1344],GR3D_FREQ,57%,cpu@51.718C,soc2@49.375C,soc0@49.812C,gpu@51.937C,tj@51.937C,soc1@49.625C,VDD_IN,12024mW/7415mW,VDD_CPU_GPU_CV,4872mW/2329mW,VDD_SOC,3699mW/2752mW
07-25-2026,17:35:50,RAM,1491/7620MB,(lfb,121x4MB),SWAP,388/3810MB,(cached,2MB),CPU,[0%@1344,90%@1344,0%@1344,0%@1344,0%@1344,0%@1344],GR3D_FREQ,0%,cpu@51.593C,soc2@49.343C,soc0@49.968C,gpu@51.968C,tj@51.968C,soc1@49.75C,VDD_IN,11393mW/7438mW,VDD_CPU_GPU_CV,4519mW/2341mW,VDD_SOC,3542mW/2757mW
07-25-2026,17:35:50,RAM,1491/7620MB,(lfb,121x4MB),SWAP,388/3810MB,(cached,2MB),CPU,[9%@1344,81%@1344,0%@1344,0%@1344,0%@1344,0%@1344],GR3D_FREQ,45%,cpu@51.906C,soc2@49.5C,soc0@49.687C,gpu@52.218C,tj@52.218C,soc1@49.937C,VDD_IN,11630mW/7461mW,VDD_CPU_GPU_CV,4636mW/2354mW,VDD_SOC,3621mW/2761mW
07-25-2026,17:35:50,RAM,1491/7620MB,(lfb,121x4MB),SWAP,388/3810MB,(cached,2MB),CPU,[0%@1344,88%@1344,0%@1344,0%@1344,0%@1344,0%@1344],GR3D_FREQ,81%,cpu@51.875C,soc2@49.312C,soc0@49.75C,gpu@51.843C,tj@51.843C,soc1@49.875C,VDD_IN,11630mW/7484mW,VDD_CPU_GPU_CV,4676mW/2367mW,VDD_SOC,3621mW/2766mW
07-25-2026,17:35:50,RAM,1491/7620MB,(lfb,121x4MB),SWAP,388/3810MB,(cached,2MB),CPU,[0%@1344,81%@1344,0%@1344,0%@1344,0%@1344,0%@1344],GR3D_FREQ,44%,cpu@51.75C,soc2@49.406C,soc0@49.906C,gpu@52.531C,tj@52.531C,soc1@49.718C,VDD_IN,11827mW/7509mW,VDD_CPU_GPU_CV,4754mW/2380mW,VDD_SOC,3660mW/2771mW
07-25-2026,17:35:50,RAM,1491/7620MB,(lfb,121x4MB),SWAP,388/3810MB,(cached,2MB),CPU,[0%@1344,90%@1344,0%@1344,0%@1344,0%@1344,0%@1344],GR3D_FREQ,82%,cpu@51.75C,soc2@49.437C,soc0@50C,gpu@52.25C,tj@52.25C,soc1@49.75C,VDD_IN,11827mW/7532mW,VDD_CPU_GPU_CV,4754mW/2394mW,VDD_SOC,3660mW/2776mW
07-25-2026,17:35:50,RAM,1491/7620MB,(lfb,121x4MB),SWAP,388/3810MB,(cached,2MB),CPU,[0%@1344,80%@1344,0%@1344,0%@1344,0%@1344,0%@1344],GR3D_FREQ,43%,cpu@51.875C,soc2@49.531C,soc0@49.781C,gpu@52.25C,tj@52.25C,soc1@49.937C,VDD_IN,11945mW/7557mW,VDD_CPU_GPU_CV,4833mW/2407mW,VDD_SOC,3699mW/2781mW
07-25-2026,17:35:50,RAM,1491/7620MB,(lfb,121x4MB),SWAP,388/3810MB,(cached,2MB),CPU,[0%@1344,81%@1344,0%@1344,0%@1344,0%@1344,0%@1344],GR3D_FREQ,83%,cpu@51.75C,soc2@49.437C,soc0@49.812C,gpu@52.312C,tj@52.312C,soc1@49.781C,VDD_IN,11906mW/7580mW,VDD_CPU_GPU_CV,4794mW/2420mW,VDD_SOC,3699mW/2786mW
07-25-2026,17:35:51,RAM,1492/7620MB,(lfb,121x4MB),SWAP,388/3810MB,(cached,2MB),CPU,[9%@1344,88%@1344,9%@1344,9%@1344,0%@1344,0%@1344],GR3D_FREQ,41%,cpu@51.718C,soc2@49.468C,soc0@50C,gpu@52.343C,tj@52.343C,soc1@49.75C,VDD_IN,12063mW/7605mW,VDD_CPU_GPU_CV,4872mW/2433mW,VDD_SOC,3699mW/2791mW
07-25-2026,17:35:51,RAM,1492/7620MB,(lfb,121x4MB),SWAP,388/3810MB,(cached,2MB),CPU,[0%@1344,81%@1344,0%@1344,0%@1344,0%@1344,0%@1344],GR3D_FREQ,85%,cpu@51.718C,soc2@49.562C,soc0@50C,gpu@52.062C,tj@52.062C,soc1@49.875C,VDD_IN,11984mW/7628mW,VDD_CPU_GPU_CV,4833mW/2446mW,VDD_SOC,3699mW/2796mW
07-25-2026,17:35:51,RAM,1492/7620MB,(lfb,121x4MB),SWAP,388/3810MB,(cached,2MB),CPU,[0%@1344,80%@1344,0%@1344,0%@1344,0%@1344,0%@1344],GR3D_FREQ,41%,cpu@51.937C,soc2@49.656C,soc0@49.843C,gpu@52.187C,tj@52.187C,soc1@49.906C,VDD_IN,12063mW/7652mW,VDD_CPU_GPU_CV,4872mW/2459mW,VDD_SOC,3699mW/2801mW
07-25-2026,17:35:51,RAM,1492/7620MB,(lfb,121x4MB),SWAP,388/3810MB,(cached,2MB),CPU,[9%@1344,91%@1344,0%@1344,0%@1344,0%@1344,0%@1344],GR3D_FREQ,85%,cpu@51.812C,soc2@49.5C,soc0@49.937C,gpu@52.187C,tj@52.187C,soc1@49.718C,VDD_IN,11984mW/7675mW,VDD_CPU_GPU_CV,4872mW/2472mW,VDD_SOC,3699mW/2806mW
07-25-2026,17:35:51,RAM,1492/7620MB,(lfb,121x4MB),SWAP,388/3810MB,(cached,2MB),CPU,[0%@1344,81%@1344,0%@1344,0%@1344,0%@1344,0%@1344],GR3D_FREQ,41%,cpu@51.843C,soc2@49.593C,soc0@50C,gpu@52.25C,tj@52.25C,soc1@49.875C,VDD_IN,12103mW/7699mW,VDD_CPU_GPU_CV,4912mW/2485mW,VDD_SOC,3739mW/2811mW
07-25-2026,17:35:51,RAM,1492/7620MB,(lfb,121x4MB),SWAP,388/3810MB,(cached,2MB),CPU,[0%@1344,90%@1344,0%@1344,0%@1344,0%@1344,0%@1344],GR3D_FREQ,86%,cpu@51.812C,soc2@49.593C,soc0@50.125C,gpu@52.062C,tj@52.062C,soc1@49.906C,VDD_IN,12024mW/7722mW,VDD_CPU_GPU_CV,4872mW/2498mW,VDD_SOC,3699mW/2815mW
07-25-2026,17:35:51,RAM,1492/7620MB,(lfb,121x4MB),SWAP,388/3810MB,(cached,2MB),CPU,[0%@1344,81%@1344,0%@1344,0%@1344,0%@1344,0%@1344],GR3D_FREQ,40%,cpu@51.781C,soc2@49.781C,soc0@49.875C,gpu@52.281C,tj@52.281C,soc1@50.062C,VDD_IN,12103mW/7745mW,VDD_CPU_GPU_CV,4912mW/2511mW,VDD_SOC,3739mW/2820mW
07-25-2026,17:35:51,RAM,1492/7620MB,(lfb,121x4MB),SWAP,388/3810MB,(cached,2MB),CPU,[0%@1344,80%@1344,0%@1344,0%@1344,0%@1344,0%@1344],GR3D_FREQ,87%,cpu@51.625C,soc2@49.593C,soc0@49.968C,gpu@52.687C,tj@52.687C,soc1@49.781C,VDD_IN,12063mW/7768mW,VDD_CPU_GPU_CV,4872mW/2523mW,VDD_SOC,3699mW/2825mW
07-25-2026,17:35:51,RAM,1492/7620MB,(lfb,121x4MB),SWAP,388/3810MB,(cached,2MB),CPU,[0%@1344,90%@1344,0%@1344,0%@1344,0%@1344,0%@1344],GR3D_FREQ,25%,cpu@51.625C,soc2@49.562C,soc0@50.125C,gpu@51.875C,tj@52.093C,soc1@49.812C,VDD_IN,11787mW/7788mW,VDD_CPU_GPU_CV,4715mW/2534mW,VDD_SOC,3660mW/2829mW
07-25-2026,17:35:51,RAM,1512/7620MB,(lfb,121x4MB),SWAP,388/3810MB,(cached,2MB),CPU,[0%@1344,90%@1344,0%@1344,0%@1344,0%@1344,0%@1344],GR3D_FREQ,65%,cpu@52.25C,soc2@49.656C,soc0@50C,gpu@52.156C,tj@52.25C,soc1@50C,VDD_IN,11551mW/7808mW,VDD_CPU_GPU_CV,4597mW/2545mW,VDD_SOC,3621mW/2833mW
07-25-2026,17:35:52,RAM,1512/7620MB,(lfb,121x4MB),SWAP,388/3810MB,(cached,2MB),CPU,[0%@1344,81%@1344,0%@1344,0%@1344,0%@1344,0%@1344],GR3D_FREQ,48%,cpu@51.75C,soc2@49.531C,soc0@50.093C,gpu@52.625C,tj@52.625C,soc1@50.156C,VDD_IN,11669mW/7828mW,VDD_CPU_GPU_CV,4676mW/2556mW,VDD_SOC,3621mW/2837mW
07-25-2026,17:35:52,RAM,1512/7620MB,(lfb,121x4MB),SWAP,388/3810MB,(cached,2MB),CPU,[9%@1344,90%@1344,0%@1344,0%@1344,0%@1344,0%@1344],GR3D_FREQ,72%,cpu@51.875C,soc2@49.593C,soc0@50.031C,gpu@52.531C,tj@52.531C,soc1@49.843C,VDD_IN,11787mW/7848mW,VDD_CPU_GPU_CV,4715mW/2567mW,VDD_SOC,3660mW/2842mW
07-25-2026,17:35:52,RAM,1512/7620MB,(lfb,121x4MB),SWAP,388/3810MB,(cached,2MB),CPU,[0%@1344,81%@1344,0%@1344,0%@1344,0%@1344,0%@1344],GR3D_FREQ,47%,cpu@51.968C,soc2@49.656C,soc0@50.187C,gpu@52.156C,tj@52.156C,soc1@50.031C,VDD_IN,11866mW/7869mW,VDD_CPU_GPU_CV,4754mW/2578mW,VDD_SOC,3660mW/2846mW
07-25-2026,17:35:52,RAM,1512/7620MB,(lfb,121x4MB),SWAP,388/3810MB,(cached,2MB),CPU,[0%@1344,81%@1344,0%@1344,0%@1344,0%@1344,0%@1344],GR3D_FREQ,75%,cpu@52.312C,soc2@49.687C,soc0@49.968C,gpu@52.718C,tj@52.718C,soc1@50C,VDD_IN,11906mW/7889mW,VDD_CPU_GPU_CV,4794mW/2590mW,VDD_SOC,3699mW/2850mW
07-25-2026,17:35:52,RAM,1512/7620MB,(lfb,121x4MB),SWAP,388/3810MB,(cached,2MB),CPU,[9%@1344,90%@1344,0%@1344,0%@1344,0%@1344,0%@1344],GR3D_FREQ,46%,cpu@52.406C,soc2@49.656C,soc0@50.031C,gpu@52.5C,tj@52.5C,soc1@50.187C,VDD_IN,11984mW/7910mW,VDD_CPU_GPU_CV,4794mW/2601mW,VDD_SOC,3699mW/2854mW
07-25-2026,17:35:52,RAM,1512/7620MB,(lfb,121x4MB),SWAP,388/3810MB,(cached,2MB),CPU,[0%@1344,81%@1344,0%@1344,0%@1344,0%@1344,0%@1344],GR3D_FREQ,78%,cpu@51.875C,soc2@49.75C,soc0@50.125C,gpu@52.468C,tj@52.468C,soc1@49.906C,VDD_IN,12024mW/7931mW,VDD_CPU_GPU_CV,4833mW/2612mW,VDD_SOC,3699mW/2859mW
07-25-2026,17:35:52,RAM,1512/7620MB,(lfb,121x4MB),SWAP,388/3810MB,(cached,2MB),CPU,[9%@1344,90%@1344,0%@1344,0%@1344,0%@1344,0%@1344],GR3D_FREQ,45%,cpu@52C,soc2@49.687C,soc0@50.156C,gpu@52.687C,tj@52.687C,soc1@49.968C,VDD_IN,12063mW/7951mW,VDD_CPU_GPU_CV,4833mW/2623mW,VDD_SOC,3699mW/2863mW
07-25-2026,17:35:52,RAM,1512/7620MB,(lfb,121x4MB),SWAP,388/3810MB,(cached,2MB),CPU,[0%@1344,80%@1344,0%@1344,0%@1344,0%@1344,0%@1344],GR3D_FREQ,81%,cpu@52.218C,soc2@49.781C,soc0@50.375C,gpu@52.562C,tj@52.562C,soc1@50.093C,VDD_IN,12063mW/7972mW,VDD_CPU_GPU_CV,4872mW/2634mW,VDD_SOC,3699mW/2867mW
07-25-2026,17:35:52,RAM,1512/7620MB,(lfb,121x4MB),SWAP,388/3810MB,(cached,2MB),CPU,[0%@1344,81%@1344,0%@1344,0%@1344,0%@1344,0%@1344],GR3D_FREQ,44%,cpu@52.281C,soc2@49.656C,soc0@50.093C,gpu@52.406C,tj@52.406C,soc1@49.937C,VDD_IN,12063mW/7992mW,VDD_CPU_GPU_CV,4872mW/2645mW,VDD_SOC,3699mW/2871mW
07-25-2026,17:35:53,RAM,1512/7620MB,(lfb,121x4MB),SWAP,388/3810MB,(cached,2MB),CPU,[0%@1344,90%@1344,8%@1344,0%@1344,0%@1344,8%@1344],GR3D_FREQ,84%,cpu@52.093C,soc2@49.687C,soc0@50.093C,gpu@52.468C,tj@52.468C,soc1@50C,VDD_IN,12063mW/8012mW,VDD_CPU_GPU_CV,4864mW/2656mW,VDD_SOC,3739mW/2875mW
07-25-2026,17:35:53,RAM,1512/7620MB,(lfb,121x4MB),SWAP,388/3810MB,(cached,2MB),CPU,[0%@1344,81%@1344,0%@1344,0%@1344,0%@1344,0%@1344],GR3D_FREQ,42%,cpu@52.062C,soc2@49.781C,soc0@50.281C,gpu@52.593C,tj@52.218C,soc1@49.968C,VDD_IN,12103mW/8032mW,VDD_CPU_GPU_CV,4872mW/2667mW,VDD_SOC,3699mW/2879mW
07-25-2026,17:35:53,RAM,1512/7620MB,(lfb,121x4MB),SWAP,388/3810MB,(cached,2MB),CPU,[0%@1344,90%@1344,0%@1344,0%@1344,0%@1344,0%@1344],GR3D_FREQ,84%,cpu@52.25C,soc2@49.843C,soc0@50.093C,gpu@52.468C,tj@52.468C,soc1@50.093C,VDD_IN,12063mW/8052mW,VDD_CPU_GPU_CV,4872mW/2678mW,VDD_SOC,3739mW/2884mW
07-25-2026,17:35:53,RAM,1512/7620MB,(lfb,121x4MB),SWAP,388/3810MB,(cached,2MB),CPU,[0%@1344,80%@1344,0%@1344,0%@1344,0%@1344,0%@1344],GR3D_FREQ,79%,cpu@52.281C,soc2@49.75C,soc0@50.125C,gpu@52.281C,tj@52.281C,soc1@50.343C,VDD_IN,12063mW/8071mW,VDD_CPU_GPU_CV,4872mW/2688mW,VDD_SOC,3699mW/2888mW
07-25-2026,17:35:53,RAM,1512/7620MB,(lfb,121x4MB),SWAP,388/3810MB,(cached,2MB),CPU,[0%@1344,81%@1344,0%@1344,0%@1344,0%@1344,0%@1344],GR3D_FREQ,44%,cpu@52.093C,soc2@49.843C,soc0@50.281C,gpu@52.375C,tj@52.375C,soc1@50C,VDD_IN,12024mW/8090mW,VDD_CPU_GPU_CV,4833mW/2699mW,VDD_SOC,3699mW/2891mW
07-25-2026,17:35:53,RAM,1512/7620MB,(lfb,121x4MB),SWAP,388/3810MB,(cached,2MB),CPU,[0%@1344,90%@1344,0%@1344,0%@1344,0%@1344,0%@1344],GR3D_FREQ,84%,cpu@52.062C,soc2@49.843C,soc0@50.312C,gpu@52.687C,tj@52.687C,soc1@50.156C,VDD_IN,12024mW/8109mW,VDD_CPU_GPU_CV,4833mW/2709mW,VDD_SOC,3699mW/2895mW
07-25-2026,17:35:53,RAM,1512/7620MB,(lfb,121x4MB),SWAP,388/3810MB,(cached,2MB),CPU,[0%@1344,81%@1344,0%@1344,0%@1344,0%@1344,0%@1344],GR3D_FREQ,41%,cpu@52.281C,soc2@50C,soc0@50.156C,gpu@52.437C,tj@52.437C,soc1@50.218C,VDD_IN,11984mW/8128mW,VDD_CPU_GPU_CV,4794mW/2719mW,VDD_SOC,3739mW/2899mW
07-25-2026,17:35:53,RAM,1566/7620MB,(lfb,121x4MB),SWAP,388/3810MB,(cached,2MB),CPU,[33%@1344,72%@1344,20%@1344,33%@1344,27%@1344,36%@1344],GR3D_FREQ,0%,cpu@52.156C,soc2@49.687C,soc0@50.218C,gpu@51.75C,tj@52.156C,soc1@50.062C,VDD_IN,11511mW/8144mW,VDD_CPU_GPU_CV,4558mW/2728mW,VDD_SOC,3581mW/2903mW
07-25-2026,17:35:53,RAM,1580/7620MB,(lfb,121x4MB),SWAP,388/3810MB,(cached,2MB),CPU,[60%@1344,80%@1344,80%@1344,70%@1344,54%@1344,70%@1344],GR3D_FREQ,34%,cpu@52.343C,soc2@49.687C,soc0@50.25C,gpu@52.406C,tj@52.406C,soc1@50.187C,VDD_IN,11372mW/8159mW,VDD_CPU_GPU_CV,4519mW/2736mW,VDD_SOC,3503mW/2905mW
07-25-2026,17:35:54,RAM,1583/7620MB,(lfb,121x4MB),SWAP,388/3810MB,(cached,2MB),CPU,[54%@1344,100%@1344,100%@1344,60%@1344,60%@1344,45%@1344],GR3D_FREQ,34%,cpu@52.593C,soc2@49.75C,soc0@50.437C,gpu@52.187C,tj@52.593C,soc1@50.218C,VDD_IN,11569mW/8175mW,VDD_CPU_GPU_CV,4676mW/2745mW,VDD_SOC,3503mW/2908mW
07-25-2026,17:35:54,RAM,1584/7620MB,(lfb,121x4MB),SWAP,388/3810MB,(cached,2MB),CPU,[90%@1344,66%@1344,36%@1344,63%@1344,63%@1344,63%@1344],GR3D_FREQ,50%,cpu@52.625C,soc2@49.937C,soc0@50.062C,gpu@52.125C,tj@52.625C,soc1@50.406C,VDD_IN,11590mW/8191mW,VDD_CPU_GPU_CV,4715mW/2755mW,VDD_SOC,3463mW/2911mW
07-25-2026,17:35:54,RAM,1584/7620MB,(lfb,121x4MB),SWAP,388/3810MB,(cached,2MB),CPU,[90%@1344,36%@1344,70%@1344,50%@1344,30%@1344,58%@1344],GR3D_FREQ,34%,cpu@52.375C,soc2@49.843C,soc0@50.281C,gpu@52.375C,tj@52.375C,soc1@50.218C,VDD_IN,11609mW/8207mW,VDD_CPU_GPU_CV,4754mW/2764mW,VDD_SOC,3463mW/2913mW
07-25-2026,17:35:54,RAM,1585/7620MB,(lfb,121x4MB),SWAP,388/3810MB,(cached,2MB),CPU,[58%@1344,45%@1344,54%@1344,60%@1344,40%@1344,72%@1344],GR3D_FREQ,44%,cpu@52.406C,soc2@49.906C,soc0@50.343C,gpu@52.281C,tj@52.406C,soc1@50.281C,VDD_IN,11630mW/8223mW,VDD_CPU_GPU_CV,4794mW/2773mW,VDD_SOC,3463mW/2916mW
07-25-2026,17:35:54,RAM,1585/7620MB,(lfb,121x4MB),SWAP,388/3810MB,(cached,2MB),CPU,[27%@1344,50%@1344,45%@1344,18%@1344,33%@1344,100%@1344],GR3D_FREQ,43%,cpu@52.875C,soc2@49.812C,soc0@50.437C,gpu@52.312C,tj@52.875C,soc1@50.312C,VDD_IN,11669mW/8239mW,VDD_CPU_GPU_CV,4912mW/2783mW,VDD_SOC,3424mW/2918mW
07-25-2026,17:35:54,RAM,1586/7620MB,(lfb,121x4MB),SWAP,388/3810MB,(cached,2MB),CPU,[45%@1344,45%@1344,50%@1344,10%@1344,27%@1344,100%@1344],GR3D_FREQ,49%,cpu@52.562C,soc2@49.781C,soc0@50.25C,gpu@52.281C,tj@52.562C,soc1@50.187C,VDD_IN,11669mW/8255mW,VDD_CPU_GPU_CV,4951mW/2793mW,VDD_SOC,3424mW/2921mW
07-25-2026,17:35:54,RAM,1587/7620MB,(lfb,121x4MB),SWAP,388/3810MB,(cached,2MB),CPU,[20%@1344,40%@1344,54%@1344,18%@1344,20%@1344,100%@1344],GR3D_FREQ,55%,cpu@52.406C,soc2@49.906C,soc0@50.312C,gpu@52.343C,tj@52.593C,soc1@50.406C,VDD_IN,11708mW/8271mW,VDD_CPU_GPU_CV,4990mW/2803mW,VDD_SOC,3424mW/2923mW
07-25-2026,17:35:54,RAM,1588/7620MB,(lfb,121x4MB),SWAP,388/3810MB,(cached,2MB),CPU,[25%@1344,45%@1344,70%@1344,25%@1344,18%@1344,100%@1344],GR3D_FREQ,53%,cpu@52.437C,soc2@49.843C,soc0@50.281C,gpu@52.218C,tj@52.437C,soc1@50.187C,VDD_IN,11708mW/8286mW,VDD_CPU_GPU_CV,5029mW/2814mW,VDD_SOC,3384mW/2925mW
07-25-2026,17:35:54,RAM,1588/7620MB,(lfb,121x4MB),SWAP,388/3810MB,(cached,2MB),CPU,[22%@1344,45%@1344,66%@1344,0%@1344,20%@1344,91%@1344],GR3D_FREQ,43%,cpu@52.375C,soc2@49.875C,soc0@50.375C,gpu@52.187C,tj@52.375C,soc1@50.187C,VDD_IN,11748mW/8302mW,VDD_CPU_GPU_CV,5029mW/2824mW,VDD_SOC,3384mW/2927mW
07-25-2026,17:35:54,RAM,1588/7620MB,(lfb,121x4MB),SWAP,388/3810MB,(cached,2MB),CPU,[27%@1344,45%@1344,50%@1344,30%@1344,20%@1344,100%@1344],GR3D_FREQ,38%,cpu@52.5C,soc2@50.031C,soc0@50.281C,gpu@52.812C,tj@52.812C,soc1@50.406C,VDD_IN,11748mW/8318mW,VDD_CPU_GPU_CV,5029mW/2834mW,VDD_SOC,3384mW/2929mW
07-25-2026,17:35:55,RAM,1589/7620MB,(lfb,121x4MB),SWAP,388/3810MB,(cached,2MB),CPU,[27%@1344,45%@1344,54%@1344,30%@1344,25%@1344,100%@1344],GR3D_FREQ,42%,cpu@52.593C,soc2@49.937C,soc0@50.281C,gpu@52.687C,tj@52.687C,soc1@50.218C,VDD_IN,11708mW/8333mW,VDD_CPU_GPU_CV,5108mW/2844mW,VDD_SOC,3384mW/2931mW
07-25-2026,17:35:55,RAM,1589/7620MB,(lfb,121x4MB),SWAP,388/3810MB,(cached,2MB),CPU,[30%@1344,45%@1344,36%@1344,41%@1344,11%@1344,100%@1344],GR3D_FREQ,50%,cpu@52.406C,soc2@49.843C,soc0@50.406C,gpu@52.593C,tj@52.593C,soc1@50.218C,VDD_IN,11748mW/8348mW,VDD_CPU_GPU_CV,5108mW/2854mW,VDD_SOC,3384mW/2933mW
07-25-2026,17:35:55,RAM,1589/7620MB,(lfb,121x4MB),SWAP,388/3810MB,(cached,2MB),CPU,[16%@1344,50%@1344,41%@1344,72%@1344,25%@1344,100%@1344],GR3D_FREQ,43%,cpu@52.5C,soc2@49.968C,soc0@50.468C,gpu@52.437C,tj@52.5C,soc1@50.343C,VDD_IN,11708mW/8363mW,VDD_CPU_GPU_CV,5108mW/2864mW,VDD_SOC,3384mW/2935mW
07-25-2026,17:35:55,RAM,1589/7620MB,(lfb,121x4MB),SWAP,388/3810MB,(cached,2MB),CPU,[11%@1344,40%@1344,33%@1344,40%@1344,20%@1344,100%@1344],GR3D_FREQ,42%,cpu@52.875C,soc2@50.031C,soc0@50.312C,gpu@52.406C,tj@52.875C,soc1@50.437C,VDD_IN,11748mW/8378mW,VDD_CPU_GPU_CV,5108mW/2874mW,VDD_SOC,3384mW/2937mW
07-25-2026,17:35:55,RAM,1589/7620MB,(lfb,121x4MB),SWAP,388/3810MB,(cached,2MB),CPU,[20%@1344,45%@1344,50%@1344,45%@1344,10%@1344,100%@1344],GR3D_FREQ,47%,cpu@52.75C,soc2@49.968C,soc0@50.437C,gpu@52.531C,tj@52.75C,soc1@50.593C,VDD_IN,11787mW/8393mW,VDD_CPU_GPU_CV,5108mW/2884mW,VDD_SOC,3384mW/2939mW
07-25-2026,17:35:55,RAM,1590/7620MB,(lfb,121x4MB),SWAP,388/3810MB,(cached,2MB),CPU,[27%@1344,44%@1344,45%@1344,45%@1344,18%@1344,91%@1344],GR3D_FREQ,54%,cpu@52.5C,soc2@50C,soc0@50.437C,gpu@52.437C,tj@52.5C,soc1@50.343C,VDD_IN,11787mW/8408mW,VDD_CPU_GPU_CV,5108mW/2894mW,VDD_SOC,3384mW/2941mW
07-25-2026,17:35:55,RAM,1590/7620MB,(lfb,121x4MB),SWAP,388/3810MB,(cached,2MB),CPU,[20%@1344,50%@1344,44%@1344,10%@1344,30%@1344,100%@1344],GR3D_FREQ,54%,cpu@52.75C,soc2@50C,soc0@50.531C,gpu@52.281C,tj@52.75C,soc1@50.437C,VDD_IN,11748mW/8423mW,VDD_CPU_GPU_CV,5147mW/2904mW,VDD_SOC,3384mW/2943mW
07-25-2026,17:35:55,RAM,1590/7620MB,(lfb,121x4MB),SWAP,388/3810MB,(cached,2MB),CPU,[10%@1344,45%@1344,27%@1344,27%@1344,60%@1344,100%@1344],GR3D_FREQ,43%,cpu@52.875C,soc2@50.062C,soc0@50.375C,gpu@52.281C,tj@52.875C,soc1@50.5C,VDD_IN,11748mW/8438mW,VDD_CPU_GPU_CV,5147mW/2913mW,VDD_SOC,3384mW/2945mW
07-25-2026,17:35:55,RAM,1591/7620MB,(lfb,121x4MB),SWAP,388/3810MB,(cached,2MB),CPU,[30%@1344,54%@1344,45%@1344,10%@1344,33%@1344,100%@1344],GR3D_FREQ,37%,cpu@52.843C,soc2@49.875C,soc0@50.375C,gpu@52.531C,tj@52.656C,soc1@50.343C,VDD_IN,11787mW/8452mW,VDD_CPU_GPU_CV,5147mW/2923mW,VDD_SOC,3384mW/2947mW
07-25-2026,17:35:56,RAM,1591/7620MB,(lfb,121x4MB),SWAP,388/3810MB,(cached,2MB),CPU,[25%@1344,40%@1344,27%@1344,40%@1344,33%@1344,100%@1344],GR3D_FREQ,41%,cpu@52.468C,soc2@50.031C,soc0@50.406C,gpu@52.375C,tj@52.468C,soc1@50.312C,VDD_IN,11787mW/8467mW,VDD_CPU_GPU_CV,5147mW/2933mW,VDD_SOC,3384mW/2949mW
07-25-2026,17:35:56,RAM,1591/7620MB,(lfb,121x4MB),SWAP,388/3810MB,(cached,2MB),CPU,[36%@1344,45%@1344,20%@1344,50%@1344,30%@1344,100%@1344],GR3D_FREQ,54%,cpu@52.812C,soc2@50.093C,soc0@50.406C,gpu@52.375C,tj@52.812C,soc1@50.531C,VDD_IN,11787mW/8481mW,VDD_CPU_GPU_CV,5147mW/2942mW,VDD_SOC,3384mW/2951mW
07-25-2026,17:35:56,RAM,1591/7620MB,(lfb,121x4MB),SWAP,388/3810MB,(cached,2MB),CPU,[50%@1344,72%@1344,40%@1344,63%@1344,45%@1344,100%@1344],GR3D_FREQ,38%,cpu@53C,soc2@50.125C,soc0@50.375C,gpu@52.656C,tj@53C,soc1@50.75C,VDD_IN,11866mW/8495mW,VDD_CPU_GPU_CV,5147mW/2952mW,VDD_SOC,3424mW/2953mW
07-25-2026,17:35:56,RAM,1592/7620MB,(lfb,121x4MB),SWAP,388/3810MB,(cached,2MB),CPU,[63%@1344,80%@1344,41%@1344,33%@1344,50%@1344,100%@1344],GR3D_FREQ,41%,cpu@52.843C,soc2@50.031C,soc0@50.468C,gpu@52.593C,tj@52.843C,soc1@50.437C,VDD_IN,11906mW/8510mW,VDD_CPU_GPU_CV,5147mW/2961mW,VDD_SOC,3424mW/2955mW
07-25-2026,17:35:56,RAM,1592/7620MB,(lfb,121x4MB),SWAP,388/3810MB,(cached,2MB),CPU,[60%@1344,66%@1344,22%@1344,60%@1344,40%@1344,100%@1344],GR3D_FREQ,49%,cpu@53C,soc2@50.125C,soc0@50.562C,gpu@52.562C,tj@53C,soc1@50.437C,VDD_IN,11906mW/8524mW,VDD_CPU_GPU_CV,5147mW/2970mW,VDD_SOC,3424mW/2957mW
07-25-2026,17:35:56,RAM,1592/7620MB,(lfb,121x4MB),SWAP,388/3810MB,(cached,2MB),CPU,[54%@1344,75%@1344,30%@1344,60%@1344,36%@1344,100%@1344],GR3D_FREQ,53%,cpu@53.125C,soc2@50.093C,soc0@50.406C,gpu@52.375C,tj@53.125C,soc1@50.625C,VDD_IN,11945mW/8539mW,VDD_CPU_GPU_CV,5147mW/2980mW,VDD_SOC,3463mW/2959mW
07-25-2026,17:35:56,RAM,1593/7620MB,(lfb,121x4MB),SWAP,388/3810MB,(cached,2MB),CPU,[54%@1344,72%@1344,22%@1344,45%@1344,44%@1344,100%@1344],GR3D_FREQ,47%,cpu@52.781C,soc2@50C,soc0@50.437C,gpu@52.312C,tj@52.781C,soc1@50.437C,VDD_IN,11945mW/8553mW,VDD_CPU_GPU_CV,5147mW/2989mW,VDD_SOC,3463mW/2961mW
07-25-2026,17:35:56,RAM,1593/7620MB,(lfb,121x4MB),SWAP,388/3810MB,(cached,2MB),CPU,[30%@1344,45%@1344,27%@1344,36%@1344,45%@1344,100%@1344],GR3D_FREQ,55%,cpu@52.843C,soc2@50.062C,soc0@50.468C,gpu@52.781C,tj@52.843C,soc1@50.468C,VDD_IN,11945mW/8568mW,VDD_CPU_GPU_CV,5147mW/2998mW,VDD_SOC,3424mW/2963mW
07-25-2026,17:35:56,RAM,1593/7620MB,(lfb,121x4MB),SWAP,388/3810MB,(cached,2MB),CPU,[40%@1344,44%@1344,11%@1344,27%@1344,50%@1344,90%@1344],GR3D_FREQ,49%,cpu@53.156C,soc2@50.218C,soc0@50.625C,gpu@52.531C,tj@53.156C,soc1@50.687C,VDD_IN,11866mW/8581mW,VDD_CPU_GPU_CV,5147mW/3007mW,VDD_SOC,3424mW/2965mW
07-25-2026,17:35:56,RAM,1593/7620MB,(lfb,121x4MB),SWAP,388/3810MB,(cached,2MB),CPU,[30%@1344,45%@1344,18%@1344,11%@1344,45%@1344,100%@1344],GR3D_FREQ,42%,cpu@53C,soc2@50.125C,soc0@50.468C,gpu@52.5C,tj@53C,soc1@50.531C,VDD_IN,11787mW/8595mW,VDD_CPU_GPU_CV,5108mW/3016mW,VDD_SOC,3424mW/2967mW
07-25-2026,17:35:57,RAM,1593/7620MB,(lfb,121x4MB),SWAP,388/3810MB,(cached,2MB),CPU,[30%@1344,45%@1344,40%@1344,27%@1344,45%@1344,100%@1344],GR3D_FREQ,43%,cpu@52.718C,soc2@50.125C,soc0@50.531C,gpu@52.875C,tj@52.875C,soc1@50.437C,VDD_IN,11748mW/8608mW,VDD_CPU_GPU_CV,5108mW/3024mW,VDD_SOC,3424mW/2969mW
07-25-2026,17:35:57,RAM,1593/7620MB,(lfb,121x4MB),SWAP,388/3810MB,(cached,2MB),CPU,[45%@1344,40%@1344,27%@1344,27%@1344,40%@1344,100%@1344],GR3D_FREQ,53%,cpu@53.031C,soc2@50.125C,soc0@50.593C,gpu@52.75C,tj@53.031C,soc1@50.687C,VDD_IN,11669mW/8620mW,VDD_CPU_GPU_CV,5108mW/3033mW,VDD_SOC,3424mW/2971mW
07-25-2026,17:35:57,RAM,1593/7620MB,(lfb,121x4MB),SWAP,388/3810MB,(cached,2MB),CPU,[18%@1344,45%@1344,30%@1344,18%@1344,50%@1344,100%@1344],GR3D_FREQ,51%,cpu@53.156C,soc2@50.187C,soc0@50.468C,gpu@52.593C,tj@53.156C,soc1@50.687C,VDD_IN,11669mW/8633mW,VDD_CPU_GPU_CV,5069mW/3041mW,VDD_SOC,3384mW/2972mW
07-25-2026,17:35:57,RAM,1594/7620MB,(lfb,121x4MB),SWAP,388/3810MB,(cached,2MB),CPU,[36%@1344,50%@1344,18%@1344,20%@1344,54%@1344,100%@1344],GR3D_FREQ,41%,cpu@52.718C,soc2@50.125C,soc0@50.437C,gpu@52.437C,tj@52.718C,soc1@50.5C,VDD_IN,11669mW/8645mW,VDD_CPU_GPU_CV,5069mW/3050mW,VDD_SOC,3384mW/2974mW
07-25-2026,17:35:57,RAM,1594/7620MB,(lfb,121x4MB),SWAP,388/3810MB,(cached,2MB),CPU,[45%@1344,45%@1344,18%@1344,20%@1344,50%@1344,90%@1344],GR3D_FREQ,34%,cpu@52.843C,soc2@50.156C,soc0@50.593C,gpu@52.5C,tj@52.843C,soc1@50.593C,VDD_IN,11708mW/8658mW,VDD_CPU_GPU_CV,5069mW/3058mW,VDD_SOC,3384mW/2976mW
07-25-2026,17:35:57,RAM,1594/7620MB,(lfb,121x4MB),SWAP,388/3810MB,(cached,2MB),CPU,[33%@1344,40%@1344,40%@1344,10%@1344,36%@1344,100%@1344],GR3D_FREQ,48%,cpu@52.937C,soc2@50.281C,soc0@50.781C,gpu@52.687C,tj@52.937C,soc1@50.687C,VDD_IN,11708mW/8670mW,VDD_CPU_GPU_CV,5069mW/3066mW,VDD_SOC,3345mW/2977mW
07-25-2026,17:35:57,RAM,1594/7620MB,(lfb,121x4MB),SWAP,388/3810MB,(cached,2MB),CPU,[45%@1344,20%@1344,30%@1344,20%@1344,30%@1344,100%@1344],GR3D_FREQ,41%,cpu@53.062C,soc2@50.343C,soc0@50.468C,gpu@52.562C,tj@53.062C,soc1@50.875C,VDD_IN,11708mW/8683mW,VDD_CPU_GPU_CV,5029mW/3074mW,VDD_SOC,3384mW/2979mW
07-25-2026,17:35:57,RAM,1594/7620MB,(lfb,121x4MB),SWAP,388/3810MB,(cached,2MB),CPU,[33%@1344,40%@1344,18%@1344,18%@1344,50%@1344,100%@1344],GR3D_FREQ,44%,cpu@52.75C,soc2@50.218C,soc0@50.531C,gpu@52.5C,tj@52.781C,soc1@50.531C,VDD_IN,11669mW/8695mW,VDD_CPU_GPU_CV,5029mW/3082mW,VDD_SOC,3384mW/2981mW
07-25-2026,17:35:57,RAM,1594/7620MB,(lfb,121x4MB),SWAP,388/3810MB,(cached,2MB),CPU,[41%@1344,54%@1344,27%@1344,20%@1344,50%@1344,100%@1344],GR3D_FREQ,51%,cpu@52.843C,soc2@50.25C,soc0@50.656C,gpu@53.031C,tj@53.031C,soc1@50.625C,VDD_IN,11630mW/8706mW,VDD_CPU_GPU_CV,5029mW/3090mW,VDD_SOC,3384mW/2982mW
07-25-2026,17:35:58,RAM,1594/7620MB,(lfb,121x4MB),SWAP,388/3810MB,(cached,2MB),CPU,[20%@1344,40%@1344,22%@1344,27%@1344,33%@1344,100%@1344],GR3D_FREQ,52%,cpu@52.968C,soc2@50.281C,soc0@50.5C,gpu@52.593C,tj@52.968C,soc1@50.687C,VDD_IN,11590mW/8718mW,VDD_CPU_GPU_CV,5029mW/3097mW,VDD_SOC,3384mW/2984mW
07-25-2026,17:35:58,RAM,1594/7620MB,(lfb,121x4MB),SWAP,388/3810MB,(cached,2MB),CPU,[33%@1344,45%@1344,44%@1344,20%@1344,41%@1344,100%@1344],GR3D_FREQ,44%,cpu@53.125C,soc2@50.343C,soc0@50.531C,gpu@52.531C,tj@53.125C,soc1@50.875C,VDD_IN,11669mW/8730mW,VDD_CPU_GPU_CV,5029mW/3105mW,VDD_SOC,3384mW/2985mW
07-25-2026,17:35:58,RAM,1595/7620MB,(lfb,121x4MB),SWAP,388/3810MB,(cached,2MB),CPU,[45%@1344,50%@1344,45%@1344,10%@1344,18%@1344,91%@1344],GR3D_FREQ,33%,cpu@52.875C,soc2@50.218C,soc0@50.656C,gpu@52.937C,tj@52.937C,soc1@50.625C,VDD_IN,11669mW/8741mW,VDD_CPU_GPU_CV,5029mW/3113mW,VDD_SOC,3384mW/2987mW
07-25-2026,17:35:58,RAM,1595/7620MB,(lfb,121x4MB),SWAP,388/3810MB,(cached,2MB),CPU,[20%@1344,45%@1344,63%@1344,27%@1344,20%@1344,100%@1344],GR3D_FREQ,44%,cpu@52.875C,soc2@50.281C,soc0@50.718C,gpu@52.843C,tj@52.875C,soc1@50.656C,VDD_IN,11669mW/8753mW,VDD_CPU_GPU_CV,5029mW/3120mW,VDD_SOC,3384mW/2989mW
07-25-2026,17:35:58,RAM,1595/7620MB,(lfb,121x4MB),SWAP,388/3810MB,(cached,2MB),CPU,[36%@1344,50%@1344,40%@1344,18%@1344,27%@1344,100%@1344],GR3D_FREQ,56%,cpu@53.125C,soc2@50.281C,soc0@50.656C,gpu@52.687C,tj@53.125C,soc1@50.687C,VDD_IN,11669mW/8764mW,VDD_CPU_GPU_CV,5029mW/3128mW,VDD_SOC,3384mW/2990mW
07-25-2026,17:35:58,RAM,1595/7620MB,(lfb,121x4MB),SWAP,388/3810MB,(cached,2MB),CPU,[20%@1344,40%@1344,50%@1344,20%@1344,36%@1344,100%@1344],GR3D_FREQ,47%,cpu@52.843C,soc2@50.156C,soc0@50.718C,gpu@52.656C,tj@52.843C,soc1@50.687C,VDD_IN,11669mW/8776mW,VDD_CPU_GPU_CV,5029mW/3135mW,VDD_SOC,3384mW/2992mW
07-25-2026,17:35:58,RAM,1595/7620MB,(lfb,121x4MB),SWAP,388/3810MB,(cached,2MB),CPU,[30%@1344,45%@1344,50%@1344,27%@1344,27%@1344,100%@1344],GR3D_FREQ,40%,cpu@52.968C,soc2@50.25C,soc0@50.75C,gpu@52.656C,tj@52.968C,soc1@50.687C,VDD_IN,11669mW/8787mW,VDD_CPU_GPU_CV,5029mW/3143mW,VDD_SOC,3345mW/2993mW
07-25-2026,17:35:58,RAM,1595/7620MB,(lfb,121x4MB),SWAP,388/3810MB,(cached,2MB),CPU,[36%@1344,50%@1344,33%@1344,18%@1344,33%@1344,100%@1344],GR3D_FREQ,40%,cpu@53.031C,soc2@50.375C,soc0@50.937C,gpu@52.687C,tj@53.312C,soc1@50.812C,VDD_IN,11708mW/8798mW,VDD_CPU_GPU_CV,5029mW/3150mW,VDD_SOC,3345mW/2994mW
07-25-2026,17:35:58,RAM,1596/7620MB,(lfb,121x4MB),SWAP,388/3810MB,(cached,2MB),CPU,[60%@1344,70%@1344,36%@1344,30%@1344,66%@1344,100%@1344],GR3D_FREQ,37%,cpu@53.25C,soc2@50.25C,soc0@50.531C,gpu@52.625C,tj@53.25C,soc1@50.718C,VDD_IN,11787mW/8810mW,VDD_CPU_GPU_CV,5069mW/3158mW,VDD_SOC,3384mW/2996mW
07-25-2026,17:35:58,RAM,1596/7620MB,(lfb,121x4MB),SWAP,388/3810MB,(cached,2MB),CPU,[63%@1344,40%@1344,30%@1344,40%@1344,22%@1344,100%@1344],GR3D_FREQ,52%,cpu@52.906C,soc2@50.281C,soc0@50.75C,gpu@52.593C,tj@52.906C,soc1@50.75C,VDD_IN,11787mW/8822mW,VDD_CPU_GPU_CV,5069mW/3165mW,VDD_SOC,3384mW/2997mW
07-25-2026,17:35:59,RAM,1596/7620MB,(lfb,121x4MB),SWAP,388/3810MB,(cached,2MB),CPU,[50%@1344,33%@1344,40%@1344,50%@1344,33%@1344,90%@1344],GR3D_FREQ,50%,cpu@52.906C,soc2@50.312C,soc0@50.843C,gpu@53.093C,tj@53.093C,soc1@50.687C,VDD_IN,11787mW/8833mW,VDD_CPU_GPU_CV,5069mW/3172mW,VDD_SOC,3384mW/2999mW
07-25-2026,17:35:59,RAM,1597/7620MB,(lfb,121x4MB),SWAP,388/3810MB,(cached,2MB),CPU,[45%@1344,20%@1344,20%@1344,45%@1344,40%@1344,100%@1344],GR3D_FREQ,41%,cpu@53.343C,soc2@50.406C,soc0@50.593C,gpu@52.781C,tj@53.343C,soc1@50.812C,VDD_IN,11708mW/8844mW,VDD_CPU_GPU_CV,5069mW/3179mW,VDD_SOC,3384mW/3000mW
07-25-2026,17:35:59,RAM,1597/7620MB,(lfb,121x4MB),SWAP,388/3810MB,(cached,2MB),CPU,[50%@1344,30%@1344,27%@1344,22%@1344,45%@1344,100%@1344],GR3D_FREQ,41%,cpu@53.125C,soc2@50.312C,soc0@50.718C,gpu@52.687C,tj@53.125C,soc1@50.937C,VDD_IN,11708mW/8855mW,VDD_CPU_GPU_CV,5069mW/3187mW,VDD_SOC,3384mW/3002mW
07-25-2026,17:35:59,RAM,1597/7620MB,(lfb,121x4MB),SWAP,388/3810MB,(cached,2MB),CPU,[36%@1344,36%@1344,18%@1344,45%@1344,40%@1344,100%@1344],GR3D_FREQ,50%,cpu@52.937C,soc2@50.375C,soc0@50.687C,gpu@53C,tj@53C,soc1@50.687C,VDD_IN,11708mW/8866mW,VDD_CPU_GPU_CV,5029mW/3194mW,VDD_SOC,3384mW/3003mW
07-25-2026,17:35:59,RAM,1597/7620MB,(lfb,121x4MB),SWAP,388/3810MB,(cached,2MB),CPU,[30%@1344,36%@1344,18%@1344,45%@1344,40%@1344,100%@1344],GR3D_FREQ,52%,cpu@53.062C,soc2@50.375C,soc0@50.968C,gpu@52.906C,tj@53.062C,soc1@50.812C,VDD_IN,11748mW/8877mW,VDD_CPU_GPU_CV,4990mW/3200mW,VDD_SOC,3345mW/3005mW
07-25-2026,17:35:59,RAM,1597/7620MB,(lfb,121x4MB),SWAP,388/3810MB,(cached,2MB),CPU,[30%@1344,40%@1344,20%@1344,44%@1344,50%@1344,100%@1344],GR3D_FREQ,42%,cpu@53.281C,soc2@50.5C,soc0@50.718C,gpu@52.812C,tj@53.281C,soc1@51.031C,VDD_IN,11748mW/8888mW,VDD_CPU_GPU_CV,5029mW/3207mW,VDD_SOC,3345mW/3006mW
07-25-2026,17:35:59,RAM,1597/7620MB,(lfb,121x4MB),SWAP,388/3810MB,(cached,2MB),CPU,[25%@1344,45%@1344,18%@1344,45%@1344,50%@1344,90%@1344],GR3D_FREQ,34%,cpu@52.843C,soc2@50.343C,soc0@50.812C,gpu@52.812C,tj@52.937C,soc1@50.75C,VDD_IN,11708mW/8898mW,VDD_CPU_GPU_CV,5029mW/3214mW,VDD_SOC,3345mW/3007mW
07-25-2026,17:35:59,RAM,1598/7620MB,(lfb,121x4MB),SWAP,388/3810MB,(cached,2MB),CPU,[22%@1344,40%@1344,33%@1344,45%@1344,33%@1344,100%@1344],GR3D_FREQ,49%,cpu@53.093C,soc2@50.468C,soc0@50.968C,gpu@52.687C,tj@53.093C,soc1@50.843C,VDD_IN,11708mW/8909mW,VDD_CPU_GPU_CV,5029mW/3221mW,VDD_SOC,3345mW/3008mW
07-25-2026,17:35:59,RAM,1598/7620MB,(lfb,121x4MB),SWAP,388/3810MB,(cached,2MB),CPU,[10%@1344,36%@1344,10%@1344,45%@1344,54%@1344,100%@1344],GR3D_FREQ,40%,cpu@53.218C,soc2@50.468C,soc0@50.718C,gpu@53.25C,tj@53.25C,soc1@50.937C,VDD_IN,11708mW/8919mW,VDD_CPU_GPU_CV,5029mW/3228mW,VDD_SOC,3345mW/3010mW
07-25-2026,17:36:00,RAM,1598/7620MB,(lfb,121x4MB),SWAP,388/3810MB,(cached,2MB),CPU,[50%@1344,40%@1344,20%@1344,20%@1344,36%@1344,100%@1344],GR3D_FREQ,43%,cpu@53.093C,soc2@50.468C,soc0@50.718C,gpu@53.093C,tj@53.093C,soc1@50.687C,VDD_IN,11708mW/8929mW,VDD_CPU_GPU_CV,5029mW/3234mW,VDD_SOC,3384mW/3011mW
07-25-2026,17:36:00,RAM,1598/7620MB,(lfb,121x4MB),SWAP,388/3810MB,(cached,2MB),CPU,[45%@1344,45%@1344,25%@1344,20%@1344,50%@1344,100%@1344],GR3D_FREQ,48%,cpu@53C,soc2@50.375C,soc0@50.906C,gpu@52.906C,tj@53C,soc1@50.75C,VDD_IN,11748mW/8940mW,VDD_CPU_GPU_CV,5029mW/3241mW,VDD_SOC,3345mW/3012mW
07-25-2026,17:36:00,RAM,1598/7620MB,(lfb,121x4MB),SWAP,388/3810MB,(cached,2MB),CPU,[45%@1344,55%@1344,18%@1344,20%@1344,45%@1344,100%@1344],GR3D_FREQ,53%,cpu@53.156C,soc2@50.468C,soc0@50.718C,gpu@53.187C,tj@53.187C,soc1@50.906C,VDD_IN,11708mW/8950mW,VDD_CPU_GPU_CV,5029mW/3248mW,VDD_SOC,3384mW/3014mW
07-25-2026,17:36:00,RAM,1598/7620MB,(lfb,121x4MB),SWAP,388/3810MB,(cached,2MB),CPU,[54%@1344,36%@1344,11%@1344,10%@1344,45%@1344,100%@1344],GR3D_FREQ,48%,cpu@53.437C,soc2@50.437C,soc0@50.75C,gpu@53.093C,tj@53.437C,soc1@51.125C,VDD_IN,11708mW/8960mW,VDD_CPU_GPU_CV,5029mW/3254mW,VDD_SOC,3345mW/3015mW
07-25-2026,17:36:00,RAM,1598/7620MB,(lfb,121x4MB),SWAP,388/3810MB,(cached,2MB),CPU,[40%@1344,54%@1344,20%@1344,27%@1344,22%@1344,90%@1344],GR3D_FREQ,37%,cpu@52.968C,soc2@50.468C,soc0@50.843C,gpu@53.031C,tj@53.031C,soc1@50.781C,VDD_IN,11708mW/8970mW,VDD_CPU_GPU_CV,5069mW/3261mW,VDD_SOC,3384mW/3016mW
07-25-2026,17:36:00,RAM,1598/7620MB,(lfb,121x4MB),SWAP,388/3810MB,(cached,2MB),CPU,[54%@1344,30%@1344,36%@1344,27%@1344,36%@1344,100%@1344],GR3D_FREQ,35%,cpu@53.187C,soc2@50.468C,soc0@50.875C,gpu@52.906C,tj@53.187C,soc1@50.937C,VDD_IN,11708mW/8980mW,VDD_CPU_GPU_CV,5069mW/3268mW,VDD_SOC,3384mW/3018mW
07-25-2026,17:36:00,RAM,1598/7620MB,(lfb,121x4MB),SWAP,388/3810MB,(cached,2MB),CPU,[45%@1344,50%@1344,33%@1344,27%@1344,25%@1344,100%@1344],GR3D_FREQ,47%,cpu@53.562C,soc2@50.437C,soc0@51.125C,gpu@52.812C,tj@53.562C,soc1@51C,VDD_IN,11708mW/8990mW,VDD_CPU_GPU_CV,5069mW/3274mW,VDD_SOC,3384mW/3019mW
07-25-2026,17:36:00,RAM,1599/7620MB,(lfb,121x4MB),SWAP,388/3810MB,(cached,2MB),CPU,[44%@1344,40%@1344,20%@1344,36%@1344,22%@1344,100%@1344],GR3D_FREQ,56%,cpu@53.125C,soc2@50.343C,soc0@50.812C,gpu@53.031C,tj@53.125C,soc1@50.812C,VDD_IN,11708mW/9000mW,VDD_CPU_GPU_CV,5069mW/3281mW,VDD_SOC,3384mW/3020mW
07-25-2026,17:36:00,RAM,1599/7620MB,(lfb,121x4MB),SWAP,388/3810MB,(cached,2MB),CPU,[45%@1344,27%@1344,30%@1344,36%@1344,36%@1344,100%@1344],GR3D_FREQ,48%,cpu@53.031C,soc2@50.468C,soc0@50.875C,gpu@52.906C,tj@53.031C,soc1@50.812C,VDD_IN,11708mW/9010mW,VDD_CPU_GPU_CV,5069mW/3287mW,VDD_SOC,3384mW/3022mW
07-25-2026,17:36:00,RAM,1599/7620MB,(lfb,121x4MB),SWAP,388/3810MB,(cached,2MB),CPU,[50%@1344,40%@1344,36%@1344,41%@1344,20%@1344,100%@1344],GR3D_FREQ,41%,cpu@53.062C,soc2@50.468C,soc0@51C,gpu@52.843C,tj@53.343C,soc1@50.906C,VDD_IN,11630mW/9019mW,VDD_CPU_GPU_CV,5069mW/3293mW,VDD_SOC,3384mW/3023mW
07-25-2026,17:36:01,RAM,1599/7620MB,(lfb,121x4MB),SWAP,388/3810MB,(cached,2MB),CPU,[45%@1344,41%@1344,10%@1344,20%@1344,36%@1344,90%@1344],GR3D_FREQ,41%,cpu@53.375C,soc2@50.562C,soc0@50.75C,gpu@53.437C,tj@53.437C,soc1@51.156C,VDD_IN,11630mW/9029mW,VDD_CPU_GPU_CV,5069mW/3300mW,VDD_SOC,3384mW/3024mW
07-25-2026,17:36:01,RAM,1599/7620MB,(lfb,121x4MB),SWAP,388/3810MB,(cached,2MB),CPU,[72%@1344,60%@1344,36%@1344,36%@1344,75%@1344,100%@1344],GR3D_FREQ,46%,cpu@53.5C,soc2@50.468C,soc0@50.875C,gpu@52.875C,tj@53.5C,soc1@51.093C,VDD_IN,11748mW/9038mW,VDD_CPU_GPU_CV,5069mW/3306mW,VDD_SOC,3424mW/3026mW
07-25-2026,17:36:01,RAM,1599/7620MB,(lfb,121x4MB),SWAP,388/3810MB,(cached,2MB),CPU,[70%@1344,63%@1344,30%@1344,40%@1344,63%@1344,100%@1344],GR3D_FREQ,54%,cpu@53.312C,soc2@50.531C,soc0@50.937C,gpu@52.781C,tj@53.312C,soc1@50.843C,VDD_IN,11787mW/9048mW,VDD_CPU_GPU_CV,5069mW/3312mW,VDD_SOC,3424mW/3027mW
07-25-2026,17:36:01,RAM,1600/7620MB,(lfb,121x4MB),SWAP,388/3810MB,(cached,2MB),CPU,[81%@1344,60%@1344,27%@1344,41%@1344,70%@1344,100%@1344],GR3D_FREQ,47%,cpu@53.656C,soc2@50.593C,soc0@51.093C,gpu@53.218C,tj@53.656C,soc1@51C,VDD_IN,11827mW/9058mW,VDD_CPU_GPU_CV,5069mW/3319mW,VDD_SOC,3463mW/3028mW
07-25-2026,17:36:01,RAM,1600/7620MB,(lfb,121x4MB),SWAP,388/3810MB,(cached,2MB),CPU,[72%@1344,70%@1344,30%@1344,36%@1344,60%@1344,100%@1344],GR3D_FREQ,36%,cpu@53.687C,soc2@50.656C,soc0@50.812C,gpu@53.156C,tj@53.687C,soc1@51.125C,VDD_IN,11866mW/9068mW,VDD_CPU_GPU_CV,5029mW/3325mW,VDD_SOC,3463mW/3030mW
07-25-2026,17:36:01,RAM,1600/7620MB,(lfb,121x4MB),SWAP,388/3810MB,(cached,2MB),CPU,[72%@1344,36%@1344,30%@1344,20%@1344,27%@1344,100%@1344],GR3D_FREQ,32%,cpu@53.687C,soc2@50.531C,soc0@50.937C,gpu@53C,tj@53.687C,soc1@50.968C,VDD_IN,11748mW/9077mW,VDD_CPU_GPU_CV,4912mW/3330mW,VDD_SOC,3463mW/3032mW
07-25-2026,17:36:01,RAM,1600/7620MB,(lfb,121x4MB),SWAP,388/3810MB,(cached,2MB),CPU,[27%@1344,9%@1344,9%@1344,9%@1344,0%@1344,100%@1344],GR3D_FREQ,33%,cpu@53.25C,soc2@50.468C,soc0@51.031C,gpu@53.156C,tj@53.25C,soc1@51C,VDD_IN,11451mW/9086mW,VDD_CPU_GPU_CV,4715mW/3335mW,VDD_SOC,3424mW/3033mW
07-25-2026,17:36:01,RAM,1548/7620MB,(lfb,121x4MB),SWAP,388/3810MB,(cached,2MB),CPU,[10%@1344,0%@1344,0%@1344,0%@1344,27%@1344,100%@1344],GR3D_FREQ,0%,cpu@52.937C,soc2@50.5C,soc0@51.093C,gpu@52.687C,tj@52.937C,soc1@51.093C,VDD_IN,10780mW/9092mW,VDD_CPU_GPU_CV,4290mW/3338mW,VDD_SOC,3311mW/3034mW
07-25-2026,17:36:01,RAM,915/7620MB,(lfb,120x4MB),SWAP,388/3810MB,(cached,2MB),CPU,[0%@1344,81%@1344,0%@1344,0%@1344,0%@1344,20%@1344],GR3D_FREQ,0%,cpu@52.906C,soc2@50.562C,soc0@50.937C,gpu@52.375C,tj@52.906C,soc1@51.187C,VDD_IN,9808mW/9094mW,VDD_CPU_GPU_CV,3745mW/3340mW,VDD_SOC,3119mW/3034mW
07-25-2026,17:36:02,RAM,915/7620MB,(lfb,120x4MB),SWAP,388/3810MB,(cached,2MB),CPU,[9%@1344,27%@1344,16%@1344,18%@1344,0%@1344,18%@1344],GR3D_FREQ,0%,cpu@52.781C,soc2@50.343C,soc0@51C,gpu@52.187C,tj@52.406C,soc1@50.875C,VDD_IN,8978mW/9094mW,VDD_CPU_GPU_CV,3232mW/3339mW,VDD_SOC,2961mW/3034mW
07-25-2026,17:36:02,RAM,915/7620MB,(lfb,120x4MB),SWAP,388/3810MB,(cached,2MB),CPU,[0%@1344,0%@1344,0%@1344,0%@1344,9%@1344,0%@1344],GR3D_FREQ,0%,cpu@52.343C,soc2@50.343C,soc0@51.031C,gpu@52.343C,tj@52.343C,soc1@51C,VDD_IN,8226mW/9091mW,VDD_CPU_GPU_CV,2843mW/3338mW,VDD_SOC,2847mW/3033mW
07-25-2026,17:36:02,RAM,915/7620MB,(lfb,120x4MB),SWAP,388/3810MB,(cached,2MB),CPU,[0%@1344,0%@1344,0%@1344,0%@1344,0%@1344,0%@1344],GR3D_FREQ,0%,cpu@52.218C,soc2@50.312C,soc0@51.156C,gpu@52.187C,tj@52.218C,soc1@50.968C,VDD_IN,7685mW/9086mW,VDD_CPU_GPU_CV,2487mW/3335mW,VDD_SOC,2729mW/3032mW
07-25-2026,17:36:02,RAM,915/7620MB,(lfb,120x4MB),SWAP,388/3810MB,(cached,2MB),CPU,[0%@1344,0%@1344,0%@1344,0%@1344,0%@1344,0%@1344],GR3D_FREQ,0%,cpu@52.375C,soc2@50.375C,soc0@50.937C,gpu@52.156C,tj@52.375C,soc1@51.093C,VDD_IN,7210mW/9079mW,VDD_CPU_GPU_CV,2214mW/3331mW,VDD_SOC,2649mW/3031mW
07-25-2026,17:36:02,RAM,915/7620MB,(lfb,120x4MB),SWAP,388/3810MB,(cached,2MB),CPU,[0%@1344,0%@1344,0%@1344,0%@1344,0%@1344,0%@1344],GR3D_FREQ,0%,cpu@52.406C,soc2@50.312C,soc0@50.812C,gpu@52.25C,tj@52.406C,soc1@51.312C,VDD_IN,6853mW/9072mW,VDD_CPU_GPU_CV,2017mW/3326mW,VDD_SOC,2610mW/3029mW
07-25-2026,17:36:02,RAM,915/7620MB,(lfb,120x4MB),SWAP,388/3810MB,(cached,2MB),CPU,[0%@1344,0%@1344,0%@1344,0%@1344,8%@1344,0%@1344],GR3D_FREQ,0%,cpu@52.156C,soc2@50.156C,soc0@50.906C,gpu@52.125C,tj@52.156C,soc1@50.875C,VDD_IN,6576mW/9063mW,VDD_CPU_GPU_CV,1858mW/3321mW,VDD_SOC,2531mW/3028mW
07-25-2026,17:36:02,RAM,915/7620MB,(lfb,120x4MB),SWAP,388/3810MB,(cached,2MB),CPU,[9%@1344,0%@1344,0%@1344,0%@1344,0%@1344,0%@1344],GR3D_FREQ,0%,cpu@52.093C,soc2@50.187C,soc0@50.843C,gpu@52.031C,tj@52.093C,soc1@51.031C,VDD_IN,6338mW/9054mW,VDD_CPU_GPU_CV,1740mW/3316mW,VDD_SOC,2531mW/3026mW
07-25-2026,17:36:02,RAM,915/7620MB,(lfb,120x4MB),SWAP,388/3810MB,(cached,2MB),CPU,[0%@1344,0%@1344,0%@1344,0%@1344,0%@1344,0%@1344],GR3D_FREQ,0%,cpu@52.187C,soc2@50.218C,soc0@50.812C,gpu@52.093C,tj@52.187C,soc1@51.062C,VDD_IN,6180mW/9044mW,VDD_CPU_GPU_CV,1621mW/3310mW,VDD_SOC,2495mW/3024mW
07-25-2026,17:36:02,RAM,915/7620MB,(lfb,120x4MB),SWAP,388/3810MB,(cached,2MB),CPU,[0%@1344,0%@1344,0%@1344,0%@1344,0%@1344,0%@1344],GR3D_FREQ,0%,cpu@52.25C,soc2@50.093C,soc0@50.843C,gpu@52C,tj@52.25C,soc1@51.093C,VDD_IN,6031mW/9034mW,VDD_CPU_GPU_CV,1582mW/3305mW,VDD_SOC,2456mW/3022mW
07-25-2026,17:36:02,RAM,915/7620MB,(lfb,120x4MB),SWAP,388/3810MB,(cached,2MB),CPU,[0%@1344,0%@1344,0%@1344,0%@1344,0%@1344,0%@1344],GR3D_FREQ,0%,cpu@52.375C,soc2@50.031C,soc0@50.875C,gpu@52.187C,tj@52.187C,soc1@50.937C,VDD_IN,5952mW/9024mW,VDD_CPU_GPU_CV,1502mW/3298mW,VDD_SOC,2456mW/3020mW
07-25-2026,17:36:03,RAM,915/7620MB,(lfb,120x4MB),SWAP,388/3810MB,(cached,2MB),CPU,[0%@1344,0%@1344,0%@1344,0%@1344,0%@1344,0%@1344],GR3D_FREQ,0%,cpu@51.968C,soc2@50.093C,soc0@50.875C,gpu@52.093C,tj@52.093C,soc1@51C,VDD_IN,5872mW/9013mW,VDD_CPU_GPU_CV,1463mW/3292mW,VDD_SOC,2416mW/3018mW
07-25-2026,17:36:03,RAM,915/7620MB,(lfb,120x4MB),SWAP,388/3810MB,(cached,2MB),CPU,[0%@1344,0%@1344,0%@1344,0%@1344,0%@1344,9%@1344],GR3D_FREQ,0%,cpu@52C,soc2@50.031C,soc0@50.718C,gpu@51.875C,tj@52C,soc1@50.906C,VDD_IN,5832mW/9002mW,VDD_CPU_GPU_CV,1426mW/3286mW,VDD_SOC,2416mW/3016mW
07-25-2026,17:36:03,RAM,915/7620MB,(lfb,120x4MB),SWAP,388/3810MB,(cached,2MB),CPU,[0%@1344,0%@1344,0%@1344,0%@1344,0%@1344,0%@1344],GR3D_FREQ,0%,cpu@52.187C,soc2@50.093C,soc0@50.781C,gpu@52.187C,tj@52.187C,soc1@51.156C,VDD_IN,5753mW/8992mW,VDD_CPU_GPU_CV,1386mW/3280mW,VDD_SOC,2416mW/3014mW
07-25-2026,17:36:03,RAM,915/7620MB,(lfb,120x4MB),SWAP,388/3810MB,(cached,2MB),CPU,[0%@1344,0%@1344,0%@1344,0%@1344,0%@1344,0%@1344],GR3D_FREQ,0%,cpu@52.218C,soc2@50.062C,soc0@50.812C,gpu@52C,tj@52.218C,soc1@51.187C,VDD_IN,5713mW/8981mW,VDD_CPU_GPU_CV,1386mW/3273mW,VDD_SOC,2416mW/3012mW
07-25-2026,17:36:03,RAM,915/7620MB,(lfb,120x4MB),SWAP,388/3810MB,(cached,2MB),CPU,[0%@1344,0%@1344,0%@1344,0%@1344,0%@1344,0%@1344],GR3D_FREQ,0%,cpu@51.937C,soc2@49.968C,soc0@50.843C,gpu@51.843C,tj@51.937C,soc1@50.875C,VDD_IN,5674mW/8970mW,VDD_CPU_GPU_CV,1346mW/3267mW,VDD_SOC,2416mW/3010mW
07-25-2026,17:36:03,RAM,915/7620MB,(lfb,120x4MB),SWAP,388/3810MB,(cached,2MB),CPU,[0%@1344,0%@1344,0%@1344,0%@1344,0%@1344,0%@1344],GR3D_FREQ,0%,cpu@51.937C,soc2@49.968C,soc0@50.906C,gpu@52.031C,tj@52.031C,soc1@50.937C,VDD_IN,5674mW/8959mW,VDD_CPU_GPU_CV,1346mW/3261mW,VDD_SOC,2416mW/3009mW
07-25-2026,17:36:03,RAM,915/7620MB,(lfb,120x4MB),SWAP,388/3810MB,(cached,2MB),CPU,[0%@1344,0%@1344,0%@1344,0%@1344,0%@1344,0%@1344],GR3D_FREQ,0%,cpu@51.968C,soc2@50.218C,soc0@50.718C,gpu@51.968C,tj@51.968C,soc1@50.906C,VDD_IN,5634mW/8948mW,VDD_CPU_GPU_CV,1346mW/3254mW,VDD_SOC,2376mW/3006mW
07-25-2026,17:36:03,RAM,915/7620MB,(lfb,120x4MB),SWAP,388/3810MB,(cached,2MB),CPU,[8%@1344,0%@1344,0%@1344,0%@1344,0%@1344,0%@1344],GR3D_FREQ,0%,cpu@52.187C,soc2@50.062C,soc0@50.718C,gpu@51.812C,tj@52.187C,soc1@51.093C,VDD_IN,5634mW/8937mW,VDD_CPU_GPU_CV,1346mW/3248mW,VDD_SOC,2376mW/3004mW
07-25-2026,17:36:03,RAM,915/7620MB,(lfb,120x4MB),SWAP,388/3810MB,(cached,2MB),CPU,[0%@1344,0%@1344,0%@1344,0%@1344,9%@1344,0%@1344],GR3D_FREQ,0%,cpu@52.25C,soc2@50C,soc0@50.75C,gpu@51.968C,tj@51.968C,soc1@50.875C,VDD_IN,5634mW/8926mW,VDD_CPU_GPU_CV,1307mW/3242mW,VDD_SOC,2376mW/3002mW
07-25-2026,17:36:04,RAM,915/7620MB,(lfb,120x4MB),SWAP,388/3810MB,(cached,2MB),CPU,[0%@1344,0%@1344,0%@1344,0%@1344,0%@1344,0%@1344],GR3D_FREQ,0%,cpu@51.875C,soc2@49.937C,soc0@50.843C,gpu@51.843C,tj@51.875C,soc1@50.875C,VDD_IN,5634mW/8916mW,VDD_CPU_GPU_CV,1307mW/3236mW,VDD_SOC,2376mW/3000mW
07-25-2026,17:36:04,RAM,916/7620MB,(lfb,120x4MB),SWAP,388/3810MB,(cached,2MB),CPU,[0%@1344,0%@1344,9%@1344,0%@1344,0%@1344,0%@1344],GR3D_FREQ,0%,cpu@51.968C,soc2@49.968C,soc0@50.75C,gpu@52C,tj@51.968C,soc1@50.875C,VDD_IN,5634mW/8905mW,VDD_CPU_GPU_CV,1307mW/3229mW,VDD_SOC,2376mW/2998mW
07-25-2026,17:36:04,RAM,916/7620MB,(lfb,120x4MB),SWAP,388/3810MB,(cached,2MB),CPU,[0%@1344,0%@1344,0%@1344,0%@1344,9%@1344,0%@1344],GR3D_FREQ,0%,cpu@52.093C,soc2@50.031C,soc0@50.656C,gpu@51.906C,tj@52.093C,soc1@50.968C,VDD_IN,5634mW/8894mW,VDD_CPU_GPU_CV,1307mW/3223mW,VDD_SOC,2376mW/2996mW
07-25-2026,17:36:04,RAM,916/7620MB,(lfb,120x4MB),SWAP,388/3810MB,(cached,2MB),CPU,[0%@1344,0%@1344,0%@1344,0%@1344,0%@1344,0%@1344],GR3D_FREQ,0%,cpu@52.156C,soc2@49.843C,soc0@50.75C,gpu@51.687C,tj@52.156C,soc1@50.687C,VDD_IN,5594mW/8884mW,VDD_CPU_GPU_CV,1307mW/3217mW,VDD_SOC,2376mW/2994mW
07-25-2026,17:36:04,RAM,916/7620MB,(lfb,120x4MB),SWAP,388/3810MB,(cached,2MB),CPU,[0%@1344,0%@1344,0%@1344,0%@1344,0%@1344,0%@1344],GR3D_FREQ,0%,cpu@51.687C,soc2@49.906C,soc0@50.875C,gpu@51.968C,tj@51.968C,soc1@50.812C,VDD_IN,5594mW/8873mW,VDD_CPU_GPU_CV,1307mW/3211mW,VDD_SOC,2376mW/2992mW
07-25-2026,17:36:04,RAM,916/7620MB,(lfb,120x4MB),SWAP,388/3810MB,(cached,2MB),CPU,[0%@1344,0%@1344,0%@1344,0%@1344,0%@1344,0%@1344],GR3D_FREQ,0%,cpu@51.906C,soc2@49.968C,soc0@50.781C,gpu@51.843C,tj@51.906C,soc1@50.843C,VDD_IN,5594mW/8863mW,VDD_CPU_GPU_CV,1307mW/3205mW,VDD_SOC,2376mW/2990mW
07-25-2026,17:36:04,RAM,916/7620MB,(lfb,120x4MB),SWAP,388/3810MB,(cached,2MB),CPU,[0%@1344,0%@1344,0%@1344,0%@1344,0%@1344,0%@1344],GR3D_FREQ,0%,cpu@51.937C,soc2@49.937C,soc0@50.656C,gpu@51.687C,tj@51.937C,soc1@50.875C,VDD_IN,5594mW/8852mW,VDD_CPU_GPU_CV,1307mW/3199mW,VDD_SOC,2376mW/2988mW
07-25-2026,17:36:04,RAM,916/7620MB,(lfb,120x4MB),SWAP,388/3810MB,(cached,2MB),CPU,[0%@1344,0%@1344,0%@1344,0%@1344,0%@1344,0%@1344],GR3D_FREQ,0%,cpu@52C,soc2@49.968C,soc0@50.656C,gpu@51.968C,tj@52C,soc1@51.031C,VDD_IN,5594mW/8842mW,VDD_CPU_GPU_CV,1307mW/3193mW,VDD_SOC,2376mW/2986mW
07-25-2026,17:36:04,RAM,916/7620MB,(lfb,120x4MB),SWAP,388/3810MB,(cached,2MB),CPU,[0%@1344,0%@1344,0%@1344,0%@1344,0%@1344,0%@1344],GR3D_FREQ,0%,cpu@51.75C,soc2@49.843C,soc0@50.687C,gpu@51.812C,tj@51.875C,soc1@50.718C,VDD_IN,5594mW/8831mW,VDD_CPU_GPU_CV,1307mW/3187mW,VDD_SOC,2376mW/2984mW
07-25-2026,17:36:04,RAM,916/7620MB,(lfb,120x4MB),SWAP,388/3810MB,(cached,2MB),CPU,[0%@1344,0%@1344,0%@1344,0%@1344,0%@1344,0%@1344],GR3D_FREQ,0%,cpu@51.75C,soc2@49.968C,soc0@50.843C,gpu@51.75C,tj@51.781C,soc1@50.843C,VDD_IN,5594mW/8821mW,VDD_CPU_GPU_CV,1307mW/3181mW,VDD_SOC,2376mW/2982mW
07-25-2026,17:36:05,RAM,916/7620MB,(lfb,120x4MB),SWAP,388/3810MB,(cached,2MB),CPU,[0%@1344,0%@1344,0%@1344,0%@1344,0%@1344,0%@1344],GR3D_FREQ,0%,cpu@51.937C,soc2@49.843C,soc0@50.875C,gpu@51.906C,tj@51.937C,soc1@50.875C,VDD_IN,5594mW/8811mW,VDD_CPU_GPU_CV,1307mW/3175mW,VDD_SOC,2376mW/2981mW
07-25-2026,17:36:05,RAM,916/7620MB,(lfb,120x4MB),SWAP,388/3810MB,(cached,2MB),CPU,[0%@1344,0%@1344,0%@1344,8%@1344,9%@1344,0%@1344],GR3D_FREQ,0%,cpu@51.937C,soc2@49.968C,soc0@50.625C,gpu@51.687C,tj@51.937C,soc1@51C,VDD_IN,5634mW/8801mW,VDD_CPU_GPU_CV,1307mW/3169mW,VDD_SOC,2376mW/2979mW
07-25-2026,17:36:05,RAM,916/7620MB,(lfb,120x4MB),SWAP,388/3810MB,(cached,2MB),CPU,[0%@1344,0%@1344,0%@1344,0%@1344,0%@1344,0%@1344],GR3D_FREQ,0%,cpu@52.156C,soc2@49.875C,soc0@50.687C,gpu@52.093C,tj@52.156C,soc1@50.75C,VDD_IN,5594mW/8791mW,VDD_CPU_GPU_CV,1307mW/3163mW,VDD_SOC,2376mW/2977mW
07-25-2026,17:36:05,RAM,916/7620MB,(lfb,120x4MB),SWAP,388/3810MB,(cached,2MB),CPU,[0%@1344,0%@1344,0%@1344,0%@1344,0%@1344,0%@1344],GR3D_FREQ,0%,cpu@51.875C,soc2@49.906C,soc0@50.75C,gpu@51.843C,tj@51.875C,soc1@50.687C,VDD_IN,5594mW/8781mW,VDD_CPU_GPU_CV,1307mW/3157mW,VDD_SOC,2376mW/2975mW
07-25-2026,17:36:05,RAM,916/7620MB,(lfb,120x4MB),SWAP,388/3810MB,(cached,2MB),CPU,[0%@1344,0%@1344,0%@1344,0%@1344,0%@1344,0%@1344],GR3D_FREQ,0%,cpu@51.843C,soc2@49.843C,soc0@50.875C,gpu@51.656C,tj@51.843C,soc1@50.781C,VDD_IN,5594mW/8771mW,VDD_CPU_GPU_CV,1307mW/3151mW,VDD_SOC,2376mW/2973mW
07-25-2026,17:36:05,RAM,916/7620MB,(lfb,120x4MB),SWAP,388/3810MB,(cached,2MB),CPU,[8%@1344,0%@1344,0%@1344,0%@1344,0%@1344,0%@1344],GR3D_FREQ,0%,cpu@51.937C,soc2@49.875C,soc0@50.625C,gpu@51.968C,tj@51.968C,soc1@50.906C,VDD_IN,5594mW/8761mW,VDD_CPU_GPU_CV,1307mW/3146mW,VDD_SOC,2376mW/2971mW
07-25-2026,17:36:05,RAM,916/7620MB,(lfb,120x4MB),SWAP,388/3810MB,(cached,2MB),CPU,[0%@1344,0%@1344,0%@1344,0%@1344,0%@1344,0%@1344],GR3D_FREQ,0%,cpu@51.937C,soc2@49.75C,soc0@50.593C,gpu@51.718C,tj@51.937C,soc1@51.062C,VDD_IN,5594mW/8751mW,VDD_CPU_GPU_CV,1307mW/3140mW,VDD_SOC,2376mW/2969mW
07-25-2026,17:36:05,RAM,916/7620MB,(lfb,120x4MB),SWAP,388/3810MB,(cached,2MB),CPU,[0%@1344,0%@1344,0%@1344,0%@1344,0%@1344,0%@1344],GR3D_FREQ,0%,cpu@51.593C,soc2@49.812C,soc0@50.625C,gpu@51.75C,tj@51.781C,soc1@50.781C,VDD_IN,5594mW/8742mW,VDD_CPU_GPU_CV,1307mW/3134mW,VDD_SOC,2376mW/2968mW
07-25-2026,17:36:05,RAM,916/7620MB,(lfb,120x4MB),SWAP,388/3810MB,(cached,2MB),CPU,[0%@1344,0%@1344,0%@1344,0%@1344,9%@1344,0%@1344],GR3D_FREQ,0%,cpu@51.812C,soc2@49.812C,soc0@50.75C,gpu@51.937C,tj@51.937C,soc1@50.75C,VDD_IN,5594mW/8732mW,VDD_CPU_GPU_CV,1307mW/3129mW,VDD_SOC,2376mW/2966mW
07-25-2026,17:36:06,RAM,916/7620MB,(lfb,120x4MB),SWAP,388/3810MB,(cached,2MB),CPU,[0%@1344,0%@1344,0%@1344,0%@1344,0%@1344,0%@1344],GR3D_FREQ,0%,cpu@51.906C,soc2@49.906C,soc0@50.906C,gpu@51.718C,tj@51.906C,soc1@50.781C,VDD_IN,5594mW/8722mW,VDD_CPU_GPU_CV,1307mW/3123mW,VDD_SOC,2376mW/2964mW
07-25-2026,17:36:06,RAM,916/7620MB,(lfb,120x4MB),SWAP,388/3810MB,(cached,2MB),CPU,[0%@1344,0%@1344,0%@1344,0%@1344,0%@1344,0%@1344],GR3D_FREQ,0%,cpu@51.937C,soc2@49.906C,soc0@50.531C,gpu@51.656C,tj@51.937C,soc1@51.125C,VDD_IN,5594mW/8713mW,VDD_CPU_GPU_CV,1307mW/3118mW,VDD_SOC,2376mW/2962mW
07-25-2026,17:36:06,RAM,916/7620MB,(lfb,120x4MB),SWAP,388/3810MB,(cached,2MB),CPU,[0%@1344,0%@1344,0%@1344,0%@1344,9%@1344,0%@1344],GR3D_FREQ,0%,cpu@52.156C,soc2@49.781C,soc0@50.687C,gpu@51.781C,tj@52.156C,soc1@50.687C,VDD_IN,5594mW/8703mW,VDD_CPU_GPU_CV,1307mW/3112mW,VDD_SOC,2376mW/2960mW
07-25-2026,17:36:06,RAM,916/7620MB,(lfb,120x4MB),SWAP,388/3810MB,(cached,2MB),CPU,[0%@1344,0%@1344,0%@1344,0%@1344,8%@1344,0%@1344],GR3D_FREQ,0%,cpu@51.687C,soc2@49.812C,soc0@50.625C,gpu@51.687C,tj@51.687C,soc1@50.781C,VDD_IN,5594mW/8694mW,VDD_CPU_GPU_CV,1307mW/3107mW,VDD_SOC,2376mW/2959mW
07-25-2026,17:36:06,RAM,916/7620MB,(lfb,120x4MB),SWAP,388/3810MB,(cached,2MB),CPU,[0%@1344,0%@1344,0%@1344,0%@1344,0%@1344,0%@1344],GR3D_FREQ,0%,cpu@51.781C,soc2@49.875C,soc0@50.781C,gpu@51.656C,tj@51.781C,soc1@50.75C,VDD_IN,5594mW/8684mW,VDD_CPU_GPU_CV,1307mW/3101mW,VDD_SOC,2376mW/2957mW
07-25-2026,17:36:06,RAM,916/7620MB,(lfb,120x4MB),SWAP,388/3810MB,(cached,2MB),CPU,[0%@1344,0%@1344,0%@1344,0%@1344,0%@1344,0%@1344],GR3D_FREQ,0%,cpu@51.906C,soc2@49.843C,soc0@50.625C,gpu@51.843C,tj@51.906C,soc1@50.875C,VDD_IN,5594mW/8675mW,VDD_CPU_GPU_CV,1307mW/3096mW,VDD_SOC,2376mW/2955mW
07-25-2026,17:36:06,RAM,916/7620MB,(lfb,120x4MB),SWAP,388/3810MB,(cached,2MB),CPU,[0%@1344,0%@1344,0%@1344,0%@1344,0%@1344,0%@1344],GR3D_FREQ,0%,cpu@52.062C,soc2@49.781C,soc0@50.625C,gpu@51.718C,tj@52.062C,soc1@50.687C,VDD_IN,5594mW/8666mW,VDD_CPU_GPU_CV,1307mW/3090mW,VDD_SOC,2376mW/2953mW
07-25-2026,17:36:06,RAM,916/7620MB,(lfb,120x4MB),SWAP,388/3810MB,(cached,2MB),CPU,[0%@1344,0%@1344,0%@1344,0%@1344,0%@1344,0%@1344],GR3D_FREQ,0%,cpu@51.593C,soc2@49.812C,soc0@50.593C,gpu@51.968C,tj@51.968C,soc1@50.718C,VDD_IN,5594mW/8657mW,VDD_CPU_GPU_CV,1307mW/3085mW,VDD_SOC,2376mW/2952mW
07-25-2026,17:36:06,RAM,916/7620MB,(lfb,120x4MB),SWAP,388/3810MB,(cached,2MB),CPU,[0%@1344,0%@1344,0%@1344,0%@1344,0%@1344,0%@1344],GR3D_FREQ,0%,cpu@51.75C,soc2@49.781C,soc0@50.75C,gpu@51.687C,tj@51.75C,soc1@50.718C,VDD_IN,5594mW/8647mW,VDD_CPU_GPU_CV,1307mW/3080mW,VDD_SOC,2376mW/2950mW
07-25-2026,17:36:06,RAM,916/7620MB,(lfb,120x4MB),SWAP,388/3810MB,(cached,2MB),CPU,[0%@1344,0%@1344,0%@1344,0%@1344,0%@1344,0%@1344],GR3D_FREQ,0%,cpu@51.843C,soc2@49.812C,soc0@50.812C,gpu@51.656C,tj@51.843C,soc1@50.812C,VDD_IN,5594mW/8638mW,VDD_CPU_GPU_CV,1307mW/3074mW,VDD_SOC,2376mW/2948mW
07-25-2026,17:36:07,RAM,916/7620MB,(lfb,120x4MB),SWAP,388/3810MB,(cached,2MB),CPU,[0%@1344,0%@1344,0%@1344,0%@1344,0%@1344,0%@1344],GR3D_FREQ,0%,cpu@51.937C,soc2@49.906C,soc0@50.656C,gpu@51.937C,tj@51.937C,soc1@50.968C,VDD_IN,5594mW/8629mW,VDD_CPU_GPU_CV,1307mW/3069mW,VDD_SOC,2376mW/2946mW
07-25-2026,17:36:07,RAM,917/7620MB,(lfb,120x4MB),SWAP,388/3810MB,(cached,2MB),CPU,[0%@1344,0%@1344,0%@1344,0%@1344,9%@1344,9%@1344],GR3D_FREQ,0%,cpu@51.656C,soc2@49.781C,soc0@50.625C,gpu@51.687C,tj@51.687C,soc1@50.687C,VDD_IN,5594mW/8620mW,VDD_CPU_GPU_CV,1307mW/3064mW,VDD_SOC,2376mW/2945mW
07-25-2026,17:36:07,RAM,917/7620MB,(lfb,120x4MB),SWAP,388/3810MB,(cached,2MB),CPU,[0%@1344,0%@1344,0%@1344,0%@1344,0%@1344,0%@1344],GR3D_FREQ,0%,cpu@51.75C,soc2@49.812C,soc0@50.687C,gpu@51.593C,tj@51.75C,soc1@50.687C,VDD_IN,5594mW/8611mW,VDD_CPU_GPU_CV,1307mW/3059mW,VDD_SOC,2376mW/2943mW
07-25-2026,17:36:07,RAM,917/7620MB,(lfb,120x4MB),SWAP,388/3810MB,(cached,2MB),CPU,[0%@1344,0%@1344,0%@1344,0%@1344,0%@1344,0%@1344],GR3D_FREQ,0%,cpu@51.718C,soc2@49.812C,soc0@50.75C,gpu@51.968C,tj@51.968C,soc1@50.687C,VDD_IN,5594mW/8602mW,VDD_CPU_GPU_CV,1307mW/3053mW,VDD_SOC,2376mW/2941mW
07-25-2026,17:36:07,RAM,917/7620MB,(lfb,120x4MB),SWAP,388/3810MB,(cached,2MB),CPU,[0%@1344,0%@1344,0%@1344,0%@1344,0%@1344,0%@1344],GR3D_FREQ,0%,cpu@51.875C,soc2@49.843C,soc0@50.625C,gpu@51.687C,tj@51.875C,soc1@50.843C,VDD_IN,5594mW/8594mW,VDD_CPU_GPU_CV,1307mW/3048mW,VDD_SOC,2376mW/2940mW
07-25-2026,17:36:07,RAM,917/7620MB,(lfb,120x4MB),SWAP,388/3810MB,(cached,2MB),CPU,[0%@1344,0%@1344,0%@1344,0%@1344,8%@1344,0%@1344],GR3D_FREQ,0%,cpu@51.937C,soc2@49.75C,soc0@50.562C,gpu@51.593C,tj@51.937C,soc1@50.625C,VDD_IN,5594mW/8585mW,VDD_CPU_GPU_CV,1307mW/3043mW,VDD_SOC,2376mW/2938mW
07-25-2026,17:36:07,RAM,917/7620MB,(lfb,120x4MB),SWAP,388/3810MB,(cached,2MB),CPU,[0%@1344,0%@1344,0%@1344,0%@1344,0%@1344,0%@1344],GR3D_FREQ,0%,cpu@51.562C,soc2@49.656C,soc0@50.593C,gpu@51.75C,tj@51.75C,soc1@50.75C,VDD_IN,5594mW/8576mW,VDD_CPU_GPU_CV,1307mW/3038mW,VDD_SOC,2376mW/2936mW
07-25-2026,17:36:07,RAM,917/7620MB,(lfb,120x4MB),SWAP,388/3810MB,(cached,2MB),CPU,[0%@1344,0%@1344,0%@1344,0%@1344,9%@1344,0%@1344],GR3D_FREQ,0%,cpu@51.781C,soc2@49.718C,soc0@50.781C,gpu@51.656C,tj@51.781C,soc1@50.781C,VDD_IN,5594mW/8567mW,VDD_CPU_GPU_CV,1307mW/3033mW,VDD_SOC,2376mW/2935mW
07-25-2026,17:36:07,RAM,917/7620MB,(lfb,120x4MB),SWAP,388/3810MB,(cached,2MB),CPU,[0%@1344,0%@1344,0%@1344,0%@1344,0%@1344,0%@1344],GR3D_FREQ,0%,cpu@51.812C,soc2@49.75C,soc0@50.781C,gpu@52.093C,tj@52.093C,soc1@50.875C,VDD_IN,5594mW/8559mW,VDD_CPU_GPU_CV,1307mW/3028mW,VDD_SOC,2376mW/2933mW
07-25-2026,17:36:08,RAM,917/7620MB,(lfb,120x4MB),SWAP,388/3810MB,(cached,2MB),CPU,[0%@1344,0%@1344,0%@1344,0%@1344,0%@1344,0%@1344],GR3D_FREQ,0%,cpu@51.875C,soc2@49.843C,soc0@50.625C,gpu@51.875C,tj@51.875C,soc1@51C,VDD_IN,5594mW/8550mW,VDD_CPU_GPU_CV,1307mW/3023mW,VDD_SOC,2376mW/2932mW
07-25-2026,17:36:08,RAM,917/7620MB,(lfb,120x4MB),SWAP,388/3810MB,(cached,2MB),CPU,[0%@1344,0%@1344,0%@1344,0%@1344,0%@1344,0%@1344],GR3D_FREQ,0%,cpu@51.5C,soc2@49.656C,soc0@50.656C,gpu@51.656C,tj@51.656C,soc1@50.656C,VDD_IN,5594mW/8542mW,VDD_CPU_GPU_CV,1307mW/3018mW,VDD_SOC,2376mW/2930mW
07-25-2026,17:36:08,RAM,916/7620MB,(lfb,120x4MB),SWAP,388/3810MB,(cached,2MB),CPU,[9%@1344,0%@1344,0%@1344,0%@1344,0%@1344,0%@1344],GR3D_FREQ,0%,cpu@51.75C,soc2@49.718C,soc0@50.656C,gpu@51.968C,tj@51.968C,soc1@50.687C,VDD_IN,5594mW/8533mW,VDD_CPU_GPU_CV,1307mW/3013mW,VDD_SOC,2376mW/2928mW
07-25-2026,17:36:08,RAM,916/7620MB,(lfb,120x4MB),SWAP,388/3810MB,(cached,2MB),CPU,[0%@1344,0%@1344,0%@1344,0%@1344,9%@1344,0%@1344],GR3D_FREQ,0%,cpu@51.75C,soc2@49.781C,soc0@50.75C,gpu@51.75C,tj@51.75C,soc1@50.75C,VDD_IN,5594mW/8525mW,VDD_CPU_GPU_CV,1307mW/3008mW,VDD_SOC,2376mW/2927mW
07-25-2026,17:36:08,RAM,916/7620MB,(lfb,120x4MB),SWAP,388/3810MB,(cached,2MB),CPU,[0%@1344,0%@1344,0%@1344,0%@1344,9%@1344,0%@1344],GR3D_FREQ,0%,cpu@51.937C,soc2@49.906C,soc0@50.5C,gpu@51.593C,tj@51.937C,soc1@50.875C,VDD_IN,5594mW/8516mW,VDD_CPU_GPU_CV,1307mW/3003mW,VDD_SOC,2376mW/2925mW
07-25-2026,17:36:08,RAM,916/7620MB,(lfb,120x4MB),SWAP,388/3810MB,(cached,2MB),CPU,[0%@1344,0%@1344,0%@1344,0%@1344,0%@1344,0%@1344],GR3D_FREQ,0%,cpu@51.968C,soc2@49.718C,soc0@50.625C,gpu@51.968C,tj@51.968C,soc1@50.687C,VDD_IN,5594mW/8508mW,VDD_CPU_GPU_CV,1307mW/2999mW,VDD_SOC,2376mW/2924mW
07-25-2026,17:36:08,RAM,916/7620MB,(lfb,120x4MB),SWAP,388/3810MB,(cached,2MB),CPU,[0%@1344,0%@1344,0%@1344,0%@1344,0%@1344,0%@1344],GR3D_FREQ,0%,cpu@51.562C,soc2@49.75C,soc0@50.656C,gpu@51.781C,tj@51.781C,soc1@50.687C,VDD_IN,5594mW/8500mW,VDD_CPU_GPU_CV,1307mW/2994mW,VDD_SOC,2376mW/2922mW
07-25-2026,17:36:08,RAM,916/7620MB,(lfb,120x4MB),SWAP,388/3810MB,(cached,2MB),CPU,[0%@1344,0%@1344,0%@1344,0%@1344,0%@1344,0%@1344],GR3D_FREQ,0%,cpu@51.75C,soc2@49.718C,soc0@50.812C,gpu@51.593C,tj@51.75C,soc1@50.718C,VDD_IN,5594mW/8491mW,VDD_CPU_GPU_CV,1307mW/2989mW,VDD_SOC,2376mW/2920mW
07-25-2026,17:36:08,RAM,916/7620MB,(lfb,120x4MB),SWAP,388/3810MB,(cached,2MB),CPU,[0%@1344,0%@1344,0%@1344,0%@1344,0%@1344,0%@1344],GR3D_FREQ,0%,cpu@51.812C,soc2@49.718C,soc0@50.843C,gpu@51.875C,tj@51.875C,soc1@50.781C,VDD_IN,5594mW/8483mW,VDD_CPU_GPU_CV,1307mW/2984mW,VDD_SOC,2376mW/2919mW
07-25-2026,17:36:08,RAM,916/7620MB,(lfb,120x4MB),SWAP,388/3810MB,(cached,2MB),CPU,[0%@1344,0%@1344,9%@1344,0%@1344,0%@1344,0%@1344],GR3D_FREQ,0%,cpu@51.875C,soc2@49.812C,soc0@50.5C,gpu@51.625C,tj@51.875C,soc1@50.562C,VDD_IN,5594mW/8475mW,VDD_CPU_GPU_CV,1307mW/2979mW,VDD_SOC,2376mW/2917mW
07-25-2026,17:36:09,RAM,916/7620MB,(lfb,120x4MB),SWAP,388/3810MB,(cached,2MB),CPU,[0%@1344,0%@1344,0%@1344,0%@1344,0%@1344,0%@1344],GR3D_FREQ,0%,cpu@51.531C,soc2@49.75C,soc0@50.593C,gpu@51.437C,tj@51.531C,soc1@50.687C,VDD_IN,5594mW/8467mW,VDD_CPU_GPU_CV,1307mW/2975mW,VDD_SOC,2376mW/2916mW
07-25-2026,17:36:09,RAM,917/7620MB,(lfb,120x4MB),SWAP,388/3810MB,(cached,2MB),CPU,[0%@1344,0%@1344,0%@1344,0%@1344,9%@1344,0%@1344],GR3D_FREQ,0%,cpu@51.687C,soc2@49.656C,soc0@50.656C,gpu@51.875C,tj@51.875C,soc1@50.656C,VDD_IN,5594mW/8459mW,VDD_CPU_GPU_CV,1307mW/2970mW,VDD_SOC,2376mW/2914mW
07-25-2026,17:36:09,RAM,917/7620MB,(lfb,120x4MB),SWAP,388/3810MB,(cached,2MB),CPU,[0%@1344,0%@1344,0%@1344,0%@1344,0%@1344,0%@1344],GR3D_FREQ,0%,cpu@51.875C,soc2@49.75C,soc0@50.718C,gpu@51.656C,tj@51.875C,soc1@50.75C,VDD_IN,5594mW/8451mW,VDD_CPU_GPU_CV,1307mW/2965mW,VDD_SOC,2376mW/2913mW
07-25-2026,17:36:09,RAM,917/7620MB,(lfb,120x4MB),SWAP,388/3810MB,(cached,2MB),CPU,[0%@1344,0%@1344,0%@1344,0%@1344,0%@1344,0%@1344],GR3D_FREQ,0%,cpu@51.843C,soc2@49.687C,soc0@50.5C,gpu@51.468C,tj@51.843C,soc1@50.875C,VDD_IN,5594mW/8443mW,VDD_CPU_GPU_CV,1307mW/2961mW,VDD_SOC,2376mW/2911mW
07-25-2026,17:36:09,RAM,917/7620MB,(lfb,120x4MB),SWAP,388/3810MB,(cached,2MB),CPU,[0%@1344,0%@1344,0%@1344,0%@1344,0%@1344,0%@1344],GR3D_FREQ,0%,cpu@52.125C,soc2@49.687C,soc0@50.531C,gpu@51.75C,tj@52.125C,soc1@50.562C,VDD_IN,5594mW/8435mW,VDD_CPU_GPU_CV,1307mW/2956mW,VDD_SOC,2376mW/2910mW
07-25-2026,17:36:09,RAM,917/7620MB,(lfb,120x4MB),SWAP,388/3810MB,(cached,2MB),CPU,[0%@1344,0%@1344,0%@1344,0%@1344,0%@1344,0%@1344],GR3D_FREQ,0%,cpu@51.437C,soc2@49.718C,soc0@50.625C,gpu@51.625C,tj@51.625C,soc1@50.687C,VDD_IN,5594mW/8427mW,VDD_CPU_GPU_CV,1307mW/2952mW,VDD_SOC,2376mW/2908mW
07-25-2026,17:36:09,RAM,917/7620MB,(lfb,120x4MB),SWAP,388/3810MB,(cached,2MB),CPU,[9%@1344,0%@1344,0%@1344,0%@1344,0%@1344,0%@1344],GR3D_FREQ,0%,cpu@51.656C,soc2@49.75C,soc0@50.687C,gpu@52.031C,tj@52.031C,soc1@50.656C,VDD_IN,5594mW/8419mW,VDD_CPU_GPU_CV,1307mW/2947mW,VDD_SOC,2376mW/2907mW
07-25-2026,17:36:09,RAM,917/7620MB,(lfb,120x4MB),SWAP,388/3810MB,(cached,2MB),CPU,[0%@1344,0%@1344,0%@1344,0%@1344,0%@1344,0%@1344],GR3D_FREQ,0%,cpu@51.812C,soc2@49.75C,soc0@50.687C,gpu@51.75C,tj@51.812C,soc1@50.687C,VDD_IN,5594mW/8411mW,VDD_CPU_GPU_CV,1307mW/2942mW,VDD_SOC,2376mW/2905mW
07-25-2026,17:36:09,RAM,917/7620MB,(lfb,120x4MB),SWAP,388/3810MB,(cached,2MB),CPU,[9%@1344,0%@1344,0%@1344,0%@1344,0%@1344,0%@1344],GR3D_FREQ,0%,cpu@51.937C,soc2@49.625C,soc0@50.531C,gpu@51.406C,tj@51.937C,soc1@50.843C,VDD_IN,5594mW/8404mW,VDD_CPU_GPU_CV,1307mW/2938mW,VDD_SOC,2376mW/2904mW
07-25-2026,17:36:10,RAM,917/7620MB,(lfb,120x4MB),SWAP,388/3810MB,(cached,2MB),CPU,[0%@1344,0%@1344,0%@1344,0%@1344,0%@1344,0%@1344],GR3D_FREQ,0%,cpu@51.468C,soc2@49.593C,soc0@50.593C,gpu@51.906C,tj@51.906C,soc1@50.656C,VDD_IN,5555mW/8396mW,VDD_CPU_GPU_CV,1307mW/2934mW,VDD_SOC,2376mW/2903mW
07-25-2026,17:36:10,RAM,917/7620MB,(lfb,120x4MB),SWAP,388/3810MB,(cached,2MB),CPU,[0%@1344,0%@1344,0%@1344,0%@1344,0%@1344,0%@1344],GR3D_FREQ,0%,cpu@51.625C,soc2@49.625C,soc0@50.656C,gpu@51.687C,tj@51.687C,soc1@50.687C,VDD_IN,5555mW/8388mW,VDD_CPU_GPU_CV,1307mW/2929mW,VDD_SOC,2376mW/2901mW
07-25-2026,17:36:10,RAM,917/7620MB,(lfb,120x4MB),SWAP,388/3810MB,(cached,2MB),CPU,[0%@1344,0%@1344,0%@1344,9%@1344,0%@1344,9%@1344],GR3D_FREQ,0%,cpu@51.75C,soc2@49.656C,soc0@50.75C,gpu@51.343C,tj@51.75C,soc1@50.687C,VDD_IN,5594mW/8380mW,VDD_CPU_GPU_CV,1307mW/2925mW,VDD_SOC,2376mW/2900mW
07-25-2026,17:36:10,RAM,917/7620MB,(lfb,120x4MB),SWAP,388/3810MB,(cached,2MB),CPU,[0%@1344,0%@1344,0%@1344,0%@1344,0%@1344,0%@1344],GR3D_FREQ,0%,cpu@51.843C,soc2@49.718C,soc0@50.5C,gpu@51.968C,tj@51.968C,soc1@50.875C,VDD_IN,5594mW/8373mW,VDD_CPU_GPU_CV,1305mW/2920mW,VDD_SOC,2376mW/2898mW
07-25-2026,17:36:10,RAM,917/7620MB,(lfb,120x4MB),SWAP,388/3810MB,(cached,2MB),CPU,[0%@1344,0%@1344,0%@1344,0%@1344,0%@1344,0%@1344],GR3D_FREQ,0%,cpu@51.5C,soc2@49.593C,soc0@50.531C,gpu@51.687C,tj@51.687C,soc1@50.562C,VDD_IN,5594mW/8365mW,VDD_CPU_GPU_CV,1307mW/2916mW,VDD_SOC,2376mW/2897mW
07-25-2026,17:36:10,RAM,917/7620MB,(lfb,120x4MB),SWAP,388/3810MB,(cached,2MB),CPU,[0%@1344,0%@1344,0%@1344,0%@1344,0%@1344,0%@1344],GR3D_FREQ,0%,cpu@51.437C,soc2@49.625C,soc0@50.531C,gpu@51.375C,tj@51.437C,soc1@50.687C,VDD_IN,5594mW/8358mW,VDD_CPU_GPU_CV,1307mW/2911mW,VDD_SOC,2376mW/2895mW
07-25-2026,17:36:10,RAM,917/7620MB,(lfb,120x4MB),SWAP,388/3810MB,(cached,2MB),CPU,[0%@1344,0%@1344,0%@1344,0%@1344,8%@1344,0%@1344],GR3D_FREQ,0%,cpu@51.687C,soc2@49.687C,soc0@50.75C,gpu@51.906C,tj@51.906C,soc1@50.687C,VDD_IN,5594mW/8350mW,VDD_CPU_GPU_CV,1307mW/2907mW,VDD_SOC,2376mW/2894mW
07-25-2026,17:36:10,RAM,917/7620MB,(lfb,120x4MB),SWAP,388/3810MB,(cached,2MB),CPU,[0%@1344,0%@1344,0%@1344,0%@1344,9%@1344,0%@1344],GR3D_FREQ,0%,cpu@51.718C,soc2@49.75C,soc0@50.437C,gpu@51.593C,tj@51.718C,soc1@50.75C,VDD_IN,5594mW/8343mW,VDD_CPU_GPU_CV,1305mW/2903mW,VDD_SOC,2376mW/2893mW
