07-25-2026,17:42:16,RAM,921/7620MB,(lfb,121x4MB),SWAP,388/3810MB,(cached,2MB),CPU,[9%@1344,0%@1344,9%@1344,0%@1344,0%@1344,0%@1344],GR3D_FREQ,0%,cpu@51.468C,soc2@49.625C,soc0@50.343C,gpu@51.375C,tj@51.468C,soc1@50.718C,VDD_IN,5594mW/5594mW,VDD_CPU_GPU_CV,1307mW/1307mW,VDD_SOC,2376mW/2376mW
07-25-2026,17:42:16,RAM,921/7620MB,(lfb,121x4MB),SWAP,388/3810MB,(cached,2MB),CPU,[0%@1344,0%@1344,0%@1344,0%@1344,0%@1344,0%@1344],GR3D_FREQ,0%,cpu@51.625C,soc2@49.687C,soc0@50.437C,gpu@51.281C,tj@51.625C,soc1@50.781C,VDD_IN,5594mW/5594mW,VDD_CPU_GPU_CV,1307mW/1307mW,VDD_SOC,2376mW/2376mW
07-25-2026,17:42:16,RAM,921/7620MB,(lfb,121x4MB),SWAP,388/3810MB,(cached,2MB),CPU,[0%@1344,0%@1344,0%@1344,0%@1344,0%@1344,0%@1344],GR3D_FREQ,0%,cpu@51.531C,soc2@49.562C,soc0@50.437C,gpu@51.25C,tj@51.5C,soc1@50.625C,VDD_IN,5594mW/5594mW,VDD_CPU_GPU_CV,1307mW/1307mW,VDD_SOC,2376mW/2376mW
07-25-2026,17:42:16,RAM,921/7620MB,(lfb,121x4MB),SWAP,388/3810MB,(cached,2MB),CPU,[0%@1344,0%@1344,0%@1344,0%@1344,9%@1344,0%@1344],GR3D_FREQ,0%,cpu@51.437C,soc2@49.593C,soc0@50.562C,gpu@51.281C,tj@51.437C,soc1@50.562C,VDD_IN,5594mW/5594mW,VDD_CPU_GPU_CV,1305mW/1307mW,VDD_SOC,2376mW/2376mW
07-25-2026,17:42:16,RAM,921/7620MB,(lfb,121x4MB),SWAP,388/3810MB,(cached,2MB),CPU,[0%@1344,0%@1344,0%@1344,0%@1344,0%@1344,0%@1344],GR3D_FREQ,0%,cpu@51.468C,soc2@49.593C,soc0@50.562C,gpu@51.343C,tj@51.468C,soc1@50.656C,VDD_IN,5585mW/5592mW,VDD_CPU_GPU_CV,1305mW/1306mW,VDD_SOC,2376mW/2376mW
07-25-2026,17:42:16,RAM,921/7620MB,(lfb,121x4MB),SWAP,388/3810MB,(cached,2MB),CPU,[0%@1344,0%@1344,0%@1344,0%@1344,0%@1344,0%@1344],GR3D_FREQ,0%,cpu@51.5C,soc2@49.562C,soc0@50.375C,gpu@51.25C,tj@51.5C,soc1@50.843C,VDD_IN,5585mW/5591mW,VDD_CPU_GPU_CV,1305mW/1306mW,VDD_SOC,2376mW/2376mW
07-25-2026,17:42:16,RAM,921/7620MB,(lfb,121x4MB),SWAP,388/3810MB,(cached,2MB),CPU,[8%@1344,0%@1344,0%@1344,0%@1344,0%@1344,0%@1344],GR3D_FREQ,0%,cpu@51.531C,soc2@49.5C,soc0@50.437C,gpu@51.343C,tj@51.5C,soc1@50.875C,VDD_IN,5585mW/5590mW,VDD_CPU_GPU_CV,1305mW/1306mW,VDD_SOC,2376mW/2376mW
07-25-2026,17:42:16,RAM,921/7620MB,(lfb,121x4MB),SWAP,388/3810MB,(cached,2MB),CPU,[9%@1344,0%@1344,0%@1344,0%@1344,0%@1344,0%@1344],GR3D_FREQ,0%,cpu@51.406C,soc2@49.687C,soc0@50.468C,gpu@51.218C,tj@51.406C,soc1@50.562C,VDD_IN,5585mW/5590mW,VDD_CPU_GPU_CV,1305mW/1306mW,VDD_SOC,2376mW/2376mW
07-25-2026,17:42:17,RAM,921/7620MB,(lfb,121x4MB),SWAP,388/3810MB,(cached,2MB),CPU,[0%@1344,0%@1344,0%@1344,0%@1344,0%@1344,0%@1344],GR3D_FREQ,0%,cpu@51.437C,soc2@49.531C,soc0@50.625C,gpu@51.5C,tj@51.437C,soc1@50.687C,VDD_IN,5585mW/5589mW,VDD_CPU_GPU_CV,1305mW/1306mW,VDD_SOC,2376mW/2376mW
07-25-2026,17:42:17,RAM,921/7620MB,(lfb,121x4MB),SWAP,388/3810MB,(cached,2MB),CPU,[0%@1344,0%@1344,0%@1344,0%@1344,0%@1344,0%@1344],GR3D_FREQ,0%,cpu@51.5C,soc2@49.625C,soc0@50.437C,gpu@51.312C,tj@51.5C,soc1@50.75C,VDD_IN,5585mW/5589mW,VDD_CPU_GPU_CV,1305mW/1306mW,VDD_SOC,2376mW/2376mW
07-25-2026,17:42:17,RAM,921/7620MB,(lfb,121x4MB),SWAP,388/3810MB,(cached,2MB),CPU,[0%@1344,0%@1344,0%@1344,0%@1344,0%@1344,0%@1344],GR3D_FREQ,0%,cpu@51.562C,soc2@49.593C,soc0@50.468C,gpu@51.281C,tj@51.562C,soc1@50.75C,VDD_IN,5585mW/5588mW,VDD_CPU_GPU_CV,1305mW/1306mW,VDD_SOC,2376mW/2376mW
07-25-2026,17:42:17,RAM,921/7620MB,(lfb,121x4MB),SWAP,388/3810MB,(cached,2MB),CPU,[0%@1344,0%@1344,0%@1344,0%@1344,0%@1344,0%@1344],GR3D_FREQ,0%,cpu@51.562C,soc2@49.531C,soc0@50.468C,gpu@51.437C,tj@51.562C,soc1@50.531C,VDD_IN,5585mW/5588mW,VDD_CPU_GPU_CV,1305mW/1306mW,VDD_SOC,2376mW/2376mW
07-25-2026,17:42:17,RAM,921/7620MB,(lfb,121x4MB),SWAP,388/3810MB,(cached,2MB),CPU,[8%@1344,0%@1344,0%@1344,0%@1344,0%@1344,0%@1344],GR3D_FREQ,0%,cpu@51.406C,soc2@49.5C,soc0@50.593C,gpu@51.375C,tj@51.406C,soc1@50.593C,VDD_IN,5585mW/5588mW,VDD_CPU_GPU_CV,1305mW/1305mW,VDD_SOC,2373mW/2376mW
07-25-2026,17:42:17,RAM,921/7620MB,(lfb,121x4MB),SWAP,388/3810MB,(cached,2MB),CPU,[0%@1344,0%@1344,0%@1344,9%@1344,0%@1344,9%@1344],GR3D_FREQ,0%,cpu@51.593C,soc2@49.562C,soc0@50.562C,gpu@51.281C,tj@51.593C,soc1@50.625C,VDD_IN,5585mW/5588mW,VDD_CPU_GPU_CV,1305mW/1305mW,VDD_SOC,2376mW/2376mW
07-25-2026,17:42:17,RAM,921/7620MB,(lfb,121x4MB),SWAP,388/3810MB,(cached,2MB),CPU,[0%@1344,0%@1344,0%@1344,0%@1344,0%@1344,0%@1344],GR3D_FREQ,0%,cpu@51.625C,soc2@49.687C,soc0@50.312C,gpu@51.343C,tj@51.625C,soc1@50.656C,VDD_IN,5585mW/5587mW,VDD_CPU_GPU_CV,1305mW/1305mW,VDD_SOC,2376mW/2376mW
07-25-2026,17:42:17,RAM,921/7620MB,(lfb,121x4MB),SWAP,388/3810MB,(cached,2MB),CPU,[0%@1344,0%@1344,0%@1344,0%@1344,0%@1344,0%@1344],GR3D_FREQ,0%,cpu@51.625C,soc2@49.531C,soc0@50.468C,gpu@51.375C,tj@51.625C,soc1@50.5C,VDD_IN,5585mW/5587mW,VDD_CPU_GPU_CV,1305mW/1305mW,VDD_SOC,2373mW/2376mW
07-25-2026,17:42:17,RAM,921/7620MB,(lfb,121x4MB),SWAP,388/3810MB,(cached,2MB),CPU,[16%@1344,0%@1344,0%@1344,0%@1344,0%@1344,0%@1344],GR3D_FREQ,0%,cpu@51.437C,soc2@49.625C,soc0@50.468C,gpu@51.312C,tj@51.437C,soc1@50.5C,VDD_IN,5585mW/5587mW,VDD_CPU_GPU_CV,1305mW/1305mW,VDD_SOC,2373mW/2375mW
07-25-2026,17:42:18,RAM,921/7620MB,(lfb,121x4MB),SWAP,388/3810MB,(cached,2MB),CPU,[0%@1344,0%@1344,0%@1344,0%@1344,0%@1344,0%@1344],GR3D_FREQ,0%,cpu@51.437C,soc2@49.656C,soc0@50.5C,gpu@51.375C,tj@51.437C,soc1@50.593C,VDD_IN,5585mW/5587mW,VDD_CPU_GPU_CV,1305mW/1305mW,VDD_SOC,2376mW/2376mW
07-25-2026,17:42:18,RAM,921/7620MB,(lfb,121x4MB),SWAP,388/3810MB,(cached,2MB),CPU,[8%@1344,0%@1344,0%@1344,0%@1344,0%@1344,0%@1344],GR3D_FREQ,0%,cpu@51.562C,soc2@49.593C,soc0@50.687C,gpu@51.218C,tj@51.562C,soc1@50.687C,VDD_IN,5585mW/5587mW,VDD_CPU_GPU_CV,1305mW/1305mW,VDD_SOC,2376mW/2376mW
07-25-2026,17:42:18,RAM,921/7620MB,(lfb,121x4MB),SWAP,388/3810MB,(cached,2MB),CPU,[0%@1344,0%@1344,0%@1344,0%@1344,0%@1344,0%@1344],GR3D_FREQ,0%,cpu@51.656C,soc2@49.593C,soc0@50.375C,gpu@51.406C,tj@51.656C,soc1@50.812C,VDD_IN,5585mW/5587mW,VDD_CPU_GPU_CV,1305mW/1305mW,VDD_SOC,2373mW/2375mW
07-25-2026,17:42:18,RAM,921/7620MB,(lfb,121x4MB),SWAP,388/3810MB,(cached,2MB),CPU,[0%@1344,0%@1344,0%@1344,0%@1344,0%@1344,0%@1344],GR3D_FREQ,0%,cpu@51.656C,soc2@49.562C,soc0@50.468C,gpu@51.375C,tj@51.656C,soc1@50.5C,VDD_IN,5585mW/5587mW,VDD_CPU_GPU_CV,1305mW/1305mW,VDD_SOC,2373mW/2375mW
07-25-2026,17:42:18,RAM,921/7620MB,(lfb,121x4MB),SWAP,388/3810MB,(cached,2MB),CPU,[0%@1344,0%@1344,0%@1344,0%@1344,0%@1344,0%@1344],GR3D_FREQ,0%,cpu@51.375C,soc2@49.531C,soc0@50.468C,gpu@51.218C,tj@51.375C,soc1@50.562C,VDD_IN,5585mW/5587mW,VDD_CPU_GPU_CV,1305mW/1305mW,VDD_SOC,2376mW/2375mW
07-25-2026,17:42:18,RAM,921/7620MB,(lfb,121x4MB),SWAP,388/3810MB,(cached,2MB),CPU,[9%@1344,0%@1344,0%@1344,0%@1344,0%@1344,0%@1344],GR3D_FREQ,0%,cpu@51.5C,soc2@49.531C,soc0@50.687C,gpu@51.468C,tj@51.562C,soc1@50.687C,VDD_IN,5585mW/5587mW,VDD_CPU_GPU_CV,1305mW/1305mW,VDD_SOC,2376mW/2375mW
07-25-2026,17:42:18,RAM,921/7620MB,(lfb,121x4MB),SWAP,388/3810MB,(cached,2MB),CPU,[0%@1344,0%@1344,0%@1344,0%@1344,0%@1344,0%@1344],GR3D_FREQ,0%,cpu@51.593C,soc2@49.656C,soc0@50.375C,gpu@51.406C,tj@51.593C,soc1@50.75C,VDD_IN,5585mW/5587mW,VDD_CPU_GPU_CV,1305mW/1305mW,VDD_SOC,2376mW/2375mW
07-25-2026,17:42:18,RAM,921/7620MB,(lfb,121x4MB),SWAP,388/3810MB,(cached,2MB),CPU,[0%@1344,0%@1344,0%@1344,0%@1344,0%@1344,0%@1344],GR3D_FREQ,0%,cpu@51.656C,soc2@49.437C,soc0@50.406C,gpu@51.281C,tj@51.656C,soc1@50.625C,VDD_IN,5585mW/5586mW,VDD_CPU_GPU_CV,1305mW/1305mW,VDD_SOC,2376mW/2375mW
07-25-2026,17:42:18,RAM,921/7620MB,(lfb,121x4MB),SWAP,388/3810MB,(cached,2MB),CPU,[0%@1344,0%@1344,0%@1344,0%@1344,0%@1344,0%@1344],GR3D_FREQ,0%,cpu@51.437C,soc2@49.5C,soc0@50.468C,gpu@51.343C,tj@51.437C,soc1@50.468C,VDD_IN,5585mW/5586mW,VDD_CPU_GPU_CV,1305mW/1305mW,VDD_SOC,2373mW/2375mW
07-25-2026,17:42:18,RAM,921/7620MB,(lfb,121x4MB),SWAP,388/3810MB,(cached,2MB),CPU,[0%@1344,0%@1344,0%@1344,0%@1344,0%@1344,0%@1344],GR3D_FREQ,0%,cpu@51.437C,soc2@49.562C,soc0@50.625C,gpu@51.343C,tj@51.437C,soc1@50.562C,VDD_IN,5585mW/5586mW,VDD_CPU_GPU_CV,1305mW/1305mW,VDD_SOC,2376mW/2375mW
07-25-2026,17:42:19,RAM,921/7620MB,(lfb,121x4MB),SWAP,388/3810MB,(cached,2MB),CPU,[9%@1344,0%@1344,0%@1344,0%@1344,0%@1344,0%@1344],GR3D_FREQ,0%,cpu@51.531C,soc2@49.625C,soc0@50.593C,gpu@51.625C,tj@51.625C,soc1@50.687C,VDD_IN,5585mW/5586mW,VDD_CPU_GPU_CV,1305mW/1305mW,VDD_SOC,2373mW/2375mW
07-25-2026,17:42:19,RAM,921/7620MB,(lfb,121x4MB),SWAP,388/3810MB,(cached,2MB),CPU,[0%@1344,0%@1344,0%@1344,0%@1344,0%@1344,0%@1344],GR3D_FREQ,0%,cpu@51.531C,soc2@49.656C,soc0@50.406C,gpu@51.437C,tj@51.531C,soc1@50.718C,VDD_IN,5585mW/5586mW,VDD_CPU_GPU_CV,1305mW/1305mW,VDD_SOC,2376mW/2375mW
07-25-2026,17:42:19,RAM,921/7620MB,(lfb,121x4MB),SWAP,388/3810MB,(cached,2MB),CPU,[0%@1344,0%@1344,0%@1344,0%@1344,0%@1344,0%@1344],GR3D_FREQ,0%,cpu@51.531C,soc2@49.625C,soc0@50.375C,gpu@51.25C,tj@51.531C,soc1@50.5C,VDD_IN,5585mW/5586mW,VDD_CPU_GPU_CV,1305mW/1305mW,VDD_SOC,2376mW/2375mW
07-25-2026,17:42:19,RAM,921/7620MB,(lfb,121x4MB),SWAP,388/3810MB,(cached,2MB),CPU,[0%@1344,8%@1344,0%@1344,0%@1344,0%@1344,0%@1344],GR3D_FREQ,0%,cpu@51.437C,soc2@49.531C,soc0@50.468C,gpu@51.406C,tj@51.437C,soc1@50.593C,VDD_IN,5546mW/5585mW,VDD_CPU_GPU_CV,1305mW/1305mW,VDD_SOC,2376mW/2375mW
07-25-2026,17:42:19,RAM,921/7620MB,(lfb,121x4MB),SWAP,388/3810MB,(cached,2MB),CPU,[0%@1344,0%@1344,0%@1344,0%@1344,0%@1344,0%@1344],GR3D_FREQ,0%,cpu@51.562C,soc2@49.562C,soc0@50.593C,gpu@51.281C,tj@51.562C,soc1@50.625C,VDD_IN,5546mW/5584mW,VDD_CPU_GPU_CV,1305mW/1305mW,VDD_SOC,2376mW/2375mW
07-25-2026,17:42:19,RAM,921/7620MB,(lfb,121x4MB),SWAP,388/3810MB,(cached,2MB),CPU,[0%@1344,0%@1344,0%@1344,0%@1344,9%@1344,9%@1344],GR3D_FREQ,0%,cpu@51.593C,soc2@49.593C,soc0@50.406C,gpu@51.25C,tj@51.593C,soc1@50.687C,VDD_IN,5585mW/5584mW,VDD_CPU_GPU_CV,1305mW/1305mW,VDD_SOC,2373mW/2375mW
07-25-2026,17:42:19,RAM,921/7620MB,(lfb,121x4MB),SWAP,388/3810MB,(cached,2MB),CPU,[0%@1344,0%@1344,0%@1344,0%@1344,0%@1344,0%@1344],GR3D_FREQ,0%,cpu@51.625C,soc2@49.5C,soc0@50.406C,gpu@51.468C,tj@51.625C,soc1@50.437C,VDD_IN,5585mW/5584mW,VDD_CPU_GPU_CV,1305mW/1305mW,VDD_SOC,2373mW/2375mW
07-25-2026,17:42:19,RAM,921/7620MB,(lfb,121x4MB),SWAP,388/3810MB,(cached,2MB),CPU,[8%@1344,0%@1344,0%@1344,0%@1344,0%@1344,0%@1344],GR3D_FREQ,0%,cpu@51.406C,soc2@49.531C,soc0@50.468C,gpu@51.375C,tj@51.406C,soc1@50.531C,VDD_IN,5585mW/5584mW,VDD_CPU_GPU_CV,1305mW/1305mW,VDD_SOC,2373mW/2375mW
07-25-2026,17:42:19,RAM,921/7620MB,(lfb,121x4MB),SWAP,388/3810MB,(cached,2MB),CPU,[0%@1344,0%@1344,0%@1344,0%@1344,0%@1344,0%@1344],GR3D_FREQ,0%,cpu@51.437C,soc2@49.562C,soc0@50.562C,gpu@51.593C,tj@51.437C,soc1@50.625C,VDD_IN,5585mW/5584mW,VDD_CPU_GPU_CV,1305mW/1305mW,VDD_SOC,2376mW/2375mW
07-25-2026,17:42:19,RAM,921/7620MB,(lfb,121x4MB),SWAP,388/3810MB,(cached,2MB),CPU,[0%@1344,0%@1344,0%@1344,0%@1344,0%@1344,0%@1344],GR3D_FREQ,0%,cpu@51.531C,soc2@49.593C,soc0@50.656C,gpu@51.437C,tj@51.531C,soc1@50.75C,VDD_IN,5585mW/5584mW,VDD_CPU_GPU_CV,1305mW/1305mW,VDD_SOC,2376mW/2375mW
07-25-2026,17:42:20,RAM,921/7620MB,(lfb,121x4MB),SWAP,388/3810MB,(cached,2MB),CPU,[0%@1344,0%@1344,0%@1344,0%@1344,0%@1344,0%@1344],GR3D_FREQ,0%,cpu@51.531C,soc2@49.625C,soc0@50.468C,gpu@51.343C,tj@51.531C,soc1@50.812C,VDD_IN,5546mW/5583mW,VDD_CPU_GPU_CV,1305mW/1305mW,VDD_SOC,2376mW/2375mW
07-25-2026,17:42:20,RAM,921/7620MB,(lfb,121x4MB),SWAP,388/3810MB,(cached,2MB),CPU,[0%@1344,0%@1344,0%@1344,0%@1344,0%@1344,0%@1344],GR3D_FREQ,0%,cpu@51.625C,soc2@49.5C,soc0@50.343C,gpu@51.593C,tj@51.625C,soc1@50.5C,VDD_IN,5546mW/5582mW,VDD_CPU_GPU_CV,1305mW/1305mW,VDD_SOC,2376mW/2375mW
07-25-2026,17:42:20,RAM,921/7620MB,(lfb,121x4MB),SWAP,388/3810MB,(cached,2MB),CPU,[0%@1344,0%@1344,0%@1344,0%@1344,0%@1344,0%@1344],GR3D_FREQ,0%,cpu@51.406C,soc2@49.531C,soc0@50.468C,gpu@51.406C,tj@51.406C,soc1@50.562C,VDD_IN,5546mW/5581mW,VDD_CPU_GPU_CV,1305mW/1305mW,VDD_SOC,2376mW/2375mW
07-25-2026,17:42:20,RAM,921/7620MB,(lfb,121x4MB),SWAP,388/3810MB,(cached,2MB),CPU,[0%@1344,0%@1344,0%@1344,0%@1344,0%@1344,0%@1344],GR3D_FREQ,0%,cpu@51.593C,soc2@49.625C,soc0@50.562C,gpu@51.281C,tj@51.593C,soc1@50.687C,VDD_IN,5546mW/5580mW,VDD_CPU_GPU_CV,1305mW/1305mW,VDD_SOC,2376mW/2375mW
07-25-2026,17:42:20,RAM,921/7620MB,(lfb,121x4MB),SWAP,388/3810MB,(cached,2MB),CPU,[0%@1344,0%@1344,0%@1344,0%@1344,0%@1344,0%@1344],GR3D_FREQ,0%,cpu@51.593C,soc2@49.625C,soc0@50.375C,gpu@51.531C,tj@51.593C,soc1@50.781C,VDD_IN,5546mW/5579mW,VDD_CPU_GPU_CV,1305mW/1305mW,VDD_SOC,2376mW/2375mW
07-25-2026,17:42:20,RAM,920/7620MB,(lfb,121x4MB),SWAP,388/3810MB,(cached,2MB),CPU,[0%@1344,0%@1344,0%@1344,0%@1344,0%@1344,0%@1344],GR3D_FREQ,0%,cpu@51.718C,soc2@49.531C,soc0@50.468C,gpu@51.406C,tj@51.718C,soc1@50.843C,VDD_IN,5585mW/5579mW,VDD_CPU_GPU_CV,1305mW/1305mW,VDD_SOC,2376mW/2375mW
07-25-2026,17:42:20,RAM,920/7620MB,(lfb,121x4MB),SWAP,388/3810MB,(cached,2MB),CPU,[0%@1344,0%@1344,0%@1344,0%@1344,0%@1344,0%@1344],GR3D_FREQ,0%,cpu@51.343C,soc2@49.5C,soc0@50.468C,gpu@51.656C,tj@51.343C,soc1@50.531C,VDD_IN,5585mW/5580mW,VDD_CPU_GPU_CV,1305mW/1305mW,VDD_SOC,2376mW/2375mW
07-25-2026,17:42:20,RAM,920/7620MB,(lfb,121x4MB),SWAP,388/3810MB,(cached,2MB),CPU,[0%@1344,0%@1344,0%@1344,0%@1344,0%@1344,0%@1344],GR3D_FREQ,0%,cpu@51.343C,soc2@49.562C,soc0@50.593C,gpu@51.531C,tj@51.531C,soc1@50.656C,VDD_IN,5594mW/5580mW,VDD_CPU_GPU_CV,1305mW/1305mW,VDD_SOC,2376mW/2375mW
07-25-2026,17:42:20,RAM,920/7620MB,(lfb,121x4MB),SWAP,388/3810MB,(cached,2MB),CPU,[0%@1344,0%@1344,0%@1344,0%@1344,0%@1344,0%@1344],GR3D_FREQ,0%,cpu@51.468C,soc2@49.656C,soc0@50.625C,gpu@51.375C,tj@51.593C,soc1@50.656C,VDD_IN,5585mW/5580mW,VDD_CPU_GPU_CV,1305mW/1305mW,VDD_SOC,2376mW/2375mW
07-25-2026,17:42:21,RAM,920/7620MB,(lfb,121x4MB),SWAP,388/3810MB,(cached,2MB),CPU,[9%@1344,0%@1344,0%@1344,0%@1344,0%@1344,0%@1344],GR3D_FREQ,0%,cpu@51.718C,soc2@49.656C,soc0@50.468C,gpu@51.593C,tj@51.718C,soc1@50.718C,VDD_IN,5585mW/5580mW,VDD_CPU_GPU_CV,1305mW/1305mW,VDD_SOC,2376mW/2375mW
07-25-2026,17:42:21,RAM,920/7620MB,(lfb,121x4MB),SWAP,388/3810MB,(cached,2MB),CPU,[0%@1344,0%@1344,0%@1344,0%@1344,0%@1344,0%@1344],GR3D_FREQ,0%,cpu@51.593C,soc2@49.468C,soc0@50.406C,gpu@51.468C,tj@51.593C,soc1@50.562C,VDD_IN,5585mW/5580mW,VDD_CPU_GPU_CV,1305mW/1305mW,VDD_SOC,2376mW/2375mW
07-25-2026,17:42:21,RAM,920/7620MB,(lfb,121x4MB),SWAP,388/3810MB,(cached,2MB),CPU,[0%@1344,0%@1344,0%@1344,0%@1344,0%@1344,0%@1344],GR3D_FREQ,0%,cpu@51.531C,soc2@49.593C,soc0@50.5C,gpu@51.375C,tj@51.531C,soc1@50.562C,VDD_IN,5585mW/5580mW,VDD_CPU_GPU_CV,1305mW/1305mW,VDD_SOC,2376mW/2375mW
07-25-2026,17:42:21,RAM,920/7620MB,(lfb,121x4MB),SWAP,388/3810MB,(cached,2MB),CPU,[8%@1344,0%@1344,0%@1344,0%@1344,0%@1344,0%@1344],GR3D_FREQ,0%,cpu@51.562C,soc2@49.5C,soc0@50.656C,gpu@51.593C,tj@51.593C,soc1@50.625C,VDD_IN,5585mW/5580mW,VDD_CPU_GPU_CV,1305mW/1305mW,VDD_SOC,2376mW/2375mW
07-25-2026,17:42:21,RAM,920/7620MB,(lfb,121x4MB),SWAP,388/3810MB,(cached,2MB),CPU,[0%@1344,0%@1344,0%@1344,0%@1344,0%@1344,0%@1344],GR3D_FREQ,0%,cpu@51.625C,soc2@49.625C,soc0@50.406C,gpu@51.437C,tj@51.625C,soc1@50.687C,VDD_IN,5546mW/5580mW,VDD_CPU_GPU_CV,1305mW/1305mW,VDD_SOC,2376mW/2375mW
07-25-2026,17:42:21,RAM,920/7620MB,(lfb,121x4MB),SWAP,388/3810MB,(cached,2MB),CPU,[0%@1344,0%@1344,8%@1344,0%@1344,0%@1344,0%@1344],GR3D_FREQ,0%,cpu@51.718C,soc2@49.5C,soc0@50.437C,gpu@51.343C,tj@51.718C,soc1@50.781C,VDD_IN,5585mW/5580mW,VDD_CPU_GPU_CV,1305mW/1305mW,VDD_SOC,2376mW/2375mW
07-25-2026,17:42:21,RAM,918/7620MB,(lfb,121x4MB),SWAP,388/3810MB,(cached,2MB),CPU,[0%@1344,0%@1344,0%@1344,0%@1344,0%@1344,0%@1344],GR3D_FREQ,0%,cpu@51.375C,soc2@49.562C,soc0@50.437C,gpu@51.656C,tj@51.656C,soc1@50.593C,VDD_IN,5585mW/5580mW,VDD_CPU_GPU_CV,1305mW/1305mW,VDD_SOC,2376mW/2375mW
07-25-2026,17:42:21,RAM,918/7620MB,(lfb,121x4MB),SWAP,388/3810MB,(cached,2MB),CPU,[9%@1344,0%@1344,0%@1344,0%@1344,0%@1344,0%@1344],GR3D_FREQ,0%,cpu@51.437C,soc2@49.5C,soc0@50.5C,gpu@51.531C,tj@51.531C,soc1@50.531C,VDD_IN,5585mW/5580mW,VDD_CPU_GPU_CV,1305mW/1305mW,VDD_SOC,2376mW/2375mW
07-25-2026,17:42:21,RAM,918/7620MB,(lfb,121x4MB),SWAP,388/3810MB,(cached,2MB),CPU,[0%@1344,0%@1344,0%@1344,0%@1344,0%@1344,0%@1344],GR3D_FREQ,0%,cpu@51.5C,soc2@49.562C,soc0@50.343C,gpu@51.75C,tj@51.75C,soc1@50.656C,VDD_IN,5594mW/5580mW,VDD_CPU_GPU_CV,1305mW/1305mW,VDD_SOC,2376mW/2375mW
07-25-2026,17:42:21,RAM,918/7620MB,(lfb,121x4MB),SWAP,388/3810MB,(cached,2MB),CPU,[0%@1344,0%@1344,0%@1344,0%@1344,0%@1344,0%@1344],GR3D_FREQ,0%,cpu@51.687C,soc2@49.656C,soc0@50.375C,gpu@51.562C,tj@51.687C,soc1@50.718C,VDD_IN,5594mW/5581mW,VDD_CPU_GPU_CV,1305mW/1305mW,VDD_SOC,2376mW/2375mW
07-25-2026,17:42:22,RAM,918/7620MB,(lfb,121x4MB),SWAP,388/3810MB,(cached,2MB),CPU,[0%@1344,0%@1344,0%@1344,0%@1344,0%@1344,0%@1344],GR3D_FREQ,0%,cpu@51.75C,soc2@49.5C,soc0@50.375C,gpu@51.437C,tj@51.531C,soc1@50.531C,VDD_IN,5594mW/5581mW,VDD_CPU_GPU_CV,1305mW/1305mW,VDD_SOC,2376mW/2375mW
07-25-2026,17:42:22,RAM,918/7620MB,(lfb,121x4MB),SWAP,388/3810MB,(cached,2MB),CPU,[0%@1344,0%@1344,0%@1344,0%@1344,0%@1344,0%@1344],GR3D_FREQ,0%,cpu@51.437C,soc2@49.531C,soc0@50.468C,gpu@51.687C,tj@51.687C,soc1@50.468C,VDD_IN,5555mW/5580mW,VDD_CPU_GPU_CV,1307mW/1305mW,VDD_SOC,2376mW/2375mW
07-25-2026,17:42:22,RAM,918/7620MB,(lfb,121x4MB),SWAP,388/3810MB,(cached,2MB),CPU,[8%@1344,0%@1344,0%@1344,0%@1344,0%@1344,0%@1344],GR3D_FREQ,0%,cpu@51.531C,soc2@49.562C,soc0@50.5C,gpu@51.5C,tj@51.531C,soc1@50.687C,VDD_IN,5555mW/5580mW,VDD_CPU_GPU_CV,1307mW/1305mW,VDD_SOC,2376mW/2375mW
07-25-2026,17:42:22,RAM,918/7620MB,(lfb,121x4MB),SWAP,388/3810MB,(cached,2MB),CPU,[0%@1344,0%@1344,0%@1344,0%@1344,0%@1344,0%@1344],GR3D_FREQ,0%,cpu@51.593C,soc2@49.625C,soc0@50.343C,gpu@51.406C,tj@51.593C,soc1@50.75C,VDD_IN,5546mW/5579mW,VDD_CPU_GPU_CV,1305mW/1305mW,VDD_SOC,2376mW/2376mW
07-25-2026,17:42:22,RAM,918/7620MB,(lfb,121x4MB),SWAP,388/3810MB,(cached,2MB),CPU,[0%@1344,0%@1344,0%@1344,0%@1344,0%@1344,0%@1344],GR3D_FREQ,0%,cpu@51.687C,soc2@49.5C,soc0@50.375C,gpu@51.718C,tj@51.718C,soc1@50.812C,VDD_IN,5555mW/5579mW,VDD_CPU_GPU_CV,1305mW/1305mW,VDD_SOC,2376mW/2376mW
07-25-2026,17:42:22,RAM,918/7620MB,(lfb,121x4MB),SWAP,388/3810MB,(cached,2MB),CPU,[0%@1344,0%@1344,9%@1344,0%@1344,0%@1344,0%@1344],GR3D_FREQ,0%,cpu@51.437C,soc2@49.468C,soc0@50.468C,gpu@51.531C,tj@51.531C,soc1@50.531C,VDD_IN,5594mW/5579mW,VDD_CPU_GPU_CV,1307mW/1305mW,VDD_SOC,2376mW/2376mW
07-25-2026,17:42:22,RAM,918/7620MB,(lfb,121x4MB),SWAP,388/3810MB,(cached,2MB),CPU,[0%@1344,0%@1344,0%@1344,0%@1344,0%@1344,0%@1344],GR3D_FREQ,0%,cpu@51.437C,soc2@49.531C,soc0@50.406C,gpu@51.218C,tj@51.437C,soc1@50.593C,VDD_IN,5594mW/5579mW,VDD_CPU_GPU_CV,1307mW/1305mW,VDD_SOC,2376mW/2376mW
07-25-2026,17:42:22,RAM,918/7620MB,(lfb,121x4MB),SWAP,388/3810MB,(cached,2MB),CPU,[0%@1344,0%@1344,0%@1344,0%@1344,0%@1344,0%@1344],GR3D_FREQ,0%,cpu@51.5C,soc2@49.625C,soc0@50.343C,gpu@51.593C,tj@51.593C,soc1@50.625C,VDD_IN,5594mW/5580mW,VDD_CPU_GPU_CV,1307mW/1305mW,VDD_SOC,2376mW/2376mW
07-25-2026,17:42:22,RAM,918/7620MB,(lfb,121x4MB),SWAP,388/3810MB,(cached,2MB),CPU,[0%@1344,0%@1344,0%@1344,0%@1344,0%@1344,0%@1344],GR3D_FREQ,0%,cpu@51.625C,soc2@49.593C,soc0@50.406C,gpu@51.437C,tj@51.625C,soc1@50.812C,VDD_IN,5594mW/5580mW,VDD_CPU_GPU_CV,1307mW/1305mW,VDD_SOC,2376mW/2376mW
07-25-2026,17:42:23,RAM,918/7620MB,(lfb,121x4MB),SWAP,388/3810MB,(cached,2MB),CPU,[0%@1344,0%@1344,0%@1344,0%@1344,0%@1344,0%@1344],GR3D_FREQ,0%,cpu@51.843C,soc2@49.437C,soc0@50.468C,gpu@51.75C,tj@51.843C,soc1@50.531C,VDD_IN,5594mW/5580mW,VDD_CPU_GPU_CV,1307mW/1305mW,VDD_SOC,2376mW/2376mW
07-25-2026,17:42:23,RAM,918/7620MB,(lfb,121x4MB),SWAP,388/3810MB,(cached,2MB),CPU,[0%@1344,0%@1344,0%@1344,0%@1344,0%@1344,0%@1344],GR3D_FREQ,0%,cpu@51.406C,soc2@49.562C,soc0@50.437C,gpu@51.5C,tj@51.5C,soc1@50.593C,VDD_IN,5594mW/5580mW,VDD_CPU_GPU_CV,1307mW/1305mW,VDD_SOC,2376mW/2376mW
07-25-2026,17:42:23,RAM,918/7620MB,(lfb,121x4MB),SWAP,388/3810MB,(cached,2MB),CPU,[0%@1344,0%@1344,8%@1344,0%@1344,0%@1344,0%@1344],GR3D_FREQ,0%,cpu@51.5C,soc2@49.593C,soc0@50.562C,gpu@51.406C,tj@51.5C,soc1@50.625C,VDD_IN,5594mW/5581mW,VDD_CPU_GPU_CV,1307mW/1305mW,VDD_SOC,2376mW/2376mW
07-25-2026,17:42:23,RAM,918/7620MB,(lfb,121x4MB),SWAP,388/3810MB,(cached,2MB),CPU,[0%@1344,0%@1344,0%@1344,0%@1344,0%@1344,0%@1344],GR3D_FREQ,0%,cpu@51.687C,soc2@49.5C,soc0@50.437C,gpu@51.718C,tj@51.718C,soc1@50.75C,VDD_IN,5555mW/5580mW,VDD_CPU_GPU_CV,1305mW/1305mW,VDD_SOC,2376mW/2376mW
07-25-2026,17:42:23,RAM,918/7620MB,(lfb,121x4MB),SWAP,388/3810MB,(cached,2MB),CPU,[0%@1344,0%@1344,0%@1344,0%@1344,0%@1344,0%@1344],GR3D_FREQ,0%,cpu@51.718C,soc2@49.437C,soc0@50.375C,gpu@51.656C,tj@51.718C,soc1@50.843C,VDD_IN,5555mW/5580mW,VDD_CPU_GPU_CV,1307mW/1305mW,VDD_SOC,2376mW/2376mW
07-25-2026,17:42:23,RAM,918/7620MB,(lfb,121x4MB),SWAP,388/3810MB,(cached,2MB),CPU,[0%@1344,16%@1344,0%@1344,0%@1344,0%@1344,0%@1344],GR3D_FREQ,0%,cpu@51.406C,soc2@49.468C,soc0@50.468C,gpu@51.375C,tj@51.406C,soc1@50.562C,VDD_IN,5585mW/5580mW,VDD_CPU_GPU_CV,1305mW/1305mW,VDD_SOC,2376mW/2376mW
07-25-2026,17:42:23,RAM,922/7620MB,(lfb,121x4MB),SWAP,388/3810MB,(cached,2MB),CPU,[0%@1344,0%@1344,40%@1344,0%@1344,0%@1344,0%@1344],GR3D_FREQ,0%,cpu@51.562C,soc2@49.5C,soc0@50.5C,gpu@51.718C,tj@51.718C,soc1@50.5C,VDD_IN,5674mW/5581mW,VDD_CPU_GPU_CV,1344mW/1306mW,VDD_SOC,2376mW/2376mW
07-25-2026,17:42:23,RAM,996/7620MB,(lfb,121x4MB),SWAP,388/3810MB,(cached,2MB),CPU,[20%@1344,18%@1344,90%@1344,20%@1344,27%@1344,20%@1344],GR3D_FREQ,0%,cpu@51.937C,soc2@49.593C,soc0@50.281C,gpu@51.468C,tj@52.343C,soc1@50.593C,VDD_IN,5952mW/5586mW,VDD_CPU_GPU_CV,1542mW/1309mW,VDD_SOC,2416mW/2376mW
07-25-2026,17:42:23,RAM,1004/7620MB,(lfb,121x4MB),SWAP,388/3810MB,(cached,2MB),CPU,[45%@1344,40%@1344,0%@1344,66%@1344,40%@1344,45%@1344],GR3D_FREQ,0%,cpu@51.843C,soc2@49.656C,soc0@50.375C,gpu@51.281C,tj@51.843C,soc1@50.75C,VDD_IN,6150mW/5594mW,VDD_CPU_GPU_CV,1700mW/1314mW,VDD_SOC,2416mW/2377mW
07-25-2026,17:42:23,RAM,1043/7620MB,(lfb,121x4MB),SWAP,388/3810MB,(cached,2MB),CPU,[0%@1344,0%@1344,0%@1344,100%@1344,0%@1344,0%@1344],GR3D_FREQ,0%,cpu@51.718C,soc2@49.562C,soc0@50.406C,gpu@51.687C,tj@51.718C,soc1@50.531C,VDD_IN,6269mW/5603mW,VDD_CPU_GPU_CV,1740mW/1320mW,VDD_SOC,2456mW/2378mW
07-25-2026,17:42:24,RAM,1078/7620MB,(lfb,121x4MB),SWAP,388/3810MB,(cached,2MB),CPU,[0%@1344,0%@1344,0%@1344,100%@1344,0%@1344,0%@1344],GR3D_FREQ,0%,cpu@51.562C,soc2@49.5C,soc0@50.468C,gpu@51.562C,tj@51.562C,soc1@50.593C,VDD_IN,6348mW/5613mW,VDD_CPU_GPU_CV,1782mW/1326mW,VDD_SOC,2456mW/2379mW
07-25-2026,17:42:24,RAM,1126/7620MB,(lfb,121x4MB),SWAP,388/3810MB,(cached,2MB),CPU,[0%@1344,0%@1344,0%@1344,90%@1344,0%@1344,0%@1344],GR3D_FREQ,0%,cpu@51.718C,soc2@49.593C,soc0@50.656C,gpu@51.437C,tj@51.718C,soc1@50.593C,VDD_IN,6388mW/5623mW,VDD_CPU_GPU_CV,1782mW/1332mW,VDD_SOC,2456mW/2380mW
07-25-2026,17:42:24,RAM,1147/7620MB,(lfb,121x4MB),SWAP,388/3810MB,(cached,2MB),CPU,[0%@1344,0%@1344,0%@1344,100%@1344,0%@1344,0%@1344],GR3D_FREQ,0%,cpu@51.843C,soc2@49.687C,soc0@50.343C,gpu@51.687C,tj@51.843C,soc1@50.687C,VDD_IN,6428mW/5633mW,VDD_CPU_GPU_CV,1819mW/1338mW,VDD_SOC,2456mW/2381mW
07-25-2026,17:42:24,RAM,1225/7620MB,(lfb,121x4MB),SWAP,388/3810MB,(cached,2MB),CPU,[0%@1344,0%@1344,0%@1344,100%@1344,0%@1344,0%@1344],GR3D_FREQ,18%,cpu@51.843C,soc2@49.531C,soc0@50.406C,gpu@51.593C,tj@51.656C,soc1@50.593C,VDD_IN,6507mW/5644mW,VDD_CPU_GPU_CV,1858mW/1345mW,VDD_SOC,2495mW/2382mW
07-25-2026,17:42:24,RAM,1329/7620MB,(lfb,121x4MB),SWAP,388/3810MB,(cached,2MB),CPU,[0%@1344,0%@1344,0%@1344,100%@1344,0%@1344,0%@1344],GR3D_FREQ,14%,cpu@51.718C,soc2@49.531C,soc0@50.437C,gpu@51.562C,tj@51.718C,soc1@50.531C,VDD_IN,6774mW/5658mW,VDD_CPU_GPU_CV,1977mW/1353mW,VDD_SOC,2575mW/2385mW
07-25-2026,17:42:24,RAM,1392/7620MB,(lfb,121x4MB),SWAP,388/3810MB,(cached,2MB),CPU,[0%@1344,0%@1344,9%@1344,90%@1344,9%@1344,0%@1344],GR3D_FREQ,18%,cpu@51.906C,soc2@49.656C,soc0@50.593C,gpu@51.812C,tj@52.031C,soc1@50.562C,VDD_IN,6972mW/5674mW,VDD_CPU_GPU_CV,2096mW/1362mW,VDD_SOC,2610mW/2387mW
07-25-2026,17:42:24,RAM,1392/7620MB,(lfb,121x4MB),SWAP,388/3810MB,(cached,2MB),CPU,[0%@1344,0%@1344,0%@1344,88%@1344,0%@1344,0%@1344],GR3D_FREQ,72%,cpu@52.093C,soc2@49.906C,soc0@50.375C,gpu@52.281C,tj@52.281C,soc1@50.687C,VDD_IN,8160mW/5705mW,VDD_CPU_GPU_CV,2724mW/1379mW,VDD_SOC,2887mW/2393mW
07-25-2026,17:42:24,RAM,1392/7620MB,(lfb,121x4MB),SWAP,388/3810MB,(cached,2MB),CPU,[0%@1344,0%@1344,0%@1344,90%@1344,0%@1344,0%@1344],GR3D_FREQ,0%,cpu@52C,soc2@49.781C,soc0@50.468C,gpu@51.781C,tj@51.937C,soc1@50.531C,VDD_IN,8543mW/5739mW,VDD_CPU_GPU_CV,2961mW/1398mW,VDD_SOC,2922mW/2400mW
07-25-2026,17:42:24,RAM,1407/7620MB,(lfb,121x4MB),SWAP,388/3810MB,(cached,2MB),CPU,[81%@1344,0%@1344,0%@1344,9%@1344,0%@1344,0%@1344],GR3D_FREQ,76%,cpu@52C,soc2@49.781C,soc0@50.531C,gpu@52.531C,tj@52.531C,soc1@50.625C,VDD_IN,9136mW/5779mW,VDD_CPU_GPU_CV,3272mW/1420mW,VDD_SOC,3080mW/2408mW
07-25-2026,17:42:25,RAM,1407/7620MB,(lfb,121x4MB),SWAP,388/3810MB,(cached,2MB),CPU,[90%@1344,0%@1344,0%@1344,0%@1344,0%@1344,0%@1344],GR3D_FREQ,38%,cpu@52.281C,soc2@49.875C,soc0@50.625C,gpu@52.468C,tj@52.468C,soc1@50.625C,VDD_IN,9729mW/5826mW,VDD_CPU_GPU_CV,3587mW/1445mW,VDD_SOC,3193mW/2417mW
07-25-2026,17:42:25,RAM,1407/7620MB,(lfb,121x4MB),SWAP,388/3810MB,(cached,2MB),CPU,[81%@1344,0%@1344,0%@1344,0%@1344,0%@1344,0%@1344],GR3D_FREQ,77%,cpu@52.343C,soc2@49.937C,soc0@50.468C,gpu@52.5C,tj@52.5C,soc1@50.781C,VDD_IN,10306mW/5878mW,VDD_CPU_GPU_CV,3936mW/1474mW,VDD_SOC,3351mW/2428mW
07-25-2026,17:42:25,RAM,1407/7620MB,(lfb,121x4MB),SWAP,388/3810MB,(cached,2MB),CPU,[90%@1344,0%@1344,0%@1344,0%@1344,0%@1344,0%@1344],GR3D_FREQ,44%,cpu@52.093C,soc2@49.968C,soc0@50.5C,gpu@52.375C,tj@52.375C,soc1@50.562C,VDD_IN,10582mW/5932mW,VDD_CPU_GPU_CV,4093mW/1505mW,VDD_SOC,3429mW/2440mW
07-25-2026,17:42:25,RAM,1418/7620MB,(lfb,121x4MB),SWAP,388/3810MB,(cached,2MB),CPU,[90%@1344,0%@1344,0%@1344,0%@1344,0%@1344,0%@1344],GR3D_FREQ,48%,cpu@52.187C,soc2@49.968C,soc0@50.656C,gpu@52.437C,tj@52.281C,soc1@50.656C,VDD_IN,10345mW/5982mW,VDD_CPU_GPU_CV,3936mW/1532mW,VDD_SOC,3351mW/2450mW
07-25-2026,17:42:25,RAM,1418/7620MB,(lfb,121x4MB),SWAP,388/3810MB,(cached,2MB),CPU,[80%@1344,9%@1344,0%@1344,0%@1344,0%@1344,0%@1344],GR3D_FREQ,67%,cpu@52.218C,soc2@50.062C,soc0@50.812C,gpu@52.593C,tj@52.593C,soc1@50.656C,VDD_IN,10819mW/6037mW,VDD_CPU_GPU_CV,4172mW/1562mW,VDD_SOC,3469mW/2461mW
07-25-2026,17:42:25,RAM,1418/7620MB,(lfb,121x4MB),SWAP,388/3810MB,(cached,2MB),CPU,[90%@1344,0%@1344,0%@1344,0%@1344,0%@1344,0%@1344],GR3D_FREQ,54%,cpu@52.562C,soc2@50.156C,soc0@50.5C,gpu@52.406C,tj@52.562C,soc1@51C,VDD_IN,10977mW/6091mW,VDD_CPU_GPU_CV,4290mW/1592mW,VDD_SOC,3503mW/2473mW
07-25-2026,17:42:25,RAM,1419/7620MB,(lfb,121x4MB),SWAP,388/3810MB,(cached,2MB),CPU,[81%@1344,0%@1344,0%@1344,0%@1344,8%@1344,0%@1344],GR3D_FREQ,56%,cpu@52.406C,soc2@50.125C,soc0@50.625C,gpu@52.625C,tj@52.625C,soc1@50.656C,VDD_IN,11235mW/6148mW,VDD_CPU_GPU_CV,4401mW/1623mW,VDD_SOC,3542mW/2485mW
07-25-2026,17:42:25,RAM,1419/7620MB,(lfb,121x4MB),SWAP,388/3810MB,(cached,2MB),CPU,[90%@1344,0%@1344,0%@1344,0%@1344,0%@1344,0%@1344],GR3D_FREQ,69%,cpu@52.375C,soc2@50.093C,soc0@50.718C,gpu@52.937C,tj@52.937C,soc1@50.593C,VDD_IN,11354mW/6205mW,VDD_CPU_GPU_CV,4440mW/1654mW,VDD_SOC,3581mW/2497mW
07-25-2026,17:42:25,RAM,1419/7620MB,(lfb,121x4MB),SWAP,388/3810MB,(cached,2MB),CPU,[80%@1344,8%@1344,0%@1344,0%@1344,0%@1344,0%@1344],GR3D_FREQ,46%,cpu@52.312C,soc2@50.25C,soc0@50.812C,gpu@52.718C,tj@52.718C,soc1@50.781C,VDD_IN,11551mW/6262mW,VDD_CPU_GPU_CV,4558mW/1685mW,VDD_SOC,3621mW/2509mW
07-25-2026,17:42:25,RAM,1434/7620MB,(lfb,121x4MB),SWAP,388/3810MB,(cached,2MB),CPU,[91%@1344,0%@1344,0%@1344,0%@1344,0%@1344,0%@1344],GR3D_FREQ,64%,cpu@52.187C,soc2@50.312C,soc0@50.625C,gpu@53.062C,tj@53.062C,soc1@50.875C,VDD_IN,11156mW/6314mW,VDD_CPU_GPU_CV,4361mW/1713mW,VDD_SOC,3542mW/2520mW
07-25-2026,17:42:26,RAM,1434/7620MB,(lfb,121x4MB),SWAP,388/3810MB,(cached,2MB),CPU,[81%@1344,0%@1344,0%@1344,0%@1344,0%@1344,0%@1344],GR3D_FREQ,60%,cpu@52.25C,soc2@50.187C,soc0@50.75C,gpu@53.062C,tj@53.062C,soc1@50.687C,VDD_IN,11275mW/6366mW,VDD_CPU_GPU_CV,4401mW/1742mW,VDD_SOC,3581mW/2531mW
07-25-2026,17:42:26,RAM,1434/7620MB,(lfb,121x4MB),SWAP,388/3810MB,(cached,2MB),CPU,[88%@1344,0%@1344,0%@1344,0%@1344,0%@1344,0%@1344],GR3D_FREQ,52%,cpu@52.343C,soc2@50.156C,soc0@50.812C,gpu@52.968C,tj@52.968C,soc1@50.687C,VDD_IN,11472mW/6419mW,VDD_CPU_GPU_CV,4519mW/1771mW,VDD_SOC,3621mW/2542mW
07-25-2026,17:42:26,RAM,1434/7620MB,(lfb,121x4MB),SWAP,388/3810MB,(cached,2MB),CPU,[81%@1344,0%@1344,0%@1344,0%@1344,0%@1344,0%@1344],GR3D_FREQ,74%,cpu@52.687C,soc2@50.25C,soc0@50.656C,gpu@53.156C,tj@53.156C,soc1@50.875C,VDD_IN,11511mW/6472mW,VDD_CPU_GPU_CV,4519mW/1799mW,VDD_SOC,3621mW/2553mW
07-25-2026,17:42:26,RAM,1434/7620MB,(lfb,121x4MB),SWAP,388/3810MB,(cached,2MB),CPU,[90%@1344,0%@1344,0%@1344,0%@1344,0%@1344,0%@1344],GR3D_FREQ,46%,cpu@52.312C,soc2@50.406C,soc0@50.687C,gpu@53.093C,tj@53.093C,soc1@50.937C,VDD_IN,11669mW/6525mW,VDD_CPU_GPU_CV,4597mW/1827mW,VDD_SOC,3660mW/2565mW
07-25-2026,17:42:26,RAM,1434/7620MB,(lfb,121x4MB),SWAP,388/3810MB,(cached,2MB),CPU,[81%@1344,0%@1344,0%@1344,0%@1344,0%@1344,0%@1344],GR3D_FREQ,82%,cpu@52.406C,soc2@50.218C,soc0@50.781C,gpu@53C,tj@53C,soc1@50.75C,VDD_IN,11669mW/6577mW,VDD_CPU_GPU_CV,4597mW/1855mW,VDD_SOC,3660mW/2576mW
07-25-2026,17:42:26,RAM,1435/7620MB,(lfb,121x4MB),SWAP,388/3810MB,(cached,2MB),CPU,[80%@1344,0%@1344,0%@1344,8%@1344,9%@1344,0%@1344],GR3D_FREQ,38%,cpu@52.531C,soc2@50.437C,soc0@50.968C,gpu@53C,tj@53C,soc1@50.718C,VDD_IN,11827mW/6629mW,VDD_CPU_GPU_CV,4676mW/1884mW,VDD_SOC,3699mW/2587mW
07-25-2026,17:42:26,RAM,1435/7620MB,(lfb,121x4MB),SWAP,388/3810MB,(cached,2MB),CPU,[90%@1344,9%@1344,0%@1344,0%@1344,0%@1344,0%@1344],GR3D_FREQ,87%,cpu@52.718C,soc2@50.406C,soc0@50.812C,gpu@52.75C,tj@52.75C,soc1@51.031C,VDD_IN,11787mW/6681mW,VDD_CPU_GPU_CV,4676mW/1911mW,VDD_SOC,3660mW/2598mW
07-25-2026,17:42:26,RAM,1448/7620MB,(lfb,121x4MB),SWAP,388/3810MB,(cached,2MB),CPU,[90%@1344,8%@1344,0%@1344,0%@1344,0%@1344,0%@1344],GR3D_FREQ,70%,cpu@52.812C,soc2@50.312C,soc0@50.781C,gpu@52.937C,tj@52.937C,soc1@50.718C,VDD_IN,11354mW/6726mW,VDD_CPU_GPU_CV,4440mW/1936mW,VDD_SOC,3581mW/2607mW
07-25-2026,17:42:26,RAM,1448/7620MB,(lfb,121x4MB),SWAP,388/3810MB,(cached,2MB),CPU,[81%@1344,0%@1344,0%@1344,0%@1344,0%@1344,0%@1344],GR3D_FREQ,45%,cpu@52.437C,soc2@50.343C,soc0@50.875C,gpu@52.968C,tj@52.968C,soc1@50.75C,VDD_IN,11551mW/6773mW,VDD_CPU_GPU_CV,4519mW/1961mW,VDD_SOC,3621mW/2617mW
07-25-2026,17:42:27,RAM,1448/7620MB,(lfb,121x4MB),SWAP,388/3810MB,(cached,2MB),CPU,[90%@1344,0%@1344,0%@1344,0%@1344,0%@1344,0%@1344],GR3D_FREQ,83%,cpu@52.593C,soc2@50.437C,soc0@51C,gpu@52.781C,tj@52.781C,soc1@50.843C,VDD_IN,11551mW/6819mW,VDD_CPU_GPU_CV,4558mW/1986mW,VDD_SOC,3660mW/2627mW
07-25-2026,17:42:27,RAM,1448/7620MB,(lfb,121x4MB),SWAP,388/3810MB,(cached,2MB),CPU,[80%@1344,0%@1344,0%@1344,0%@1344,0%@1344,0%@1344],GR3D_FREQ,40%,cpu@52.718C,soc2@50.406C,soc0@50.812C,gpu@52.968C,tj@52.968C,soc1@51C,VDD_IN,11708mW/6866mW,VDD_CPU_GPU_CV,4636mW/2011mW,VDD_SOC,3660mW/2637mW
07-25-2026,17:42:27,RAM,1448/7620MB,(lfb,121x4MB),SWAP,388/3810MB,(cached,2MB),CPU,[90%@1344,9%@1344,0%@1344,0%@1344,0%@1344,0%@1344],GR3D_FREQ,87%,cpu@52.906C,soc2@50.406C,soc0@50.781C,gpu@53C,tj@53C,soc1@50.781C,VDD_IN,11669mW/6911mW,VDD_CPU_GPU_CV,4597mW/2036mW,VDD_SOC,3660mW/2647mW
07-25-2026,17:42:27,RAM,1448/7620MB,(lfb,121x4MB),SWAP,388/3810MB,(cached,2MB),CPU,[83%@1344,0%@1344,0%@1344,0%@1344,0%@1344,0%@1344],GR3D_FREQ,31%,cpu@52.625C,soc2@50.468C,soc0@51C,gpu@53.156C,tj@53.156C,soc1@50.781C,VDD_IN,11827mW/6957mW,VDD_CPU_GPU_CV,4676mW/2060mW,VDD_SOC,3699mW/2656mW
07-25-2026,17:42:27,RAM,1448/7620MB,(lfb,121x4MB),SWAP,388/3810MB,(cached,2MB),CPU,[81%@1344,0%@1344,0%@1344,0%@1344,0%@1344,0%@1344],GR3D_FREQ,78%,cpu@52.906C,soc2@50.5C,soc0@51.156C,gpu@53.375C,tj@53.375C,soc1@51C,VDD_IN,11787mW/7002mW,VDD_CPU_GPU_CV,4636mW/2084mW,VDD_SOC,3660mW/2666mW
07-25-2026,17:42:27,RAM,1448/7620MB,(lfb,121x4MB),SWAP,388/3810MB,(cached,2MB),CPU,[90%@1344,0%@1344,0%@1344,0%@1344,0%@1344,0%@1344],GR3D_FREQ,43%,cpu@52.812C,soc2@50.531C,soc0@50.781C,gpu@53.531C,tj@53.531C,soc1@51.093C,VDD_IN,11906mW/7047mW,VDD_CPU_GPU_CV,4715mW/2108mW,VDD_SOC,3699mW/2675mW
07-25-2026,17:42:27,RAM,1448/7620MB,(lfb,121x4MB),SWAP,388/3810MB,(cached,2MB),CPU,[81%@1344,0%@1344,9%@1344,0%@1344,0%@1344,0%@1344],GR3D_FREQ,65%,cpu@52.656C,soc2@50.5C,soc0@50.968C,gpu@53.093C,tj@53.093C,soc1@50.875C,VDD_IN,11866mW/7090mW,VDD_CPU_GPU_CV,4676mW/2132mW,VDD_SOC,3699mW/2684mW
07-25-2026,17:42:27,RAM,1448/7620MB,(lfb,121x4MB),SWAP,388/3810MB,(cached,2MB),CPU,[90%@1344,0%@1344,0%@1344,0%@1344,0%@1344,0%@1344],GR3D_FREQ,59%,cpu@52.531C,soc2@50.468C,soc0@51C,gpu@53.218C,tj@53.218C,soc1@50.937C,VDD_IN,11708mW/7132mW,VDD_CPU_GPU_CV,4597mW/2154mW,VDD_SOC,3660mW/2693mW
07-25-2026,17:42:27,RAM,1460/7620MB,(lfb,121x4MB),SWAP,388/3810MB,(cached,2MB),CPU,[81%@1344,0%@1344,0%@1344,0%@1344,0%@1344,0%@1344],GR3D_FREQ,31%,cpu@52.718C,soc2@50.625C,soc0@51.218C,gpu@53.437C,tj@53.437C,soc1@51C,VDD_IN,11511mW/7171mW,VDD_CPU_GPU_CV,4479mW/2175mW,VDD_SOC,3621mW/2702mW
07-25-2026,17:42:27,RAM,1460/7620MB,(lfb,121x4MB),SWAP,388/3810MB,(cached,2MB),CPU,[90%@1344,0%@1344,0%@1344,0%@1344,0%@1344,0%@1344],GR3D_FREQ,75%,cpu@52.875C,soc2@50.718C,soc0@50.906C,gpu@53.125C,tj@53.125C,soc1@51.187C,VDD_IN,11551mW/7210mW,VDD_CPU_GPU_CV,4519mW/2195mW,VDD_SOC,3621mW/2710mW
07-25-2026,17:42:28,RAM,1460/7620MB,(lfb,121x4MB),SWAP,388/3810MB,(cached,2MB),CPU,[77%@1344,9%@1344,0%@1344,0%@1344,0%@1344,0%@1344],GR3D_FREQ,50%,cpu@52.625C,soc2@50.531C,soc0@51.125C,gpu@53.218C,tj@53.218C,soc1@50.843C,VDD_IN,11748mW/7250mW,VDD_CPU_GPU_CV,4597mW/2217mW,VDD_SOC,3660mW/2718mW
07-25-2026,17:42:28,RAM,1460/7620MB,(lfb,121x4MB),SWAP,388/3810MB,(cached,2MB),CPU,[0%@1344,90%@1344,0%@1344,0%@1344,0%@1344,0%@1344],GR3D_FREQ,38%,cpu@52.812C,soc2@50.687C,soc0@51.218C,gpu@53.156C,tj@53.156C,soc1@50.937C,VDD_IN,11708mW/7289mW,VDD_CPU_GPU_CV,4597mW/2237mW,VDD_SOC,3660mW/2726mW
07-25-2026,17:42:28,RAM,1460/7620MB,(lfb,121x4MB),SWAP,388/3810MB,(cached,2MB),CPU,[0%@1344,81%@1344,0%@1344,0%@1344,0%@1344,0%@1344],GR3D_FREQ,78%,cpu@52.718C,soc2@50.75C,soc0@50.968C,gpu@53.156C,tj@53.156C,soc1@51.062C,VDD_IN,11866mW/7328mW,VDD_CPU_GPU_CV,4676mW/2258mW,VDD_SOC,3699mW/2735mW
07-25-2026,17:42:28,RAM,1460/7620MB,(lfb,121x4MB),SWAP,388/3810MB,(cached,2MB),CPU,[0%@1344,80%@1344,0%@1344,0%@1344,0%@1344,0%@1344],GR3D_FREQ,37%,cpu@52.781C,soc2@50.531C,soc0@51C,gpu@53.125C,tj@53.125C,soc1@50.906C,VDD_IN,11827mW/7366mW,VDD_CPU_GPU_CV,4676mW/2279mW,VDD_SOC,3699mW/2743mW
07-25-2026,17:42:28,RAM,1460/7620MB,(lfb,121x4MB),SWAP,388/3810MB,(cached,2MB),CPU,[8%@1344,80%@1344,0%@1344,0%@1344,0%@1344,0%@1344],GR3D_FREQ,78%,cpu@52.812C,soc2@50.656C,soc0@51.062C,gpu@53.218C,tj@53.218C,soc1@50.937C,VDD_IN,11945mW/7405mW,VDD_CPU_GPU_CV,4715mW/2300mW,VDD_SOC,3699mW/2751mW
07-25-2026,17:42:28,RAM,1460/7620MB,(lfb,121x4MB),SWAP,388/3810MB,(cached,2MB),CPU,[0%@1344,90%@1344,0%@1344,0%@1344,0%@1344,0%@1344],GR3D_FREQ,36%,cpu@53.093C,soc2@50.718C,soc0@51.156C,gpu@53.718C,tj@53.718C,soc1@51.093C,VDD_IN,11906mW/7443mW,VDD_CPU_GPU_CV,4715mW/2320mW,VDD_SOC,3699mW/2759mW
07-25-2026,17:42:28,RAM,1460/7620MB,(lfb,121x4MB),SWAP,388/3810MB,(cached,2MB),CPU,[0%@1344,81%@1344,0%@1344,0%@1344,0%@1344,0%@1344],GR3D_FREQ,77%,cpu@53.218C,soc2@50.812C,soc0@50.968C,gpu@53.531C,tj@53.531C,soc1@51.25C,VDD_IN,11984mW/7481mW,VDD_CPU_GPU_CV,4754mW/2340mW,VDD_SOC,3739mW/2767mW
07-25-2026,17:42:28,RAM,1460/7620MB,(lfb,121x4MB),SWAP,388/3810MB,(cached,2MB),CPU,[9%@1344,90%@1344,0%@1344,0%@1344,0%@1344,0%@1344],GR3D_FREQ,36%,cpu@52.75C,soc2@50.656C,soc0@51.062C,gpu@53.156C,tj@53.406C,soc1@51C,VDD_IN,11906mW/7517mW,VDD_CPU_GPU_CV,4754mW/2360mW,VDD_SOC,3739mW/2775mW
07-25-2026,17:42:28,RAM,1460/7620MB,(lfb,121x4MB),SWAP,388/3810MB,(cached,2MB),CPU,[0%@1344,81%@1344,0%@1344,0%@1344,0%@1344,0%@1344],GR3D_FREQ,78%,cpu@52.843C,soc2@50.718C,soc0@51.218C,gpu@53.781C,tj@53.781C,soc1@51.093C,VDD_IN,11984mW/7554mW,VDD_CPU_GPU_CV,4794mW/2380mW,VDD_SOC,3739mW/2783mW
07-25-2026,17:42:29,RAM,1476/7620MB,(lfb,121x4MB),SWAP,388/3810MB,(cached,2MB),CPU,[0%@1344,90%@1344,0%@1344,0%@1344,0%@1344,0%@1344],GR3D_FREQ,72%,cpu@53C,soc2@50.562C,soc0@51.375C,gpu@53.468C,tj@53.468C,soc1@51.156C,VDD_IN,11472mW/7586mW,VDD_CPU_GPU_CV,4479mW/2397mW,VDD_SOC,3621mW/2790mW
07-25-2026,17:42:29,RAM,1476/7620MB,(lfb,121x4MB),SWAP,388/3810MB,(cached,2MB),CPU,[0%@1344,81%@1344,0%@1344,0%@1344,0%@1344,0%@1344],GR3D_FREQ,43%,cpu@53.218C,soc2@50.75C,soc0@51.062C,gpu@53.375C,tj@53.375C,soc1@51.343C,VDD_IN,11551mW/7618mW,VDD_CPU_GPU_CV,4519mW/2414mW,VDD_SOC,3621mW/2797mW
07-25-2026,17:42:29,RAM,1476/7620MB,(lfb,121x4MB),SWAP,388/3810MB,(cached,2MB),CPU,[0%@1344,81%@1344,0%@1344,0%@1344,0%@1344,0%@1344],GR3D_FREQ,74%,cpu@52.843C,soc2@50.718C,soc0@51.187C,gpu@53.781C,tj@53.781C,soc1@50.968C,VDD_IN,11708mW/7651mW,VDD_CPU_GPU_CV,4636mW/2432mW,VDD_SOC,3660mW/2803mW
07-25-2026,17:42:29,RAM,1476/7620MB,(lfb,121x4MB),SWAP,388/3810MB,(cached,2MB),CPU,[0%@1344,90%@1344,0%@1344,0%@1344,0%@1344,0%@1344],GR3D_FREQ,41%,cpu@52.781C,soc2@50.718C,soc0@51.25C,gpu@53.5C,tj@53.5C,soc1@51.093C,VDD_IN,11748mW/7683mW,VDD_CPU_GPU_CV,4636mW/2449mW,VDD_SOC,3699mW/2811mW
07-25-2026,17:42:29,RAM,1476/7620MB,(lfb,121x4MB),SWAP,388/3810MB,(cached,2MB),CPU,[0%@1344,81%@1344,0%@1344,0%@1344,0%@1344,0%@1344],GR3D_FREQ,77%,cpu@53.093C,soc2@50.812C,soc0@51.25C,gpu@53.562C,tj@53.562C,soc1@51.156C,VDD_IN,11827mW/7716mW,VDD_CPU_GPU_CV,4715mW/2467mW,VDD_SOC,3699mW/2818mW
07-25-2026,17:42:29,RAM,1476/7620MB,(lfb,121x4MB),SWAP,388/3810MB,(cached,2MB),CPU,[0%@1344,83%@1344,0%@1344,0%@1344,0%@1344,0%@1344],GR3D_FREQ,38%,cpu@53.187C,soc2@50.937C,soc0@51.156C,gpu@53.406C,tj@53.406C,soc1@51.281C,VDD_IN,11866mW/7748mW,VDD_CPU_GPU_CV,4715mW/2485mW,VDD_SOC,3699mW/2824mW
07-25-2026,17:42:29,RAM,1476/7620MB,(lfb,121x4MB),SWAP,388/3810MB,(cached,2MB),CPU,[9%@1344,80%@1344,9%@1344,9%@1344,0%@1344,0%@1344],GR3D_FREQ,78%,cpu@53.375C,soc2@50.781C,soc0@51.156C,gpu@53.656C,tj@53.656C,soc1@51.093C,VDD_IN,11945mW/7781mW,VDD_CPU_GPU_CV,4754mW/2502mW,VDD_SOC,3739mW/2831mW
07-25-2026,17:42:29,RAM,1476/7620MB,(lfb,121x4MB),SWAP,388/3810MB,(cached,2MB),CPU,[0%@1344,90%@1344,0%@1344,0%@1344,0%@1344,0%@1344],GR3D_FREQ,35%,cpu@53.031C,soc2@50.843C,soc0@51.375C,gpu@53.5C,tj@53.5C,soc1@51.187C,VDD_IN,11945mW/7813mW,VDD_CPU_GPU_CV,4754mW/2520mW,VDD_SOC,3739mW/2838mW
07-25-2026,17:42:29,RAM,1476/7620MB,(lfb,121x4MB),SWAP,388/3810MB,(cached,2MB),CPU,[9%@1344,80%@1344,0%@1344,0%@1344,0%@1344,0%@1344],GR3D_FREQ,78%,cpu@53.062C,soc2@50.812C,soc0@51.156C,gpu@53.406C,tj@53.406C,soc1@51.187C,VDD_IN,11984mW/7845mW,VDD_CPU_GPU_CV,4754mW/2537mW,VDD_SOC,3739mW/2845mW
07-25-2026,17:42:29,RAM,1476/7620MB,(lfb,121x4MB),SWAP,388/3810MB,(cached,2MB),CPU,[0%@1344,80%@1344,0%@1344,0%@1344,0%@1344,0%@1344],GR3D_FREQ,33%,cpu@53.25C,soc2@50.937C,soc0@51.125C,gpu@53.406C,tj@53.406C,soc1@51.312C,VDD_IN,11945mW/7876mW,VDD_CPU_GPU_CV,4794mW/2554mW,VDD_SOC,3739mW/2852mW
07-25-2026,17:42:30,RAM,1476/7620MB,(lfb,121x4MB),SWAP,388/3810MB,(cached,2MB),CPU,[0%@1344,90%@1344,0%@1344,0%@1344,0%@1344,0%@1344],GR3D_FREQ,77%,cpu@52.906C,soc2@50.875C,soc0@51.187C,gpu@53.531C,tj@53.875C,soc1@51.125C,VDD_IN,11984mW/7907mW,VDD_CPU_GPU_CV,4794mW/2571mW,VDD_SOC,3739mW/2859mW
07-25-2026,17:42:30,RAM,1476/7620MB,(lfb,121x4MB),SWAP,388/3810MB,(cached,2MB),CPU,[0%@1344,81%@1344,0%@1344,0%@1344,0%@1344,0%@1344],GR3D_FREQ,33%,cpu@53.093C,soc2@50.812C,soc0@51.343C,gpu@53.406C,tj@53.406C,soc1@51.187C,VDD_IN,11984mW/7937mW,VDD_CPU_GPU_CV,4786mW/2587mW,VDD_SOC,3739mW/2865mW
07-25-2026,17:42:30,RAM,1476/7620MB,(lfb,121x4MB),SWAP,388/3810MB,(cached,2MB),CPU,[0%@1344,81%@1344,0%@1344,0%@1344,0%@1344,0%@1344],GR3D_FREQ,82%,cpu@53.093C,soc2@51C,soc0@51.437C,gpu@53.375C,tj@53.375C,soc1@51.218C,VDD_IN,11984mW/7967mW,VDD_CPU_GPU_CV,4794mW/2604mW,VDD_SOC,3739mW/2872mW
07-25-2026,17:42:30,RAM,1492/7620MB,(lfb,121x4MB),SWAP,388/3810MB,(cached,2MB),CPU,[0%@1344,90%@1344,0%@1344,0%@1344,0%@1344,0%@1344],GR3D_FREQ,70%,cpu@53.156C,soc2@50.968C,soc0@51.218C,gpu@53.656C,tj@53.656C,soc1@51.375C,VDD_IN,11432mW/7992mW,VDD_CPU_GPU_CV,4479mW/2617mW,VDD_SOC,3621mW/2877mW
07-25-2026,17:42:30,RAM,1492/7620MB,(lfb,121x4MB),SWAP,388/3810MB,(cached,2MB),CPU,[0%@1344,90%@1344,0%@1344,0%@1344,0%@1344,0%@1344],GR3D_FREQ,44%,cpu@53.031C,soc2@50.906C,soc0@51.312C,gpu@53.5C,tj@53.5C,soc1@51.125C,VDD_IN,11551mW/8018mW,VDD_CPU_GPU_CV,4558mW/2632mW,VDD_SOC,3660mW/2883mW
07-25-2026,17:42:30,RAM,1492/7620MB,(lfb,121x4MB),SWAP,388/3810MB,(cached,2MB),CPU,[0%@1344,81%@1344,0%@1344,0%@1344,9%@1344,0%@1344],GR3D_FREQ,76%,cpu@53.031C,soc2@50.937C,soc0@51.437C,gpu@53.406C,tj@53.406C,soc1@51.25C,VDD_IN,11669mW/8045mW,VDD_CPU_GPU_CV,4636mW/2646mW,VDD_SOC,3660mW/2889mW
07-25-2026,17:42:30,RAM,1492/7620MB,(lfb,121x4MB),SWAP,388/3810MB,(cached,2MB),CPU,[0%@1344,83%@1344,9%@1344,0%@1344,0%@1344,8%@1344],GR3D_FREQ,40%,cpu@53.156C,soc2@50.906C,soc0@51.437C,gpu@53.875C,tj@53.875C,soc1@51.343C,VDD_IN,11748mW/8072mW,VDD_CPU_GPU_CV,4676mW/2661mW,VDD_SOC,3699mW/2895mW
07-25-2026,17:42:30,RAM,1492/7620MB,(lfb,121x4MB),SWAP,388/3810MB,(cached,2MB),CPU,[9%@1344,81%@1344,0%@1344,0%@1344,0%@1344,0%@1344],GR3D_FREQ,77%,cpu@53.218C,soc2@50.937C,soc0@51.281C,gpu@53.656C,tj@53.656C,soc1@51.625C,VDD_IN,11827mW/8098mW,VDD_CPU_GPU_CV,4715mW/2675mW,VDD_SOC,3699mW/2900mW
07-25-2026,17:42:30,RAM,1492/7620MB,(lfb,121x4MB),SWAP,388/3810MB,(cached,2MB),CPU,[0%@1344,81%@1344,0%@1344,0%@1344,0%@1344,0%@1344],GR3D_FREQ,36%,cpu@53.125C,soc2@50.843C,soc0@51.343C,gpu@53.437C,tj@53.718C,soc1@51.187C,VDD_IN,11866mW/8125mW,VDD_CPU_GPU_CV,4754mW/2690mW,VDD_SOC,3739mW/2906mW
07-25-2026,17:42:31,RAM,1492/7620MB,(lfb,121x4MB),SWAP,388/3810MB,(cached,2MB),CPU,[90%@1344,9%@1344,0%@1344,0%@1344,0%@1344,0%@1344],GR3D_FREQ,78%,cpu@52.968C,soc2@50.968C,soc0@51.406C,gpu@53.875C,tj@53.875C,soc1@51.281C,VDD_IN,11866mW/8151mW,VDD_CPU_GPU_CV,4715mW/2704mW,VDD_SOC,3699mW/2912mW
07-25-2026,17:42:31,RAM,1492/7620MB,(lfb,121x4MB),SWAP,388/3810MB,(cached,2MB),CPU,[81%@1344,0%@1344,0%@1344,0%@1344,0%@1344,0%@1344],GR3D_FREQ,49%,cpu@53.093C,soc2@51.031C,soc0@51.187C,gpu@53.781C,tj@53.781C,soc1@51.281C,VDD_IN,11906mW/8178mW,VDD_CPU_GPU_CV,4754mW/2719mW,VDD_SOC,3739mW/2918mW
07-25-2026,17:42:31,RAM,1492/7620MB,(lfb,121x4MB),SWAP,388/3810MB,(cached,2MB),CPU,[90%@1344,0%@1344,0%@1344,0%@1344,0%@1344,0%@1344],GR3D_FREQ,64%,cpu@53.125C,soc2@50.937C,soc0@51.406C,gpu@53.656C,tj@53.656C,soc1@51.468C,VDD_IN,11945mW/8204mW,VDD_CPU_GPU_CV,4754mW/2733mW,VDD_SOC,3699mW/2923mW
07-25-2026,17:42:31,RAM,1492/7620MB,(lfb,121x4MB),SWAP,388/3810MB,(cached,2MB),CPU,[81%@1344,0%@1344,0%@1344,0%@1344,0%@1344,0%@1344],GR3D_FREQ,55%,cpu@53C,soc2@50.937C,soc0@51.437C,gpu@53.656C,tj@53.656C,soc1@51.218C,VDD_IN,11945mW/8230mW,VDD_CPU_GPU_CV,4754mW/2747mW,VDD_SOC,3739mW/2929mW
07-25-2026,17:42:31,RAM,1492/7620MB,(lfb,121x4MB),SWAP,388/3810MB,(cached,2MB),CPU,[81%@1344,0%@1344,0%@1344,0%@1344,0%@1344,0%@1344],GR3D_FREQ,56%,cpu@52.968C,soc2@51.093C,soc0@51.468C,gpu@53.781C,tj@53.781C,soc1@51.281C,VDD_IN,11945mW/8255mW,VDD_CPU_GPU_CV,4754mW/2761mW,VDD_SOC,3739mW/2934mW
07-25-2026,17:42:31,RAM,1492/7620MB,(lfb,121x4MB),SWAP,388/3810MB,(cached,2MB),CPU,[88%@1344,0%@1344,0%@1344,0%@1344,0%@1344,0%@1344],GR3D_FREQ,65%,cpu@53.5C,soc2@51.031C,soc0@51.593C,gpu@53.75C,tj@53.75C,soc1@51.375C,VDD_IN,11945mW/8280mW,VDD_CPU_GPU_CV,4754mW/2774mW,VDD_SOC,3739mW/2940mW
07-25-2026,17:42:31,RAM,1492/7620MB,(lfb,121x4MB),SWAP,388/3810MB,(cached,2MB),CPU,[83%@1344,0%@1344,0%@1344,0%@1344,0%@1344,0%@1344],GR3D_FREQ,48%,cpu@53C,soc2@50.937C,soc0@51.312C,gpu@53.562C,tj@53.562C,soc1@51.343C,VDD_IN,11984mW/8305mW,VDD_CPU_GPU_CV,4754mW/2788mW,VDD_SOC,3739mW/2945mW
07-25-2026,17:42:31,RAM,1492/7620MB,(lfb,121x4MB),SWAP,388/3810MB,(cached,2MB),CPU,[88%@1344,0%@1344,0%@1344,0%@1344,0%@1344,0%@1344],GR3D_FREQ,75%,cpu@53C,soc2@51C,soc0@51.437C,gpu@53.562C,tj@53.562C,soc1@51.406C,VDD_IN,11984mW/8330mW,VDD_CPU_GPU_CV,4754mW/2801mW,VDD_SOC,3739mW/2950mW
07-25-2026,17:42:31,RAM,1492/7620MB,(lfb,121x4MB),SWAP,388/3810MB,(cached,2MB),CPU,[81%@1344,0%@1344,0%@1344,0%@1344,0%@1344,0%@1344],GR3D_FREQ,45%,cpu@53.062C,soc2@50.968C,soc0@51.625C,gpu@53.718C,tj@53.718C,soc1@51.437C,VDD_IN,12024mW/8355mW,VDD_CPU_GPU_CV,4794mW/2814mW,VDD_SOC,3739mW/2956mW
07-25-2026,17:42:32,RAM,1492/7620MB,(lfb,121x4MB),SWAP,388/3810MB,(cached,2MB),CPU,[90%@1344,9%@1344,0%@1344,0%@1344,0%@1344,0%@1344],GR3D_FREQ,0%,cpu@53.156C,soc2@51.031C,soc0@51.406C,gpu@53.125C,tj@53.156C,soc1@51.593C,VDD_IN,11432mW/8375mW,VDD_CPU_GPU_CV,4479mW/2825mW,VDD_SOC,3581mW/2960mW
07-25-2026,17:42:32,RAM,1510/7620MB,(lfb,121x4MB),SWAP,388/3810MB,(cached,2MB),CPU,[90%@1344,0%@1344,0%@1344,0%@1344,0%@1344,0%@1344],GR3D_FREQ,75%,cpu@53.031C,soc2@50.937C,soc0@51.437C,gpu@53.437C,tj@53.437C,soc1@51.656C,VDD_IN,11393mW/8395mW,VDD_CPU_GPU_CV,4440mW/2836mW,VDD_SOC,3581mW/2964mW
07-25-2026,17:42:32,RAM,1510/7620MB,(lfb,121x4MB),SWAP,388/3810MB,(cached,2MB),CPU,[80%@1344,0%@1344,0%@1344,0%@1344,0%@1344,0%@1344],GR3D_FREQ,48%,cpu@53C,soc2@51.062C,soc0@51.437C,gpu@54.062C,tj@54.062C,soc1@51.343C,VDD_IN,11630mW/8416mW,VDD_CPU_GPU_CV,4558mW/2847mW,VDD_SOC,3660mW/2968mW
07-25-2026,17:42:32,RAM,1510/7620MB,(lfb,121x4MB),SWAP,388/3810MB,(cached,2MB),CPU,[81%@1344,0%@1344,0%@1344,0%@1344,0%@1344,0%@1344],GR3D_FREQ,63%,cpu@53.312C,soc2@51.156C,soc0@51.625C,gpu@53.531C,tj@53.531C,soc1@51.468C,VDD_IN,11630mW/8437mW,VDD_CPU_GPU_CV,4558mW/2858mW,VDD_SOC,3621mW/2973mW
07-25-2026,17:42:32,RAM,1510/7620MB,(lfb,121x4MB),SWAP,388/3810MB,(cached,2MB),CPU,[80%@1344,0%@1344,0%@1344,0%@1344,0%@1344,0%@1344],GR3D_FREQ,62%,cpu@53.406C,soc2@51.156C,soc0@51.375C,gpu@53.75C,tj@53.75C,soc1@51.593C,VDD_IN,11787mW/8458mW,VDD_CPU_GPU_CV,4636mW/2869mW,VDD_SOC,3660mW/2977mW
07-25-2026,17:42:32,RAM,1510/7620MB,(lfb,121x4MB),SWAP,388/3810MB,(cached,2MB),CPU,[91%@1344,9%@1344,0%@1344,0%@1344,0%@1344,0%@1344],GR3D_FREQ,52%,cpu@53C,soc2@51.031C,soc0@51.375C,gpu@53.875C,tj@53.875C,soc1@51.281C,VDD_IN,11787mW/8480mW,VDD_CPU_GPU_CV,4636mW/2881mW,VDD_SOC,3660mW/2981mW
07-25-2026,17:42:32,RAM,1510/7620MB,(lfb,121x4MB),SWAP,388/3810MB,(cached,2MB),CPU,[80%@1344,0%@1344,0%@1344,0%@1344,0%@1344,0%@1344],GR3D_FREQ,72%,cpu@53.062C,soc2@51.125C,soc0@51.5C,gpu@54C,tj@54C,soc1@51.343C,VDD_IN,11866mW/8501mW,VDD_CPU_GPU_CV,4715mW/2892mW,VDD_SOC,3699mW/2986mW
07-25-2026,17:42:32,RAM,1510/7620MB,(lfb,121x4MB),SWAP,388/3810MB,(cached,2MB),CPU,[90%@1344,0%@1344,0%@1344,0%@1344,0%@1344,0%@1344],GR3D_FREQ,45%,cpu@53.312C,soc2@51.031C,soc0@51.718C,gpu@54.187C,tj@54.187C,soc1@51.437C,VDD_IN,11866mW/8523mW,VDD_CPU_GPU_CV,4715mW/2904mW,VDD_SOC,3699mW/2991mW
07-25-2026,17:42:32,RAM,1510/7620MB,(lfb,121x4MB),SWAP,388/3810MB,(cached,2MB),CPU,[80%@1344,0%@1344,0%@1344,0%@1344,0%@1344,0%@1344],GR3D_FREQ,84%,cpu@53.375C,soc2@51.25C,soc0@51.437C,gpu@54.031C,tj@54.031C,soc1@51.5C,VDD_IN,11866mW/8544mW,VDD_CPU_GPU_CV,4715mW/2915mW,VDD_SOC,3699mW/2995mW
07-25-2026,17:42:32,RAM,1510/7620MB,(lfb,121x4MB),SWAP,388/3810MB,(cached,2MB),CPU,[90%@1344,0%@1344,0%@1344,0%@1344,0%@1344,0%@1344],GR3D_FREQ,42%,cpu@53.5C,soc2@51.125C,soc0@51.437C,gpu@53.875C,tj@53.875C,soc1@51.343C,VDD_IN,11906mW/8565mW,VDD_CPU_GPU_CV,4715mW/2927mW,VDD_SOC,3699mW/2999mW
07-25-2026,17:42:33,RAM,1510/7620MB,(lfb,121x4MB),SWAP,388/3810MB,(cached,2MB),CPU,[80%@1344,0%@1344,0%@1344,0%@1344,0%@1344,0%@1344],GR3D_FREQ,86%,cpu@53.281C,soc2@51.062C,soc0@51.562C,gpu@53.812C,tj@53.812C,soc1@51.437C,VDD_IN,11906mW/8585mW,VDD_CPU_GPU_CV,4715mW/2938mW,VDD_SOC,3739mW/3004mW
07-25-2026,17:42:33,RAM,1510/7620MB,(lfb,121x4MB),SWAP,388/3810MB,(cached,2MB),CPU,[83%@1344,0%@1344,0%@1344,0%@1344,0%@1344,0%@1344],GR3D_FREQ,40%,cpu@53.343C,soc2@51.187C,soc0@51.812C,gpu@54.125C,tj@54.125C,soc1@51.562C,VDD_IN,11945mW/8606mW,VDD_CPU_GPU_CV,4754mW/2949mW,VDD_SOC,3699mW/3008mW
07-25-2026,17:42:33,RAM,1510/7620MB,(lfb,121x4MB),SWAP,388/3810MB,(cached,2MB),CPU,[90%@1344,0%@1344,0%@1344,0%@1344,0%@1344,0%@1344],GR3D_FREQ,43%,cpu@53.625C,soc2@51.281C,soc0@51.468C,gpu@53.875C,tj@53.875C,soc1@51.656C,VDD_IN,11945mW/8627mW,VDD_CPU_GPU_CV,4754mW/2960mW,VDD_SOC,3739mW/3013mW
07-25-2026,17:42:33,RAM,1510/7620MB,(lfb,121x4MB),SWAP,388/3810MB,(cached,2MB),CPU,[81%@1344,8%@1344,0%@1344,0%@1344,0%@1344,0%@1344],GR3D_FREQ,85%,cpu@53.218C,soc2@51.093C,soc0@51.437C,gpu@53.843C,tj@53.843C,soc1@51.437C,VDD_IN,11984mW/8647mW,VDD_CPU_GPU_CV,4794mW/2971mW,VDD_SOC,3739mW/3017mW
07-25-2026,17:42:33,RAM,1510/7620MB,(lfb,121x4MB),SWAP,388/3810MB,(cached,2MB),CPU,[88%@1344,0%@1344,0%@1344,0%@1344,0%@1344,0%@1344],GR3D_FREQ,39%,cpu@53.187C,soc2@51.156C,soc0@51.625C,gpu@53.812C,tj@53.812C,soc1@51.562C,VDD_IN,11945mW/8667mW,VDD_CPU_GPU_CV,4754mW/2982mW,VDD_SOC,3739mW/3022mW
07-25-2026,17:42:33,RAM,1510/7620MB,(lfb,121x4MB),SWAP,388/3810MB,(cached,2MB),CPU,[83%@1344,0%@1344,0%@1344,0%@1344,0%@1344,0%@1344],GR3D_FREQ,87%,cpu@53.343C,soc2@51.25C,soc0@51.75C,gpu@53.687C,tj@53.687C,soc1@51.562C,VDD_IN,12024mW/8687mW,VDD_CPU_GPU_CV,4794mW/2993mW,VDD_SOC,3739mW/3026mW
07-25-2026,17:42:33,RAM,1511/7620MB,(lfb,121x4MB),SWAP,388/3810MB,(cached,2MB),CPU,[90%@1344,8%@1344,0%@1344,0%@1344,9%@1344,0%@1344],GR3D_FREQ,36%,cpu@53.625C,soc2@51.343C,soc0@51.531C,gpu@53.75C,tj@53.75C,soc1@51.781C,VDD_IN,11945mW/8707mW,VDD_CPU_GPU_CV,4754mW/3003mW,VDD_SOC,3739mW/3030mW
07-25-2026,17:42:33,RAM,1511/7620MB,(lfb,121x4MB),SWAP,388/3810MB,(cached,2MB),CPU,[80%@1344,0%@1344,0%@1344,0%@1344,0%@1344,0%@1344],GR3D_FREQ,83%,cpu@53.343C,soc2@51.187C,soc0@51.593C,gpu@53.843C,tj@53.843C,soc1@51.562C,VDD_IN,11984mW/8726mW,VDD_CPU_GPU_CV,4794mW/3014mW,VDD_SOC,3739mW/3034mW
07-25-2026,17:42:33,RAM,1511/7620MB,(lfb,121x4MB),SWAP,388/3810MB,(cached,2MB),CPU,[50%@1344,9%@1344,0%@1344,0%@1344,0%@1344,0%@1344],GR3D_FREQ,0%,cpu@53C,soc2@51.093C,soc0@51.718C,gpu@53.062C,tj@53.062C,soc1@51.562C,VDD_IN,10999mW/8740mW,VDD_CPU_GPU_CV,4243mW/3021mW,VDD_SOC,3503mW/3037mW
07-25-2026,17:42:34,RAM,1511/7620MB,(lfb,121x4MB),SWAP,388/3810MB,(cached,2MB),CPU,[9%@1344,0%@1344,0%@1344,0%@1344,0%@1344,0%@1344],GR3D_FREQ,0%,cpu@52.875C,soc2@51C,soc0@51.75C,gpu@53.062C,tj@53.406C,soc1@51.562C,VDD_IN,9832mW/8746mW,VDD_CPU_GPU_CV,3621mW/3025mW,VDD_SOC,3272mW/3039mW
07-25-2026,17:42:34,RAM,1524/7620MB,(lfb,121x4MB),SWAP,388/3810MB,(cached,2MB),CPU,[0%@1344,0%@1344,0%@1344,0%@1344,0%@1344,0%@1344],GR3D_FREQ,0%,cpu@52.937C,soc2@51.062C,soc0@51.437C,gpu@52.812C,tj@52.906C,soc1@51.875C,VDD_IN,8938mW/8747mW,VDD_CPU_GPU_CV,3114mW/3025mW,VDD_SOC,3080mW/3039mW
07-25-2026,17:42:34,RAM,1524/7620MB,(lfb,121x4MB),SWAP,388/3810MB,(cached,2MB),CPU,[0%@1344,0%@1344,0%@1344,0%@1344,0%@1344,0%@1344],GR3D_FREQ,0%,cpu@52.906C,soc2@50.937C,soc0@51.593C,gpu@53.343C,tj@53.343C,soc1@51.531C,VDD_IN,8187mW/8744mW,VDD_CPU_GPU_CV,2724mW/3024mW,VDD_SOC,2922mW/3038mW
07-25-2026,17:42:34,RAM,1524/7620MB,(lfb,121x4MB),SWAP,388/3810MB,(cached,2MB),CPU,[0%@1344,8%@1344,0%@1344,0%@1344,0%@1344,0%@1344],GR3D_FREQ,0%,cpu@52.718C,soc2@50.812C,soc0@51.656C,gpu@52.812C,tj@53.031C,soc1@51.562C,VDD_IN,7633mW/8738mW,VDD_CPU_GPU_CV,2408mW/3020mW,VDD_SOC,2808mW/3037mW
07-25-2026,17:42:34,RAM,1525/7620MB,(lfb,121x4MB),SWAP,388/3810MB,(cached,2MB),CPU,[0%@1344,0%@1344,0%@1344,0%@1344,0%@1344,0%@1344],GR3D_FREQ,0%,cpu@52.656C,soc2@50.937C,soc0@51.656C,gpu@52.687C,tj@52.687C,soc1@51.656C,VDD_IN,7210mW/8729mW,VDD_CPU_GPU_CV,2135mW/3015mW,VDD_SOC,2729mW/3035mW
07-25-2026,17:42:34,RAM,1525/7620MB,(lfb,121x4MB),SWAP,388/3810MB,(cached,2MB),CPU,[0%@1344,0%@1344,0%@1344,0%@1344,0%@1344,0%@1344],GR3D_FREQ,0%,cpu@52.812C,soc2@50.875C,soc0@51.5C,gpu@53.093C,tj@53.093C,soc1@51.687C,VDD_IN,6853mW/8718mW,VDD_CPU_GPU_CV,1938mW/3009mW,VDD_SOC,2649mW/3033mW
07-25-2026,17:42:34,RAM,1525/7620MB,(lfb,121x4MB),SWAP,388/3810MB,(cached,2MB),CPU,[0%@1344,0%@1344,0%@1344,0%@1344,0%@1344,0%@1344],GR3D_FREQ,0%,cpu@52.812C,soc2@50.812C,soc0@51.437C,gpu@52.593C,tj@52.812C,soc1@51.468C,VDD_IN,6586mW/8706mW,VDD_CPU_GPU_CV,1779mW/3002mW,VDD_SOC,2614mW/3030mW
07-25-2026,17:42:34,RAM,1525/7620MB,(lfb,121x4MB),SWAP,388/3810MB,(cached,2MB),CPU,[9%@1344,0%@1344,9%@1344,0%@1344,0%@1344,0%@1344],GR3D_FREQ,0%,cpu@52.593C,soc2@50.812C,soc0@51.531C,gpu@52.468C,tj@52.593C,soc1@51.562C,VDD_IN,6388mW/8693mW,VDD_CPU_GPU_CV,1703mW/2995mW,VDD_SOC,2535mW/3028mW
07-25-2026,17:42:34,RAM,1525/7620MB,(lfb,121x4MB),SWAP,388/3810MB,(cached,2MB),CPU,[0%@1344,8%@1344,0%@1344,0%@1344,0%@1344,0%@1344],GR3D_FREQ,0%,cpu@52.531C,soc2@50.781C,soc0@51.593C,gpu@53.031C,tj@53.031C,soc1@51.593C,VDD_IN,6190mW/8679mW,VDD_CPU_GPU_CV,1584mW/2987mW,VDD_SOC,2535mW/3025mW
07-25-2026,17:42:34,RAM,1525/7620MB,(lfb,121x4MB),SWAP,388/3810MB,(cached,2MB),CPU,[0%@1344,0%@1344,0%@1344,0%@1344,0%@1344,0%@1344],GR3D_FREQ,0%,cpu@52.562C,soc2@50.781C,soc0@51.656C,gpu@52.562C,tj@52.562C,soc1@51.718C,VDD_IN,6071mW/8664mW,VDD_CPU_GPU_CV,1545mW/2979mW,VDD_SOC,2495mW/3022mW
07-25-2026,17:42:35,RAM,1525/7620MB,(lfb,121x4MB),SWAP,388/3810MB,(cached,2MB),CPU,[0%@1344,0%@1344,0%@1344,0%@1344,0%@1344,0%@1344],GR3D_FREQ,0%,cpu@52.625C,soc2@50.875C,soc0@51.406C,gpu@52.406C,tj@52.625C,soc1@51.875C,VDD_IN,5991mW/8649mW,VDD_CPU_GPU_CV,1465mW/2970mW,VDD_SOC,2456mW/3019mW
07-25-2026,17:42:35,RAM,1525/7620MB,(lfb,121x4MB),SWAP,388/3810MB,(cached,2MB),CPU,[0%@1344,0%@1344,0%@1344,8%@1344,0%@1344,0%@1344],GR3D_FREQ,0%,cpu@52.718C,soc2@50.625C,soc0@51.437C,gpu@52.843C,tj@52.843C,soc1@51.562C,VDD_IN,5912mW/8634mW,VDD_CPU_GPU_CV,1426mW/2962mW,VDD_SOC,2456mW/3016mW
07-25-2026,17:42:35,RAM,1525/7620MB,(lfb,121x4MB),SWAP,388/3810MB,(cached,2MB),CPU,[0%@1344,0%@1344,0%@1344,0%@1344,0%@1344,9%@1344],GR3D_FREQ,0%,cpu@52.531C,soc2@50.625C,soc0@51.593C,gpu@52.5C,tj@52.531C,soc1@51.562C,VDD_IN,5832mW/8619mW,VDD_CPU_GPU_CV,1386mW/2953mW,VDD_SOC,2456mW/3013mW
07-25-2026,17:42:35,RAM,1529/7620MB,(lfb,121x4MB),SWAP,388/3810MB,(cached,2MB),CPU,[0%@1344,0%@1344,36%@1344,0%@1344,0%@1344,0%@1344],GR3D_FREQ,0%,cpu@52.656C,soc2@50.656C,soc0@51.593C,gpu@52.343C,tj@52.656C,soc1@51.562C,VDD_IN,5832mW/8604mW,VDD_CPU_GPU_CV,1386mW/2944mW,VDD_SOC,2416mW/3009mW
07-25-2026,17:42:35,RAM,1534/7620MB,(lfb,121x4MB),SWAP,388/3810MB,(cached,2MB),CPU,[0%@1344,0%@1344,54%@1344,9%@1344,0%@1344,0%@1344],GR3D_FREQ,0%,cpu@52.687C,soc2@50.781C,soc0@51.343C,gpu@52.843C,tj@52.843C,soc1@51.718C,VDD_IN,5832mW/8589mW,VDD_CPU_GPU_CV,1426mW/2936mW,VDD_SOC,2416mW/3006mW
07-25-2026,17:42:35,RAM,1534/7620MB,(lfb,121x4MB),SWAP,388/3810MB,(cached,2MB),CPU,[0%@1344,0%@1344,0%@1344,0%@1344,0%@1344,0%@1344],GR3D_FREQ,0%,cpu@52.625C,soc2@50.531C,soc0@51.343C,gpu@52.375C,tj@52.625C,soc1@51.437C,VDD_IN,5793mW/8573mW,VDD_CPU_GPU_CV,1386mW/2928mW,VDD_SOC,2416mW/3003mW
07-25-2026,17:42:35,RAM,1535/7620MB,(lfb,121x4MB),SWAP,388/3810MB,(cached,2MB),CPU,[0%@1344,0%@1344,0%@1344,9%@1344,0%@1344,9%@1344],GR3D_FREQ,0%,cpu@52.437C,soc2@50.625C,soc0@51.468C,gpu@52.281C,tj@52.437C,soc1@51.531C,VDD_IN,5793mW/8559mW,VDD_CPU_GPU_CV,1346mW/2919mW,VDD_SOC,2416mW/3000mW
07-25-2026,17:42:35,RAM,1534/7620MB,(lfb,121x4MB),SWAP,388/3810MB,(cached,2MB),CPU,[0%@1344,0%@1344,0%@1344,0%@1344,0%@1344,0%@1344],GR3D_FREQ,0%,cpu@52.468C,soc2@50.625C,soc0@51.5C,gpu@52.687C,tj@52.687C,soc1@51.625C,VDD_IN,5753mW/8544mW,VDD_CPU_GPU_CV,1346mW/2911mW,VDD_SOC,2416mW/2997mW
07-25-2026,17:42:35,RAM,1534/7620MB,(lfb,121x4MB),SWAP,388/3810MB,(cached,2MB),CPU,[0%@1344,0%@1344,0%@1344,0%@1344,0%@1344,0%@1344],GR3D_FREQ,0%,cpu@52.5C,soc2@50.687C,soc0@51.406C,gpu@52.312C,tj@52.5C,soc1@51.593C,VDD_IN,5713mW/8528mW,VDD_CPU_GPU_CV,1307mW/2902mW,VDD_SOC,2416mW/2994mW
07-25-2026,17:42:36,RAM,1534/7620MB,(lfb,121x4MB),SWAP,388/3810MB,(cached,2MB),CPU,[0%@1344,0%@1344,0%@1344,0%@1344,0%@1344,0%@1344],GR3D_FREQ,0%,cpu@52.531C,soc2@50.562C,soc0@51.375C,gpu@52.906C,tj@52.906C,soc1@51.812C,VDD_IN,5674mW/8513mW,VDD_CPU_GPU_CV,1307mW/2894mW,VDD_SOC,2416mW/2990mW
07-25-2026,17:42:36,RAM,1534/7620MB,(lfb,121x4MB),SWAP,388/3810MB,(cached,2MB),CPU,[0%@1344,0%@1344,0%@1344,0%@1344,0%@1344,0%@1344],GR3D_FREQ,0%,cpu@52.406C,soc2@50.531C,soc0@51.375C,gpu@52.625C,tj@52.625C,soc1@51.375C,VDD_IN,5674mW/8498mW,VDD_CPU_GPU_CV,1307mW/2886mW,VDD_SOC,2416mW/2987mW
07-25-2026,17:42:36,RAM,1534/7620MB,(lfb,121x4MB),SWAP,388/3810MB,(cached,2MB),CPU,[0%@1344,0%@1344,0%@1344,0%@1344,0%@1344,0%@1344],GR3D_FREQ,0%,cpu@52.406C,soc2@50.593C,soc0@51.406C,gpu@52.25C,tj@52.406C,soc1@51.406C,VDD_IN,5674mW/8484mW,VDD_CPU_GPU_CV,1307mW/2877mW,VDD_SOC,2416mW/2984mW
07-25-2026,17:42:36,RAM,1534/7620MB,(lfb,121x4MB),SWAP,388/3810MB,(cached,2MB),CPU,[0%@1344,0%@1344,0%@1344,0%@1344,0%@1344,0%@1344],GR3D_FREQ,0%,cpu@52.375C,soc2@50.562C,soc0@51.562C,gpu@52.781C,tj@52.781C,soc1@51.562C,VDD_IN,5634mW/8469mW,VDD_CPU_GPU_CV,1267mW/2869mW,VDD_SOC,2416mW/2981mW
07-25-2026,17:42:36,RAM,1534/7620MB,(lfb,121x4MB),SWAP,388/3810MB,(cached,2MB),CPU,[9%@1344,0%@1344,0%@1344,0%@1344,0%@1344,0%@1344],GR3D_FREQ,0%,cpu@52.531C,soc2@50.593C,soc0@51.312C,gpu@52.25C,tj@52.437C,soc1@51.75C,VDD_IN,5634mW/8454mW,VDD_CPU_GPU_CV,1267mW/2861mW,VDD_SOC,2416mW/2979mW
07-25-2026,17:42:36,RAM,1518/7620MB,(lfb,121x4MB),SWAP,388/3810MB,(cached,2MB),CPU,[0%@1344,0%@1344,0%@1344,8%@1344,0%@1344,0%@1344],GR3D_FREQ,0%,cpu@52.562C,soc2@50.531C,soc0@51.406C,gpu@52.25C,tj@52.562C,soc1@51.406C,VDD_IN,5634mW/8440mW,VDD_CPU_GPU_CV,1267mW/2852mW,VDD_SOC,2416mW/2976mW
07-25-2026,17:42:36,RAM,1518/7620MB,(lfb,121x4MB),SWAP,388/3810MB,(cached,2MB),CPU,[0%@1344,0%@1344,0%@1344,0%@1344,0%@1344,0%@1344],GR3D_FREQ,0%,cpu@52.406C,soc2@50.5C,soc0@51.406C,gpu@52.687C,tj@52.687C,soc1@51.437C,VDD_IN,5634mW/8425mW,VDD_CPU_GPU_CV,1267mW/2844mW,VDD_SOC,2416mW/2973mW
07-25-2026,17:42:36,RAM,1518/7620MB,(lfb,121x4MB),SWAP,388/3810MB,(cached,2MB),CPU,[0%@1344,0%@1344,9%@1344,0%@1344,9%@1344,0%@1344],GR3D_FREQ,0%,cpu@52.406C,soc2@50.5C,soc0@51.531C,gpu@52.218C,tj@52.406C,soc1@51.468C,VDD_IN,5674mW/8411mW,VDD_CPU_GPU_CV,1267mW/2836mW,VDD_SOC,2416mW/2970mW
07-25-2026,17:42:36,RAM,1518/7620MB,(lfb,121x4MB),SWAP,388/3810MB,(cached,2MB),CPU,[0%@1344,0%@1344,0%@1344,0%@1344,0%@1344,0%@1344],GR3D_FREQ,0%,cpu@52.468C,soc2@50.625C,soc0@51.187C,gpu@52.25C,tj@52.468C,soc1@51.562C,VDD_IN,5634mW/8397mW,VDD_CPU_GPU_CV,1267mW/2828mW,VDD_SOC,2416mW/2967mW
07-25-2026,17:42:36,RAM,1518/7620MB,(lfb,121x4MB),SWAP,388/3810MB,(cached,2MB),CPU,[9%@1344,0%@1344,0%@1344,0%@1344,0%@1344,0%@1344],GR3D_FREQ,0%,cpu@52.406C,soc2@50.625C,soc0@51.375C,gpu@52.656C,tj@52.656C,soc1@51.718C,VDD_IN,5634mW/8383mW,VDD_CPU_GPU_CV,1267mW/2820mW,VDD_SOC,2416mW/2964mW
07-25-2026,17:42:37,RAM,1518/7620MB,(lfb,121x4MB),SWAP,388/3810MB,(cached,2MB),CPU,[9%@1344,0%@1344,0%@1344,0%@1344,0%@1344,0%@1344],GR3D_FREQ,0%,cpu@52.343C,soc2@50.406C,soc0@51.343C,gpu@52.156C,tj@52.343C,soc1@51.406C,VDD_IN,5634mW/8369mW,VDD_CPU_GPU_CV,1267mW/2813mW,VDD_SOC,2376mW/2961mW
07-25-2026,17:42:37,RAM,1518/7620MB,(lfb,121x4MB),SWAP,388/3810MB,(cached,2MB),CPU,[0%@1344,0%@1344,0%@1344,0%@1344,0%@1344,0%@1344],GR3D_FREQ,0%,cpu@52.406C,soc2@50.5C,soc0@51.437C,gpu@52.125C,tj@52.406C,soc1@51.468C,VDD_IN,5634mW/8356mW,VDD_CPU_GPU_CV,1267mW/2805mW,VDD_SOC,2376mW/2958mW
07-25-2026,17:42:37,RAM,1518/7620MB,(lfb,121x4MB),SWAP,388/3810MB,(cached,2MB),CPU,[9%@1344,0%@1344,0%@1344,0%@1344,0%@1344,0%@1344],GR3D_FREQ,0%,cpu@52.406C,soc2@50.531C,soc0@51.531C,gpu@52.218C,tj@52.593C,soc1@51.531C,VDD_IN,5634mW/8342mW,VDD_CPU_GPU_CV,1267mW/2797mW,VDD_SOC,2376mW/2956mW
07-25-2026,17:42:37,RAM,1520/7620MB,(lfb,121x4MB),SWAP,388/3810MB,(cached,2MB),CPU,[0%@1344,0%@1344,0%@1344,0%@1344,0%@1344,0%@1344],GR3D_FREQ,0%,cpu@52.468C,soc2@50.468C,soc0@51.25C,gpu@52.187C,tj@52.468C,soc1@51.75C,VDD_IN,5634mW/8329mW,VDD_CPU_GPU_CV,1267mW/2790mW,VDD_SOC,2376mW/2953mW
07-25-2026,17:42:37,RAM,1520/7620MB,(lfb,121x4MB),SWAP,388/3810MB,(cached,2MB),CPU,[0%@1344,0%@1344,0%@1344,0%@1344,0%@1344,0%@1344],GR3D_FREQ,0%,cpu@52.5C,soc2@50.406C,soc0@51.375C,gpu@52.125C,tj@52.5C,soc1@51.343C,VDD_IN,5634mW/8315mW,VDD_CPU_GPU_CV,1267mW/2782mW,VDD_SOC,2376mW/2950mW
07-25-2026,17:42:37,RAM,1520/7620MB,(lfb,121x4MB),SWAP,388/3810MB,(cached,2MB),CPU,[0%@1344,0%@1344,0%@1344,0%@1344,0%@1344,0%@1344],GR3D_FREQ,0%,cpu@52.343C,soc2@50.531C,soc0@51.375C,gpu@52.187C,tj@52.343C,soc1@51.562C,VDD_IN,5634mW/8302mW,VDD_CPU_GPU_CV,1267mW/2775mW,VDD_SOC,2376mW/2947mW
07-25-2026,17:42:37,RAM,1520/7620MB,(lfb,121x4MB),SWAP,388/3810MB,(cached,2MB),CPU,[0%@1344,0%@1344,0%@1344,0%@1344,0%@1344,0%@1344],GR3D_FREQ,0%,cpu@52.312C,soc2@50.468C,soc0@51.437C,gpu@52.218C,tj@52.312C,soc1@51.437C,VDD_IN,5634mW/8289mW,VDD_CPU_GPU_CV,1267mW/2767mW,VDD_SOC,2376mW/2944mW
07-25-2026,17:42:37,RAM,1520/7620MB,(lfb,121x4MB),SWAP,388/3810MB,(cached,2MB),CPU,[8%@1344,0%@1344,0%@1344,0%@1344,9%@1344,0%@1344],GR3D_FREQ,0%,cpu@52.437C,soc2@50.562C,soc0@51.312C,gpu@52.687C,tj@52.687C,soc1@51.593C,VDD_IN,5634mW/8276mW,VDD_CPU_GPU_CV,1267mW/2760mW,VDD_SOC,2376mW/2942mW
07-25-2026,17:42:37,RAM,1520/7620MB,(lfb,121x4MB),SWAP,388/3810MB,(cached,2MB),CPU,[9%@1344,0%@1344,0%@1344,9%@1344,0%@1344,0%@1344],GR3D_FREQ,0%,cpu@52.468C,soc2@50.406C,soc0@51.281C,gpu@52.187C,tj@52.468C,soc1@51.312C,VDD_IN,5634mW/8264mW,VDD_CPU_GPU_CV,1267mW/2753mW,VDD_SOC,2420mW/2939mW
07-25-2026,17:42:37,RAM,1520/7620MB,(lfb,121x4MB),SWAP,388/3810MB,(cached,2MB),CPU,[0%@1344,0%@1344,0%@1344,0%@1344,0%@1344,0%@1344],GR3D_FREQ,0%,cpu@52.312C,soc2@50.437C,soc0@51.312C,gpu@52.156C,tj@52.312C,soc1@51.468C,VDD_IN,5634mW/8251mW,VDD_CPU_GPU_CV,1267mW/2746mW,VDD_SOC,2376mW/2936mW
07-25-2026,17:42:38,RAM,1521/7620MB,(lfb,121x4MB),SWAP,388/3810MB,(cached,2MB),CPU,[0%@1344,9%@1344,0%@1344,0%@1344,0%@1344,0%@1344],GR3D_FREQ,0%,cpu@52.406C,soc2@50.437C,soc0@51.437C,gpu@52.687C,tj@52.687C,soc1@51.437C,VDD_IN,5634mW/8238mW,VDD_CPU_GPU_CV,1267mW/2739mW,VDD_SOC,2376mW/2934mW
07-25-2026,17:42:38,RAM,1521/7620MB,(lfb,121x4MB),SWAP,388/3810MB,(cached,2MB),CPU,[0%@1344,0%@1344,0%@1344,0%@1344,0%@1344,0%@1344],GR3D_FREQ,0%,cpu@52.375C,soc2@50.5C,soc0@51.437C,gpu@52.187C,tj@52.375C,soc1@51.531C,VDD_IN,5634mW/8226mW,VDD_CPU_GPU_CV,1267mW/2732mW,VDD_SOC,2376mW/2931mW
07-25-2026,17:42:38,RAM,1521/7620MB,(lfb,121x4MB),SWAP,388/3810MB,(cached,2MB),CPU,[0%@1344,0%@1344,0%@1344,0%@1344,0%@1344,0%@1344],GR3D_FREQ,0%,cpu@52.437C,soc2@50.5C,soc0@51.156C,gpu@52.093C,tj@52.437C,soc1@51.625C,VDD_IN,5634mW/8214mW,VDD_CPU_GPU_CV,1267mW/2725mW,VDD_SOC,2376mW/2928mW
07-25-2026,17:42:38,RAM,1521/7620MB,(lfb,121x4MB),SWAP,388/3810MB,(cached,2MB),CPU,[0%@1344,0%@1344,0%@1344,0%@1344,0%@1344,0%@1344],GR3D_FREQ,0%,cpu@52.437C,soc2@50.343C,soc0@51.312C,gpu@52.218C,tj@52.437C,soc1@51.25C,VDD_IN,5634mW/8202mW,VDD_CPU_GPU_CV,1267mW/2718mW,VDD_SOC,2376mW/2926mW
07-25-2026,17:42:38,RAM,1522/7620MB,(lfb,121x4MB),SWAP,388/3810MB,(cached,2MB),CPU,[0%@1344,0%@1344,0%@1344,0%@1344,0%@1344,0%@1344],GR3D_FREQ,0%,cpu@52.375C,soc2@50.406C,soc0@51.375C,gpu@52.187C,tj@52.375C,soc1@51.406C,VDD_IN,5634mW/8190mW,VDD_CPU_GPU_CV,1267mW/2711mW,VDD_SOC,2376mW/2923mW
07-25-2026,17:42:38,RAM,1522/7620MB,(lfb,121x4MB),SWAP,388/3810MB,(cached,2MB),CPU,[0%@1344,9%@1344,0%@1344,9%@1344,0%@1344,0%@1344],GR3D_FREQ,0%,cpu@52.375C,soc2@50.406C,soc0@51.437C,gpu@52.062C,tj@52.375C,soc1@51.406C,VDD_IN,5634mW/8178mW,VDD_CPU_GPU_CV,1307mW/2704mW,VDD_SOC,2416mW/2921mW
07-25-2026,17:42:38,RAM,1522/7620MB,(lfb,121x4MB),SWAP,388/3810MB,(cached,2MB),CPU,[0%@1344,100%@1344,9%@1344,20%@1344,9%@1344,20%@1344],GR3D_FREQ,58%,cpu@52.812C,soc2@50.531C,soc0@51.281C,gpu@53.125C,tj@53.125C,soc1@51.687C,VDD_IN,6467mW/8170mW,VDD_CPU_GPU_CV,1782mW/2700mW,VDD_SOC,2535mW/2919mW
07-25-2026,17:42:38,RAM,1522/7620MB,(lfb,121x4MB),SWAP,388/3810MB,(cached,2MB),CPU,[9%@1344,72%@1344,0%@1344,20%@1344,0%@1344,18%@1344],GR3D_FREQ,10%,cpu@52.625C,soc2@50.468C,soc0@51.281C,gpu@52.562C,tj@52.625C,soc1@51.437C,VDD_IN,7142mW/8165mW,VDD_CPU_GPU_CV,2214mW/2698mW,VDD_SOC,2654mW/2918mW
07-25-2026,17:42:38,RAM,1522/7620MB,(lfb,121x4MB),SWAP,388/3810MB,(cached,2MB),CPU,[0%@1344,60%@1344,0%@1344,11%@1344,0%@1344,9%@1344],GR3D_FREQ,31%,cpu@52.781C,soc2@50.531C,soc0@51.312C,gpu@52.593C,tj@52.781C,soc1@51.406C,VDD_IN,7578mW/8162mW,VDD_CPU_GPU_CV,2491mW/2697mW,VDD_SOC,2733mW/2917mW
07-25-2026,17:42:39,RAM,1522/7620MB,(lfb,121x4MB),SWAP,388/3810MB,(cached,2MB),CPU,[8%@1344,60%@1344,0%@1344,11%@1344,0%@1344,11%@1344],GR3D_FREQ,46%,cpu@52.687C,soc2@50.625C,soc0@51.531C,gpu@53.062C,tj@53.062C,soc1@51.468C,VDD_IN,7883mW/8161mW,VDD_CPU_GPU_CV,2689mW/2697mW,VDD_SOC,2768mW/2916mW
07-25-2026,17:42:39,RAM,1522/7620MB,(lfb,121x4MB),SWAP,388/3810MB,(cached,2MB),CPU,[0%@1344,60%@1344,0%@1344,11%@1344,0%@1344,16%@1344],GR3D_FREQ,63%,cpu@52.781C,soc2@50.687C,soc0@51.312C,gpu@52.843C,tj@52.843C,soc1@51.562C,VDD_IN,8121mW/8161mW,VDD_CPU_GPU_CV,2808mW/2697mW,VDD_SOC,2808mW/2916mW
07-25-2026,17:42:39,RAM,1522/7620MB,(lfb,121x4MB),SWAP,388/3810MB,(cached,2MB),CPU,[0%@1344,54%@1344,0%@1344,20%@1344,0%@1344,10%@1344],GR3D_FREQ,34%,cpu@52.656C,soc2@50.531C,soc0@51.281C,gpu@52.687C,tj@52.687C,soc1@51.281C,VDD_IN,8279mW/8161mW,VDD_CPU_GPU_CV,2887mW/2698mW,VDD_SOC,2847mW/2915mW
07-25-2026,17:42:39,RAM,1522/7620MB,(lfb,121x4MB),SWAP,388/3810MB,(cached,2MB),CPU,[0%@1344,70%@1344,0%@1344,10%@1344,0%@1344,10%@1344],GR3D_FREQ,24%,cpu@52.593C,soc2@50.656C,soc0@51.5C,gpu@53C,tj@53C,soc1@51.437C,VDD_IN,8398mW/8162mW,VDD_CPU_GPU_CV,2966mW/2699mW,VDD_SOC,2847mW/2915mW
07-25-2026,17:42:39,RAM,1522/7620MB,(lfb,121x4MB),SWAP,388/3810MB,(cached,2MB),CPU,[9%@1344,60%@1344,0%@1344,11%@1344,0%@1344,9%@1344],GR3D_FREQ,0%,cpu@53.156C,soc2@50.718C,soc0@51.531C,gpu@52.968C,tj@53.156C,soc1@51.5C,VDD_IN,8596mW/8164mW,VDD_CPU_GPU_CV,3085mW/2701mW,VDD_SOC,2887mW/2915mW
07-25-2026,17:42:39,RAM,1522/7620MB,(lfb,121x4MB),SWAP,388/3810MB,(cached,2MB),CPU,[0%@1344,63%@1344,0%@1344,22%@1344,0%@1344,18%@1344],GR3D_FREQ,19%,cpu@52.75C,soc2@50.843C,soc0@51.312C,gpu@52.937C,tj@52.937C,soc1@51.656C,VDD_IN,8675mW/8167mW,VDD_CPU_GPU_CV,3124mW/2703mW,VDD_SOC,2887mW/2915mW
07-25-2026,17:42:39,RAM,1522/7620MB,(lfb,121x4MB),SWAP,388/3810MB,(cached,2MB),CPU,[0%@1344,63%@1344,0%@1344,10%@1344,0%@1344,10%@1344],GR3D_FREQ,31%,cpu@52.75C,soc2@50.718C,soc0@51.312C,gpu@52.875C,tj@52.875C,soc1@51.312C,VDD_IN,8794mW/8169mW,VDD_CPU_GPU_CV,3198mW/2705mW,VDD_SOC,2926mW/2915mW
07-25-2026,17:42:39,RAM,1523/7620MB,(lfb,121x4MB),SWAP,388/3810MB,(cached,2MB),CPU,[16%@1344,60%@1344,0%@1344,11%@1344,0%@1344,10%@1344],GR3D_FREQ,44%,cpu@52.843C,soc2@50.656C,soc0@51.5C,gpu@53.062C,tj@53.062C,soc1@51.562C,VDD_IN,8873mW/8172mW,VDD_CPU_GPU_CV,3238mW/2708mW,VDD_SOC,2926mW/2915mW
07-25-2026,17:42:39,RAM,1523/7620MB,(lfb,121x4MB),SWAP,388/3810MB,(cached,2MB),CPU,[0%@1344,60%@1344,0%@1344,11%@1344,0%@1344,25%@1344],GR3D_FREQ,52%,cpu@53.062C,soc2@50.718C,soc0@51.343C,gpu@52.906C,tj@53.062C,soc1@51.5C,VDD_IN,8913mW/8176mW,VDD_CPU_GPU_CV,3238mW/2710mW,VDD_SOC,2926mW/2915mW
07-25-2026,17:42:39,RAM,1523/7620MB,(lfb,121x4MB),SWAP,388/3810MB,(cached,2MB),CPU,[0%@1344,60%@1344,0%@1344,11%@1344,0%@1344,9%@1344],GR3D_FREQ,28%,cpu@52.718C,soc2@50.906C,soc0@51.375C,gpu@52.812C,tj@52.812C,soc1@51.75C,VDD_IN,8953mW/8179mW,VDD_CPU_GPU_CV,3238mW/2712mW,VDD_SOC,2926mW/2915mW
07-25-2026,17:42:40,RAM,1523/7620MB,(lfb,121x4MB),SWAP,388/3810MB,(cached,2MB),CPU,[0%@1344,60%@1344,0%@1344,20%@1344,0%@1344,10%@1344],GR3D_FREQ,23%,cpu@52.843C,soc2@50.687C,soc0@51.437C,gpu@52.812C,tj@52.843C,soc1@51.375C,VDD_IN,8992mW/8183mW,VDD_CPU_GPU_CV,3238mW/2715mW,VDD_SOC,2966mW/2915mW
07-25-2026,17:42:40,RAM,1523/7620MB,(lfb,121x4MB),SWAP,388/3810MB,(cached,2MB),CPU,[9%@1344,63%@1344,0%@1344,11%@1344,0%@1344,10%@1344],GR3D_FREQ,2%,cpu@52.906C,soc2@50.906C,soc0@51.5C,gpu@53.062C,tj@53.062C,soc1@51.625C,VDD_IN,9072mW/8187mW,VDD_CPU_GPU_CV,3277mW/2717mW,VDD_SOC,2966mW/2915mW
07-25-2026,17:42:40,RAM,1523/7620MB,(lfb,121x4MB),SWAP,388/3810MB,(cached,2MB),CPU,[0%@1344,63%@1344,0%@1344,11%@1344,0%@1344,16%@1344],GR3D_FREQ,13%,cpu@53.093C,soc2@50.875C,soc0@51.375C,gpu@52.906C,tj@53.093C,soc1@51.656C,VDD_IN,9111mW/8191mW,VDD_CPU_GPU_CV,3277mW/2720mW,VDD_SOC,2966mW/2916mW
07-25-2026,17:42:40,RAM,1523/7620MB,(lfb,121x4MB),SWAP,388/3810MB,(cached,2MB),CPU,[0%@1344,60%@1344,0%@1344,20%@1344,0%@1344,11%@1344],GR3D_FREQ,30%,cpu@53.281C,soc2@50.843C,soc0@51.312C,gpu@52.812C,tj@53.281C,soc1@51.437C,VDD_IN,9190mW/8195mW,VDD_CPU_GPU_CV,3316mW/2722mW,VDD_SOC,2966mW/2916mW
07-25-2026,17:42:40,RAM,1523/7620MB,(lfb,121x4MB),SWAP,388/3810MB,(cached,2MB),CPU,[0%@1344,60%@1344,0%@1344,11%@1344,0%@1344,9%@1344],GR3D_FREQ,41%,cpu@52.843C,soc2@50.781C,soc0@51.437C,gpu@53.25C,tj@53.25C,soc1@51.5C,VDD_IN,9151mW/8199mW,VDD_CPU_GPU_CV,3316mW/2725mW,VDD_SOC,2966mW/2916mW
07-25-2026,17:42:40,RAM,1523/7620MB,(lfb,121x4MB),SWAP,388/3810MB,(cached,2MB),CPU,[0%@1344,60%@1344,0%@1344,10%@1344,0%@1344,10%@1344],GR3D_FREQ,57%,cpu@52.906C,soc2@50.812C,soc0@51.5C,gpu@52.812C,tj@52.906C,soc1@51.5C,VDD_IN,9111mW/8203mW,VDD_CPU_GPU_CV,3277mW/2727mW,VDD_SOC,2966mW/2916mW
07-25-2026,17:42:40,RAM,1524/7620MB,(lfb,121x4MB),SWAP,388/3810MB,(cached,2MB),CPU,[63%@1344,0%@1344,0%@1344,11%@1344,9%@1344,10%@1344],GR3D_FREQ,31%,cpu@52.968C,soc2@50.875C,soc0@51.343C,gpu@53.343C,tj@53.343C,soc1@51.656C,VDD_IN,9190mW/8207mW,VDD_CPU_GPU_CV,3316mW/2730mW,VDD_SOC,2966mW/2917mW
07-25-2026,17:42:40,RAM,1524/7620MB,(lfb,121x4MB),SWAP,388/3810MB,(cached,2MB),CPU,[72%@1344,8%@1344,0%@1344,22%@1344,8%@1344,18%@1344],GR3D_FREQ,25%,cpu@53.125C,soc2@50.843C,soc0@51.437C,gpu@53.343C,tj@53.343C,soc1@51.781C,VDD_IN,9190mW/8211mW,VDD_CPU_GPU_CV,3356mW/2732mW,VDD_SOC,2966mW/2917mW
07-25-2026,17:42:40,RAM,1524/7620MB,(lfb,121x4MB),SWAP,388/3810MB,(cached,2MB),CPU,[63%@1344,0%@1344,0%@1344,11%@1344,0%@1344,9%@1344],GR3D_FREQ,10%,cpu@52.875C,soc2@50.968C,soc0@51.5C,gpu@53.281C,tj@53.281C,soc1@51.531C,VDD_IN,9230mW/8216mW,VDD_CPU_GPU_CV,3356mW/2735mW,VDD_SOC,2966mW/2917mW
07-25-2026,17:42:41,RAM,1524/7620MB,(lfb,121x4MB),SWAP,388/3810MB,(cached,2MB),CPU,[60%@1344,0%@1344,0%@1344,10%@1344,0%@1344,20%@1344],GR3D_FREQ,29%,cpu@52.968C,soc2@50.843C,soc0@51.437C,gpu@53.593C,tj@53.593C,soc1@51.531C,VDD_IN,9270mW/8220mW,VDD_CPU_GPU_CV,3395mW/2738mW,VDD_SOC,2966mW/2917mW
07-25-2026,17:42:41,RAM,1524/7620MB,(lfb,121x4MB),SWAP,388/3810MB,(cached,2MB),CPU,[60%@1344,0%@1344,0%@1344,11%@1344,0%@1344,9%@1344],GR3D_FREQ,33%,cpu@53.031C,soc2@50.937C,soc0@51.437C,gpu@53.218C,tj@53.218C,soc1@51.656C,VDD_IN,9230mW/8224mW,VDD_CPU_GPU_CV,3356mW/2740mW,VDD_SOC,2966mW/2917mW
07-25-2026,17:42:41,RAM,1524/7620MB,(lfb,121x4MB),SWAP,388/3810MB,(cached,2MB),CPU,[60%@1344,0%@1344,0%@1344,20%@1344,0%@1344,18%@1344],GR3D_FREQ,54%,cpu@53.093C,soc2@50.781C,soc0@51.468C,gpu@53.093C,tj@53.093C,soc1@51.531C,VDD_IN,9151mW/8228mW,VDD_CPU_GPU_CV,3316mW/2743mW,VDD_SOC,2966mW/2918mW
07-25-2026,17:42:41,RAM,1524/7620MB,(lfb,121x4MB),SWAP,388/3810MB,(cached,2MB),CPU,[70%@1344,0%@1344,0%@1344,11%@1344,0%@1344,10%@1344],GR3D_FREQ,58%,cpu@52.781C,soc2@50.843C,soc0@51.437C,gpu@53.031C,tj@53.031C,soc1@51.656C,VDD_IN,9151mW/8232mW,VDD_CPU_GPU_CV,3277mW/2745mW,VDD_SOC,2966mW/2918mW
07-25-2026,17:42:41,RAM,1524/7620MB,(lfb,121x4MB),SWAP,388/3810MB,(cached,2MB),CPU,[63%@1344,0%@1344,0%@1344,11%@1344,0%@1344,10%@1344],GR3D_FREQ,33%,cpu@52.937C,soc2@50.937C,soc0@51.656C,gpu@53.281C,tj@53.281C,soc1@51.625C,VDD_IN,9190mW/8236mW,VDD_CPU_GPU_CV,3316mW/2747mW,VDD_SOC,2966mW/2918mW
07-25-2026,17:42:41,RAM,1524/7620MB,(lfb,121x4MB),SWAP,388/3810MB,(cached,2MB),CPU,[70%@1344,0%@1344,0%@1344,20%@1344,0%@1344,9%@1344],GR3D_FREQ,25%,cpu@53.093C,soc2@50.906C,soc0@51.468C,gpu@53.062C,tj@53.093C,soc1@51.656C,VDD_IN,9190mW/8240mW,VDD_CPU_GPU_CV,3316mW/2750mW,VDD_SOC,2966mW/2918mW
07-25-2026,17:42:41,RAM,1525/7620MB,(lfb,121x4MB),SWAP,388/3810MB,(cached,2MB),CPU,[66%@1344,8%@1344,0%@1344,11%@1344,0%@1344,0%@1344],GR3D_FREQ,9%,cpu@53C,soc2@50.812C,soc0@51.437C,gpu@53.156C,tj@53.156C,soc1@51.5C,VDD_IN,9230mW/8244mW,VDD_CPU_GPU_CV,3356mW/2752mW,VDD_SOC,2966mW/2918mW
07-25-2026,17:42:41,RAM,1529/7620MB,(lfb,121x4MB),SWAP,388/3810MB,(cached,2MB),CPU,[63%@1344,0%@1344,9%@1344,11%@1344,9%@1344,0%@1344],GR3D_FREQ,26%,cpu@52.812C,soc2@50.937C,soc0@51.718C,gpu@53.062C,tj@53.062C,soc1@51.625C,VDD_IN,9230mW/8248mW,VDD_CPU_GPU_CV,3316mW/2754mW,VDD_SOC,2966mW/2919mW
07-25-2026,17:42:41,RAM,1532/7620MB,(lfb,121x4MB),SWAP,388/3810MB,(cached,2MB),CPU,[60%@1344,0%@1344,0%@1344,10%@1344,0%@1344,0%@1344],GR3D_FREQ,33%,cpu@52.906C,soc2@50.937C,soc0@51.593C,gpu@53.125C,tj@53.5C,soc1@51.531C,VDD_IN,9190mW/8252mW,VDD_CPU_GPU_CV,3277mW/2757mW,VDD_SOC,2966mW/2919mW
07-25-2026,17:42:42,RAM,1535/7620MB,(lfb,121x4MB),SWAP,388/3810MB,(cached,2MB),CPU,[70%@1344,0%@1344,0%@1344,11%@1344,0%@1344,0%@1344],GR3D_FREQ,50%,cpu@52.781C,soc2@50.937C,soc0@51.5C,gpu@52.968C,tj@52.968C,soc1@51.781C,VDD_IN,9151mW/8256mW,VDD_CPU_GPU_CV,3238mW/2759mW,VDD_SOC,2966mW/2919mW
07-25-2026,17:42:42,RAM,1538/7620MB,(lfb,121x4MB),SWAP,388/3810MB,(cached,2MB),CPU,[63%@1344,0%@1344,0%@1344,11%@1344,0%@1344,0%@1344],GR3D_FREQ,44%,cpu@53.093C,soc2@50.781C,soc0@51.468C,gpu@53.031C,tj@53.093C,soc1@51.531C,VDD_IN,9111mW/8259mW,VDD_CPU_GPU_CV,3238mW/2760mW,VDD_SOC,2966mW/2919mW
07-25-2026,17:42:42,RAM,1540/7620MB,(lfb,121x4MB),SWAP,388/3810MB,(cached,2MB),CPU,[70%@1344,0%@1344,0%@1344,20%@1344,0%@1344,0%@1344],GR3D_FREQ,28%,cpu@52.812C,soc2@50.875C,soc0@51.562C,gpu@53.625C,tj@53.625C,soc1@51.593C,VDD_IN,9190mW/8263mW,VDD_CPU_GPU_CV,3277mW/2763mW,VDD_SOC,2966mW/2919mW
07-25-2026,17:42:42,RAM,1543/7620MB,(lfb,121x4MB),SWAP,388/3810MB,(cached,2MB),CPU,[63%@1344,0%@1344,0%@1344,11%@1344,0%@1344,0%@1344],GR3D_FREQ,15%,cpu@52.906C,soc2@50.968C,soc0@51.656C,gpu@53.312C,tj@53.312C,soc1@51.625C,VDD_IN,9151mW/8266mW,VDD_CPU_GPU_CV,3277mW/2765mW,VDD_SOC,2966mW/2920mW
07-25-2026,17:42:42,RAM,1546/7620MB,(lfb,121x4MB),SWAP,388/3810MB,(cached,2MB),CPU,[63%@1344,8%@1344,0%@1344,11%@1344,0%@1344,0%@1344],GR3D_FREQ,57%,cpu@53C,soc2@51C,soc0@51.531C,gpu@53.125C,tj@53.312C,soc1@51.875C,VDD_IN,9190mW/8270mW,VDD_CPU_GPU_CV,3316mW/2767mW,VDD_SOC,2966mW/2920mW
07-25-2026,17:42:42,RAM,1548/7620MB,(lfb,121x4MB),SWAP,388/3810MB,(cached,2MB),CPU,[63%@1344,0%@1344,0%@1344,20%@1344,0%@1344,0%@1344],GR3D_FREQ,34%,cpu@52.687C,soc2@50.875C,soc0@51.656C,gpu@53.5C,tj@53.5C,soc1@51.656C,VDD_IN,9151mW/8274mW,VDD_CPU_GPU_CV,3316mW/2769mW,VDD_SOC,2966mW/2920mW
07-25-2026,17:42:42,RAM,1552/7620MB,(lfb,121x4MB),SWAP,388/3810MB,(cached,2MB),CPU,[60%@1344,0%@1344,0%@1344,10%@1344,0%@1344,0%@1344],GR3D_FREQ,26%,cpu@52.781C,soc2@50.906C,soc0@51.656C,gpu@53.25C,tj@53.25C,soc1@51.656C,VDD_IN,9111mW/8277mW,VDD_CPU_GPU_CV,3277mW/2771mW,VDD_SOC,2966mW/2920mW
07-25-2026,17:42:42,RAM,1554/7620MB,(lfb,121x4MB),SWAP,388/3810MB,(cached,2MB),CPU,[9%@1344,63%@1344,0%@1344,11%@1344,0%@1344,0%@1344],GR3D_FREQ,9%,cpu@53.281C,soc2@51C,soc0@51.531C,gpu@53.25C,tj@53.281C,soc1@51.656C,VDD_IN,9151mW/8280mW,VDD_CPU_GPU_CV,3277mW/2773mW,VDD_SOC,2966mW/2920mW
07-25-2026,17:42:42,RAM,1558/7620MB,(lfb,121x4MB),SWAP,388/3810MB,(cached,2MB),CPU,[0%@1344,66%@1344,20%@1344,0%@1344,0%@1344,0%@1344],GR3D_FREQ,27%,cpu@52.906C,soc2@50.843C,soc0@51.468C,gpu@53.5C,tj@53.156C,soc1@51.812C,VDD_IN,9190mW/8284mW,VDD_CPU_GPU_CV,3277mW/2775mW,VDD_SOC,2966mW/2920mW
07-25-2026,17:42:42,RAM,1560/7620MB,(lfb,121x4MB),SWAP,388/3810MB,(cached,2MB),CPU,[0%@1344,60%@1344,11%@1344,0%@1344,0%@1344,0%@1344],GR3D_FREQ,33%,cpu@52.875C,soc2@50.875C,soc0@51.5C,gpu@53.437C,tj@53.437C,soc1@51.593C,VDD_IN,9190mW/8288mW,VDD_CPU_GPU_CV,3316mW/2777mW,VDD_SOC,2966mW/2921mW
07-25-2026,17:42:43,RAM,1563/7620MB,(lfb,121x4MB),SWAP,388/3810MB,(cached,2MB),CPU,[0%@1344,63%@1344,11%@1344,0%@1344,0%@1344,0%@1344],GR3D_FREQ,36%,cpu@53.156C,soc2@50.937C,soc0@51.625C,gpu@53.281C,tj@53.281C,soc1@51.687C,VDD_IN,9151mW/8291mW,VDD_CPU_GPU_CV,3316mW/2779mW,VDD_SOC,2966mW/2921mW
07-25-2026,17:42:43,RAM,1566/7620MB,(lfb,121x4MB),SWAP,388/3810MB,(cached,2MB),CPU,[0%@1344,54%@1344,11%@1344,0%@1344,0%@1344,0%@1344],GR3D_FREQ,58%,cpu@53.25C,soc2@50.968C,soc0@51.5C,gpu@53.156C,tj@53.25C,soc1@51.906C,VDD_IN,9111mW/8294mW,VDD_CPU_GPU_CV,3277mW/2781mW,VDD_SOC,2966mW/2921mW
07-25-2026,17:42:43,RAM,1569/7620MB,(lfb,121x4MB),SWAP,388/3810MB,(cached,2MB),CPU,[9%@1344,63%@1344,11%@1344,0%@1344,0%@1344,0%@1344],GR3D_FREQ,37%,cpu@53.375C,soc2@50.937C,soc0@51.593C,gpu@53.281C,tj@53.375C,soc1@51.906C,VDD_IN,9072mW/8297mW,VDD_CPU_GPU_CV,3277mW/2783mW,VDD_SOC,2966mW/2921mW
07-25-2026,17:42:43,RAM,1572/7620MB,(lfb,121x4MB),SWAP,388/3810MB,(cached,2MB),CPU,[8%@1344,60%@1344,18%@1344,0%@1344,0%@1344,0%@1344],GR3D_FREQ,26%,cpu@52.812C,soc2@50.875C,soc0@51.562C,gpu@53.125C,tj@53.125C,soc1@51.656C,VDD_IN,9072mW/8300mW,VDD_CPU_GPU_CV,3238mW/2785mW,VDD_SOC,2966mW/2921mW
07-25-2026,17:42:43,RAM,1574/7620MB,(lfb,121x4MB),SWAP,388/3810MB,(cached,2MB),CPU,[0%@1344,70%@1344,12%@1344,0%@1344,0%@1344,0%@1344],GR3D_FREQ,10%,cpu@53.093C,soc2@50.937C,soc0@51.75C,gpu@53.156C,tj@53.156C,soc1@51.687C,VDD_IN,9111mW/8303mW,VDD_CPU_GPU_CV,3277mW/2787mW,VDD_SOC,2966mW/2922mW
07-25-2026,17:42:43,RAM,1577/7620MB,(lfb,121x4MB),SWAP,388/3810MB,(cached,2MB),CPU,[9%@1344,60%@1344,11%@1344,0%@1344,0%@1344,0%@1344],GR3D_FREQ,25%,cpu@53.218C,soc2@51.031C,soc0@51.562C,gpu@53.093C,tj@53.218C,soc1@51.781C,VDD_IN,9111mW/8306mW,VDD_CPU_GPU_CV,3277mW/2789mW,VDD_SOC,2966mW/2922mW
07-25-2026,17:42:43,RAM,1580/7620MB,(lfb,121x4MB),SWAP,388/3810MB,(cached,2MB),CPU,[0%@1344,66%@1344,20%@1344,0%@1344,0%@1344,0%@1344],GR3D_FREQ,33%,cpu@53.406C,soc2@50.843C,soc0@51.531C,gpu@53.281C,tj@53.406C,soc1@51.656C,VDD_IN,9190mW/8310mW,VDD_CPU_GPU_CV,3316mW/2791mW,VDD_SOC,2966mW/2922mW
07-25-2026,17:42:43,RAM,1583/7620MB,(lfb,121x4MB),SWAP,388/3810MB,(cached,2MB),CPU,[0%@1344,60%@1344,11%@1344,8%@1344,0%@1344,0%@1344],GR3D_FREQ,51%,cpu@52.968C,soc2@50.968C,soc0@51.562C,gpu@53.156C,tj@53.156C,soc1@51.656C,VDD_IN,9190mW/8313mW,VDD_CPU_GPU_CV,3277mW/2792mW,VDD_SOC,2966mW/2922mW
07-25-2026,17:42:43,RAM,1586/7620MB,(lfb,121x4MB),SWAP,388/3810MB,(cached,2MB),CPU,[0%@1344,54%@1344,11%@1344,0%@1344,0%@1344,0%@1344],GR3D_FREQ,46%,cpu@53.093C,soc2@51C,soc0@51.687C,gpu@53.093C,tj@53.093C,soc1@51.687C,VDD_IN,9151mW/8316mW,VDD_CPU_GPU_CV,3277mW/2794mW,VDD_SOC,2966mW/2922mW
07-25-2026,17:42:44,RAM,1589/7620MB,(lfb,121x4MB),SWAP,388/3810MB,(cached,2MB),CPU,[0%@1344,60%@1344,10%@1344,0%@1344,0%@1344,0%@1344],GR3D_FREQ,27%,cpu@53.156C,soc2@51C,soc0@51.531C,gpu@53.531C,tj@53.531C,soc1@51.718C,VDD_IN,9072mW/8319mW,VDD_CPU_GPU_CV,3238mW/2796mW,VDD_SOC,2966mW/2922mW
07-25-2026,17:42:44,RAM,1592/7620MB,(lfb,121x4MB),SWAP,388/3810MB,(cached,2MB),CPU,[9%@1344,66%@1344,11%@1344,0%@1344,0%@1344,0%@1344],GR3D_FREQ,15%,cpu@53.218C,soc2@50.968C,soc0@51.562C,gpu@53C,tj@53.218C,soc1@52C,VDD_IN,9072mW/8322mW,VDD_CPU_GPU_CV,3238mW/2798mW,VDD_SOC,2966mW/2923mW
07-25-2026,17:42:44,RAM,1594/7620MB,(lfb,121x4MB),SWAP,388/3810MB,(cached,2MB),CPU,[9%@1344,63%@1344,20%@1344,0%@1344,0%@1344,0%@1344],GR3D_FREQ,12%,cpu@53.093C,soc2@51C,soc0@51.656C,gpu@53.156C,tj@53.156C,soc1@51.593C,VDD_IN,9151mW/8325mW,VDD_CPU_GPU_CV,3277mW/2799mW,VDD_SOC,2966mW/2923mW
07-25-2026,17:42:44,RAM,1597/7620MB,(lfb,121x4MB),SWAP,388/3810MB,(cached,2MB),CPU,[0%@1344,60%@1344,11%@1344,0%@1344,0%@1344,0%@1344],GR3D_FREQ,22%,cpu@53.031C,soc2@50.968C,soc0@51.781C,gpu@53.562C,tj@53.562C,soc1@51.75C,VDD_IN,9151mW/8328mW,VDD_CPU_GPU_CV,3277mW/2801mW,VDD_SOC,2966mW/2923mW
07-25-2026,17:42:44,RAM,1600/7620MB,(lfb,121x4MB),SWAP,388/3810MB,(cached,2MB),CPU,[9%@1344,60%@1344,11%@1344,0%@1344,0%@1344,0%@1344],GR3D_FREQ,32%,cpu@53.125C,soc2@51C,soc0@51.562C,gpu@53.406C,tj@53.406C,soc1@51.875C,VDD_IN,9151mW/8331mW,VDD_CPU_GPU_CV,3316mW/2803mW,VDD_SOC,2966mW/2923mW
07-25-2026,17:42:44,RAM,1602/7620MB,(lfb,121x4MB),SWAP,388/3810MB,(cached,2MB),CPU,[0%@1344,60%@1344,20%@1344,0%@1344,0%@1344,0%@1344],GR3D_FREQ,49%,cpu@53.218C,soc2@51C,soc0@51.656C,gpu@53.125C,tj@53.125C,soc1@51.562C,VDD_IN,9111mW/8334mW,VDD_CPU_GPU_CV,3277mW/2805mW,VDD_SOC,2966mW/2923mW
07-25-2026,17:42:44,RAM,1606/7620MB,(lfb,121x4MB),SWAP,388/3810MB,(cached,2MB),CPU,[0%@1344,60%@1344,11%@1344,0%@1344,0%@1344,0%@1344],GR3D_FREQ,48%,cpu@52.906C,soc2@50.968C,soc0@51.562C,gpu@53.406C,tj@53.406C,soc1@51.656C,VDD_IN,9111mW/8337mW,VDD_CPU_GPU_CV,3277mW/2807mW,VDD_SOC,2966mW/2923mW
07-25-2026,17:42:44,RAM,1609/7620MB,(lfb,121x4MB),SWAP,388/3810MB,(cached,2MB),CPU,[63%@1344,0%@1344,10%@1344,0%@1344,0%@1344,0%@1344],GR3D_FREQ,29%,cpu@52.906C,soc2@50.968C,soc0@51.843C,gpu@53.218C,tj@53.218C,soc1@51.75C,VDD_IN,9072mW/8340mW,VDD_CPU_GPU_CV,3238mW/2808mW,VDD_SOC,2966mW/2923mW
07-25-2026,17:42:44,RAM,1612/7620MB,(lfb,121x4MB),SWAP,388/3810MB,(cached,2MB),CPU,[72%@1344,9%@1344,27%@1344,0%@1344,0%@1344,9%@1344],GR3D_FREQ,20%,cpu@53.125C,soc2@51.062C,soc0@51.656C,gpu@53.312C,tj@53.312C,soc1@51.843C,VDD_IN,9111mW/8342mW,VDD_CPU_GPU_CV,3277mW/2810mW,VDD_SOC,2966mW/2924mW
07-25-2026,17:42:44,RAM,1614/7620MB,(lfb,121x4MB),SWAP,388/3810MB,(cached,2MB),CPU,[63%@1344,0%@1344,22%@1344,0%@1344,0%@1344,0%@1344],GR3D_FREQ,0%,cpu@53.375C,soc2@50.968C,soc0@51.75C,gpu@53.5C,tj@53.375C,soc1@51.656C,VDD_IN,9111mW/8345mW,VDD_CPU_GPU_CV,3277mW/2812mW,VDD_SOC,2966mW/2924mW
07-25-2026,17:42:45,RAM,1617/7620MB,(lfb,121x4MB),SWAP,388/3810MB,(cached,2MB),CPU,[72%@1344,0%@1344,20%@1344,0%@1344,0%@1344,0%@1344],GR3D_FREQ,19%,cpu@53.125C,soc2@51.031C,soc0@51.625C,gpu@53.437C,tj@53.437C,soc1@51.75C,VDD_IN,9151mW/8348mW,VDD_CPU_GPU_CV,3277mW/2813mW,VDD_SOC,2966mW/2924mW
07-25-2026,17:42:45,RAM,1620/7620MB,(lfb,121x4MB),SWAP,388/3810MB,(cached,2MB),CPU,[66%@1344,0%@1344,18%@1344,0%@1344,0%@1344,0%@1344],GR3D_FREQ,31%,cpu@53.031C,soc2@51C,soc0@51.843C,gpu@53.281C,tj@53.281C,soc1@51.781C,VDD_IN,9190mW/8351mW,VDD_CPU_GPU_CV,3277mW/2815mW,VDD_SOC,2966mW/2924mW
07-25-2026,17:42:45,RAM,1623/7620MB,(lfb,121x4MB),SWAP,388/3810MB,(cached,2MB),CPU,[63%@1344,0%@1344,27%@1344,0%@1344,0%@1344,0%@1344],GR3D_FREQ,46%,cpu@53.031C,soc2@51.093C,soc0@51.625C,gpu@53.156C,tj@53.156C,soc1@51.906C,VDD_IN,9111mW/8354mW,VDD_CPU_GPU_CV,3277mW/2817mW,VDD_SOC,2966mW/2924mW
07-25-2026,17:42:45,RAM,1626/7620MB,(lfb,121x4MB),SWAP,388/3810MB,(cached,2MB),CPU,[63%@1344,16%@1344,11%@1344,0%@1344,0%@1344,0%@1344],GR3D_FREQ,52%,cpu@53.093C,soc2@51.062C,soc0@51.75C,gpu@53.062C,tj@53.093C,soc1@51.75C,VDD_IN,9072mW/8357mW,VDD_CPU_GPU_CV,3277mW/2818mW,VDD_SOC,2966mW/2924mW
07-25-2026,17:42:45,RAM,1627/7620MB,(lfb,121x4MB),SWAP,388/3810MB,(cached,2MB),CPU,[75%@1344,0%@1344,27%@1344,0%@1344,0%@1344,0%@1344],GR3D_FREQ,29%,cpu@52.968C,soc2@50.968C,soc0@51.781C,gpu@53.312C,tj@53.312C,soc1@51.687C,VDD_IN,9151mW/8359mW,VDD_CPU_GPU_CV,3316mW/2820mW,VDD_SOC,2966mW/2925mW
07-25-2026,17:42:45,RAM,1627/7620MB,(lfb,121x4MB),SWAP,388/3810MB,(cached,2MB),CPU,[63%@1344,0%@1344,33%@1344,0%@1344,0%@1344,0%@1344],GR3D_FREQ,22%,cpu@53.375C,soc2@51C,soc0@51.562C,gpu@53.437C,tj@53.437C,soc1@52.062C,VDD_IN,9151mW/8362mW,VDD_CPU_GPU_CV,3316mW/2822mW,VDD_SOC,2966mW/2925mW
07-25-2026,17:42:45,RAM,1630/7620MB,(lfb,121x4MB),SWAP,388/3810MB,(cached,2MB),CPU,[66%@1344,0%@1344,10%@1344,0%@1344,0%@1344,0%@1344],GR3D_FREQ,12%,cpu@53C,soc2@51.093C,soc0@51.625C,gpu@53.406C,tj@53.406C,soc1@51.718C,VDD_IN,9190mW/8365mW,VDD_CPU_GPU_CV,3316mW/2824mW,VDD_SOC,2966mW/2925mW
07-25-2026,17:42:45,RAM,1633/7620MB,(lfb,121x4MB),SWAP,388/3810MB,(cached,2MB),CPU,[63%@1344,0%@1344,27%@1344,0%@1344,9%@1344,9%@1344],GR3D_FREQ,29%,cpu@53.062C,soc2@51.093C,soc0@51.75C,gpu@53.187C,tj@53.187C,soc1@51.812C,VDD_IN,9151mW/8368mW,VDD_CPU_GPU_CV,3277mW/2825mW,VDD_SOC,2966mW/2925mW
07-25-2026,17:42:45,RAM,1636/7620MB,(lfb,121x4MB),SWAP,388/3810MB,(cached,2MB),CPU,[72%@1344,9%@1344,20%@1344,0%@1344,0%@1344,0%@1344],GR3D_FREQ,18%,cpu@53.187C,soc2@51.156C,soc0@51.625C,gpu@53.125C,tj@53.187C,soc1@51.875C,VDD_IN,9111mW/8371mW,VDD_CPU_GPU_CV,3277mW/2827mW,VDD_SOC,2966mW/2925mW
07-25-2026,17:42:46,RAM,1639/7620MB,(lfb,121x4MB),SWAP,388/3810MB,(cached,2MB),CPU,[63%@1344,0%@1344,27%@1344,0%@1344,0%@1344,0%@1344],GR3D_FREQ,13%,cpu@53.281C,soc2@51.031C,soc0@51.687C,gpu@53.843C,tj@53.843C,soc1@51.937C,VDD_IN,9111mW/8373mW,VDD_CPU_GPU_CV,3277mW/2828mW,VDD_SOC,2966mW/2925mW
07-25-2026,17:42:46,RAM,1642/7620MB,(lfb,121x4MB),SWAP,388/3810MB,(cached,2MB),CPU,[63%@1344,0%@1344,27%@1344,0%@1344,0%@1344,0%@1344],GR3D_FREQ,21%,cpu@53.062C,soc2@51.093C,soc0@51.843C,gpu@53.25C,tj@53.25C,soc1@51.75C,VDD_IN,9151mW/8376mW,VDD_CPU_GPU_CV,3277mW/2830mW,VDD_SOC,2966mW/2925mW
07-25-2026,17:42:46,RAM,1645/7620MB,(lfb,121x4MB),SWAP,388/3810MB,(cached,2MB),CPU,[70%@1344,0%@1344,20%@1344,0%@1344,0%@1344,0%@1344],GR3D_FREQ,31%,cpu@53.187C,soc2@51.125C,soc0@51.843C,gpu@53.25C,tj@53.25C,soc1@51.781C,VDD_IN,9151mW/8379mW,VDD_CPU_GPU_CV,3277mW/2832mW,VDD_SOC,2966mW/2926mW
07-25-2026,17:42:46,RAM,1647/7620MB,(lfb,121x4MB),SWAP,388/3810MB,(cached,2MB),CPU,[66%@1344,0%@1344,20%@1344,0%@1344,0%@1344,0%@1344],GR3D_FREQ,47%,cpu@53.343C,soc2@51.093C,soc0@51.656C,gpu@53.781C,tj@53.781C,soc1@51.968C,VDD_IN,9190mW/8381mW,VDD_CPU_GPU_CV,3316mW/2833mW,VDD_SOC,2966mW/2926mW
07-25-2026,17:42:46,RAM,1650/7620MB,(lfb,121x4MB),SWAP,388/3810MB,(cached,2MB),CPU,[70%@1344,0%@1344,27%@1344,0%@1344,0%@1344,0%@1344],GR3D_FREQ,51%,cpu@53.218C,soc2@51.125C,soc0@51.687C,gpu@53.531C,tj@53.531C,soc1@51.656C,VDD_IN,9270mW/8385mW,VDD_CPU_GPU_CV,3356mW/2835mW,VDD_SOC,2966mW/2926mW
07-25-2026,17:42:46,RAM,1651/7620MB,(lfb,121x4MB),SWAP,388/3810MB,(cached,2MB),CPU,[60%@1344,0%@1344,27%@1344,9%@1344,0%@1344,50%@1344],GR3D_FREQ,28%,cpu@53.218C,soc2@51.125C,soc0@51.781C,gpu@53.156C,tj@53.218C,soc1@51.718C,VDD_IN,9270mW/8388mW,VDD_CPU_GPU_CV,3356mW/2837mW,VDD_SOC,2966mW/2926mW
07-25-2026,17:42:46,RAM,1652/7620MB,(lfb,121x4MB),SWAP,388/3810MB,(cached,2MB),CPU,[69%@1344,0%@1344,18%@1344,0%@1344,0%@1344,80%@1344],GR3D_FREQ,21%,cpu@53.375C,soc2@51.093C,soc0@51.906C,gpu@53.656C,tj@53.656C,soc1@51.906C,VDD_IN,9309mW/8391mW,VDD_CPU_GPU_CV,3395mW/2839mW,VDD_SOC,2966mW/2926mW
07-25-2026,17:42:46,RAM,1652/7620MB,(lfb,121x4MB),SWAP,388/3810MB,(cached,2MB),CPU,[90%@1344,9%@1344,33%@1344,0%@1344,0%@1344,100%@1344],GR3D_FREQ,26%,cpu@53.562C,soc2@51.187C,soc0@51.687C,gpu@53.718C,tj@53.718C,soc1@51.968C,VDD_IN,9690mW/8395mW,VDD_CPU_GPU_CV,3672mW/2842mW,VDD_SOC,3001mW/2926mW
07-25-2026,17:42:46,RAM,1652/7620MB,(lfb,121x4MB),SWAP,388/3810MB,(cached,2MB),CPU,[88%@1344,0%@1344,22%@1344,0%@1344,0%@1344,100%@1344],GR3D_FREQ,31%,cpu@53.656C,soc2@51.062C,soc0@51.812C,gpu@53.593C,tj@53.656C,soc1@51.812C,VDD_IN,9967mW/8401mW,VDD_CPU_GPU_CV,3902mW/2845mW,VDD_SOC,3040mW/2927mW
07-25-2026,17:42:46,RAM,1652/7620MB,(lfb,121x4MB),SWAP,388/3810MB,(cached,2MB),CPU,[90%@1344,9%@1344,27%@1344,0%@1344,0%@1344,100%@1344],GR3D_FREQ,31%,cpu@53.5C,soc2@51.281C,soc0@51.781C,gpu@53.875C,tj@53.875C,soc1@51.843C,VDD_IN,10204mW/8407mW,VDD_CPU_GPU_CV,4060mW/2849mW,VDD_SOC,3080mW/2927mW
07-25-2026,17:42:47,RAM,1652/7620MB,(lfb,121x4MB),SWAP,388/3810MB,(cached,2MB),CPU,[90%@1344,0%@1344,18%@1344,0%@1344,0%@1344,100%@1344],GR3D_FREQ,46%,cpu@53.593C,soc2@51.25C,soc0@52C,gpu@53.687C,tj@53.687C,soc1@51.843C,VDD_IN,10402mW/8414mW,VDD_CPU_GPU_CV,4218mW/2854mW,VDD_SOC,3119mW/2928mW
07-25-2026,17:42:47,RAM,1554/7620MB,(lfb,121x4MB),SWAP,388/3810MB,(cached,2MB),CPU,[75%@1344,9%@1344,27%@1344,0%@1344,0%@1344,100%@1344],GR3D_FREQ,50%,cpu@53.531C,soc2@51.218C,soc0@51.75C,gpu@53.656C,tj@53.656C,soc1@52.093C,VDD_IN,10481mW/8421mW,VDD_CPU_GPU_CV,4257mW/2859mW,VDD_SOC,3080mW/2928mW
07-25-2026,17:42:47,RAM,1524/7620MB,(lfb,121x4MB),SWAP,388/3810MB,(cached,2MB),CPU,[90%@1344,9%@1344,20%@1344,0%@1344,0%@1344,33%@1344],GR3D_FREQ,53%,cpu@53.406C,soc2@51.25C,soc0@51.718C,gpu@53.562C,tj@53.562C,soc1@51.812C,VDD_IN,10441mW/8427mW,VDD_CPU_GPU_CV,4218mW/2863mW,VDD_SOC,3119mW/2929mW
07-25-2026,17:42:47,RAM,1524/7620MB,(lfb,121x4MB),SWAP,388/3810MB,(cached,2MB),CPU,[88%@1344,0%@1344,27%@1344,0%@1344,0%@1344,10%@1344],GR3D_FREQ,45%,cpu@53.343C,soc2@51.218C,soc0@51.875C,gpu@53.593C,tj@53.593C,soc1@51.781C,VDD_IN,10441mW/8434mW,VDD_CPU_GPU_CV,4257mW/2868mW,VDD_SOC,3119mW/2930mW
07-25-2026,17:42:47,RAM,1524/7620MB,(lfb,121x4MB),SWAP,388/3810MB,(cached,2MB),CPU,[90%@1344,0%@1344,27%@1344,0%@1344,0%@1344,10%@1344],GR3D_FREQ,40%,cpu@53.593C,soc2@51.375C,soc0@51.718C,gpu@54.093C,tj@54.093C,soc1@52.031C,VDD_IN,10402mW/8441mW,VDD_CPU_GPU_CV,4218mW/2873mW,VDD_SOC,3119mW/2930mW
07-25-2026,17:42:47,RAM,1524/7620MB,(lfb,121x4MB),SWAP,388/3810MB,(cached,2MB),CPU,[90%@1344,0%@1344,20%@1344,0%@1344,0%@1344,9%@1344],GR3D_FREQ,41%,cpu@53.218C,soc2@51.375C,soc0@51.875C,gpu@53.875C,tj@53.875C,soc1@52.156C,VDD_IN,10402mW/8447mW,VDD_CPU_GPU_CV,4257mW/2877mW,VDD_SOC,3119mW/2931mW
07-25-2026,17:42:47,RAM,1525/7620MB,(lfb,121x4MB),SWAP,388/3810MB,(cached,2MB),CPU,[81%@1344,9%@1344,27%@1344,0%@1344,0%@1344,10%@1344],GR3D_FREQ,31%,cpu@53.187C,soc2@51.312C,soc0@51.843C,gpu@53.593C,tj@53.593C,soc1@51.781C,VDD_IN,10323mW/8454mW,VDD_CPU_GPU_CV,4218mW/2882mW,VDD_SOC,3119mW/2932mW
07-25-2026,17:42:47,RAM,1525/7620MB,(lfb,121x4MB),SWAP,388/3810MB,(cached,2MB),CPU,[66%@1344,0%@1344,18%@1344,0%@1344,0%@1344,18%@1344],GR3D_FREQ,47%,cpu@53.468C,soc2@51.312C,soc0@51.937C,gpu@53.906C,tj@53.906C,soc1@51.843C,VDD_IN,10085mW/8459mW,VDD_CPU_GPU_CV,4100mW/2886mW,VDD_SOC,3080mW/2932mW
07-25-2026,17:42:47,RAM,1525/7620MB,(lfb,121x4MB),SWAP,388/3810MB,(cached,2MB),CPU,[0%@1344,66%@1344,20%@1344,0%@1344,0%@1344,10%@1344],GR3D_FREQ,49%,cpu@53.562C,soc2@51.343C,soc0@51.843C,gpu@53.656C,tj@53.656C,soc1@52.093C,VDD_IN,9808mW/8463mW,VDD_CPU_GPU_CV,3902mW/2889mW,VDD_SOC,3080mW/2933mW
07-25-2026,17:42:48,RAM,1525/7620MB,(lfb,121x4MB),SWAP,388/3810MB,(cached,2MB),CPU,[0%@1344,63%@1344,27%@1344,0%@1344,0%@1344,10%@1344],GR3D_FREQ,28%,cpu@53.75C,soc2@51.218C,soc0@51.875C,gpu@53.625C,tj@53.75C,soc1@51.781C,VDD_IN,9650mW/8467mW,VDD_CPU_GPU_CV,3790mW/2892mW,VDD_SOC,3040mW/2933mW
07-25-2026,17:42:48,RAM,1525/7620MB,(lfb,121x4MB),SWAP,388/3810MB,(cached,2MB),CPU,[9%@1344,66%@1344,27%@1344,0%@1344,0%@1344,9%@1344],GR3D_FREQ,19%,cpu@53.343C,soc2@51.375C,soc0@51.906C,gpu@53.843C,tj@53.843C,soc1@51.812C,VDD_IN,9532mW/8471mW,VDD_CPU_GPU_CV,3711mW/2895mW,VDD_SOC,3040mW/2933mW
07-25-2026,17:42:48,RAM,1525/7620MB,(lfb,121x4MB),SWAP,388/3810MB,(cached,2MB),CPU,[0%@1344,60%@1344,20%@1344,0%@1344,0%@1344,18%@1344],GR3D_FREQ,13%,cpu@53.406C,soc2@51.406C,soc0@51.937C,gpu@53.718C,tj@53.718C,soc1@52C,VDD_IN,9468mW/8474mW,VDD_CPU_GPU_CV,3632mW/2897mW,VDD_SOC,3005mW/2934mW
07-25-2026,17:42:48,RAM,1525/7620MB,(lfb,121x4MB),SWAP,388/3810MB,(cached,2MB),CPU,[0%@1344,60%@1344,27%@1344,0%@1344,0%@1344,10%@1344],GR3D_FREQ,30%,cpu@53.406C,soc2@51.375C,soc0@51.843C,gpu@53.656C,tj@53.656C,soc1@52.125C,VDD_IN,9349mW/8477mW,VDD_CPU_GPU_CV,3553mW/2899mW,VDD_SOC,3005mW/2934mW
07-25-2026,17:42:48,RAM,1525/7620MB,(lfb,121x4MB),SWAP,388/3810MB,(cached,2MB),CPU,[0%@1344,60%@1344,20%@1344,0%@1344,0%@1344,10%@1344],GR3D_FREQ,43%,cpu@53.625C,soc2@51.187C,soc0@51.937C,gpu@53.375C,tj@53.375C,soc1@51.812C,VDD_IN,9230mW/8479mW,VDD_CPU_GPU_CV,3514mW/2901mW,VDD_SOC,2966mW/2934mW
07-25-2026,17:42:48,RAM,1525/7620MB,(lfb,121x4MB),SWAP,388/3810MB,(cached,2MB),CPU,[9%@1344,54%@1344,27%@1344,0%@1344,8%@1344,18%@1344],GR3D_FREQ,57%,cpu@53.343C,soc2@51.312C,soc0@51.968C,gpu@53.562C,tj@53.562C,soc1@51.937C,VDD_IN,9151mW/8482mW,VDD_CPU_GPU_CV,3435mW/2903mW,VDD_SOC,2966mW/2934mW
07-25-2026,17:42:48,RAM,1525/7620MB,(lfb,121x4MB),SWAP,388/3810MB,(cached,2MB),CPU,[0%@1344,70%@1344,18%@1344,0%@1344,0%@1344,10%@1344],GR3D_FREQ,30%,cpu@53.375C,soc2@51.281C,soc0@52.093C,gpu@53.406C,tj@53.406C,soc1@51.968C,VDD_IN,9111mW/8484mW,VDD_CPU_GPU_CV,3395mW/2905mW,VDD_SOC,2966mW/2934mW
07-25-2026,17:42:48,RAM,1525/7620MB,(lfb,121x4MB),SWAP,388/3810MB,(cached,2MB),CPU,[0%@1344,60%@1344,20%@1344,0%@1344,0%@1344,9%@1344],GR3D_FREQ,25%,cpu@53.437C,soc2@51.312C,soc0@51.781C,gpu@53.468C,tj@53.468C,soc1@52.125C,VDD_IN,9111mW/8486mW,VDD_CPU_GPU_CV,3395mW/2906mW,VDD_SOC,2966mW/2934mW
07-25-2026,17:42:48,RAM,1525/7620MB,(lfb,121x4MB),SWAP,388/3810MB,(cached,2MB),CPU,[10%@1344,63%@1344,30%@1344,9%@1344,9%@1344,10%@1344],GR3D_FREQ,22%,cpu@53.437C,soc2@51.25C,soc0@51.906C,gpu@53.562C,tj@53.562C,soc1@51.937C,VDD_IN,9111mW/8488mW,VDD_CPU_GPU_CV,3395mW/2908mW,VDD_SOC,2966mW/2934mW
07-25-2026,17:42:48,RAM,1525/7620MB,(lfb,121x4MB),SWAP,388/3810MB,(cached,2MB),CPU,[0%@1344,60%@1344,25%@1344,0%@1344,0%@1344,18%@1344],GR3D_FREQ,10%,cpu@53.375C,soc2@51.25C,soc0@51.968C,gpu@53.625C,tj@53.625C,soc1@51.875C,VDD_IN,9111mW/8490mW,VDD_CPU_GPU_CV,3395mW/2909mW,VDD_SOC,2966mW/2934mW
07-25-2026,17:42:49,RAM,1525/7620MB,(lfb,121x4MB),SWAP,388/3810MB,(cached,2MB),CPU,[0%@1344,50%@1344,20%@1344,0%@1344,0%@1344,10%@1344],GR3D_FREQ,29%,cpu@53.406C,soc2@51.281C,soc0@52C,gpu@53.468C,tj@53.468C,soc1@52C,VDD_IN,8953mW/8491mW,VDD_CPU_GPU_CV,3316mW/2911mW,VDD_SOC,2966mW/2934mW
07-25-2026,17:42:49,RAM,1525/7620MB,(lfb,121x4MB),SWAP,388/3810MB,(cached,2MB),CPU,[0%@1344,60%@1344,27%@1344,0%@1344,0%@1344,10%@1344],GR3D_FREQ,40%,cpu@53.312C,soc2@51.437C,soc0@51.843C,gpu@53.281C,tj@53.312C,soc1@52.343C,VDD_IN,8913mW/8493mW,VDD_CPU_GPU_CV,3316mW/2912mW,VDD_SOC,2926mW/2934mW
07-25-2026,17:42:49,RAM,1525/7620MB,(lfb,121x4MB),SWAP,388/3810MB,(cached,2MB),CPU,[0%@1344,60%@1344,20%@1344,0%@1344,0%@1344,9%@1344],GR3D_FREQ,33%,cpu@53.312C,soc2@51.187C,soc0@51.906C,gpu@53.812C,tj@53.812C,soc1@51.937C,VDD_IN,8834mW/8494mW,VDD_CPU_GPU_CV,3238mW/2913mW,VDD_SOC,2966mW/2935mW
07-25-2026,17:42:49,RAM,1525/7620MB,(lfb,121x4MB),SWAP,388/3810MB,(cached,2MB),CPU,[9%@1344,54%@1344,27%@1344,0%@1344,0%@1344,10%@1344],GR3D_FREQ,33%,cpu@53.187C,soc2@51.187C,soc0@51.937C,gpu@53.687C,tj@53.687C,soc1@52C,VDD_IN,8794mW/8495mW,VDD_CPU_GPU_CV,3198mW/2914mW,VDD_SOC,2926mW/2935mW
07-25-2026,17:42:49,RAM,1525/7620MB,(lfb,121x4MB),SWAP,388/3810MB,(cached,2MB),CPU,[9%@1344,60%@1344,20%@1344,0%@1344,0%@1344,10%@1344],GR3D_FREQ,25%,cpu@53.312C,soc2@51.281C,soc0@51.937C,gpu@53.312C,tj@53.312C,soc1@52.031C,VDD_IN,8834mW/8496mW,VDD_CPU_GPU_CV,3238mW/2915mW,VDD_SOC,2926mW/2935mW
07-25-2026,17:42:49,RAM,1525/7620MB,(lfb,121x4MB),SWAP,388/3810MB,(cached,2MB),CPU,[0%@1344,63%@1344,27%@1344,0%@1344,0%@1344,18%@1344],GR3D_FREQ,7%,cpu@53.343C,soc2@51.375C,soc0@51.875C,gpu@53.843C,tj@53.843C,soc1@52.156C,VDD_IN,8913mW/8497mW,VDD_CPU_GPU_CV,3277mW/2916mW,VDD_SOC,2966mW/2935mW
07-25-2026,17:42:49,RAM,1525/7620MB,(lfb,121x4MB),SWAP,388/3810MB,(cached,2MB),CPU,[9%@1344,60%@1344,25%@1344,0%@1344,0%@1344,18%@1344],GR3D_FREQ,6%,cpu@53.25C,soc2@51.375C,soc0@51.937C,gpu@53.656C,tj@53.656C,soc1@52C,VDD_IN,8913mW/8498mW,VDD_CPU_GPU_CV,3277mW/2917mW,VDD_SOC,2926mW/2935mW
07-25-2026,17:42:49,RAM,1525/7620MB,(lfb,121x4MB),SWAP,388/3810MB,(cached,2MB),CPU,[0%@1344,54%@1344,27%@1344,0%@1344,0%@1344,10%@1344],GR3D_FREQ,29%,cpu@53.375C,soc2@51.281C,soc0@52C,gpu@53.406C,tj@53.406C,soc1@52.031C,VDD_IN,8913mW/8500mW,VDD_CPU_GPU_CV,3277mW/2918mW,VDD_SOC,2926mW/2935mW
07-25-2026,17:42:49,RAM,1525/7620MB,(lfb,121x4MB),SWAP,388/3810MB,(cached,2MB),CPU,[0%@1344,66%@1344,0%@1344,20%@1344,0%@1344,10%@1344],GR3D_FREQ,21%,cpu@53.75C,soc2@51.312C,soc0@52.218C,gpu@53.687C,tj@53.75C,soc1@52.062C,VDD_IN,8873mW/8501mW,VDD_CPU_GPU_CV,3277mW/2920mW,VDD_SOC,2926mW/2935mW
07-25-2026,17:42:50,RAM,1525/7620MB,(lfb,121x4MB),SWAP,388/3810MB,(cached,2MB),CPU,[0%@1344,63%@1344,0%@1344,27%@1344,0%@1344,10%@1344],GR3D_FREQ,11%,cpu@53.375C,soc2@51.218C,soc0@51.906C,gpu@53.75C,tj@53.75C,soc1@51.812C,VDD_IN,8953mW/8502mW,VDD_CPU_GPU_CV,3316mW/2921mW,VDD_SOC,2966mW/2935mW
07-25-2026,17:42:50,RAM,1525/7620MB,(lfb,121x4MB),SWAP,388/3810MB,(cached,2MB),CPU,[0%@1344,60%@1344,0%@1344,30%@1344,0%@1344,16%@1344],GR3D_FREQ,30%,cpu@53.312C,soc2@51.312C,soc0@51.937C,gpu@53.562C,tj@53.562C,soc1@52.031C,VDD_IN,8953mW/8504mW,VDD_CPU_GPU_CV,3316mW/2922mW,VDD_SOC,2966mW/2935mW
07-25-2026,17:42:50,RAM,1525/7620MB,(lfb,121x4MB),SWAP,388/3810MB,(cached,2MB),CPU,[9%@1344,60%@1344,0%@1344,18%@1344,0%@1344,18%@1344],GR3D_FREQ,41%,cpu@53.281C,soc2@51.343C,soc0@52.093C,gpu@53.656C,tj@53.656C,soc1@52.031C,VDD_IN,9032mW/8505mW,VDD_CPU_GPU_CV,3356mW/2923mW,VDD_SOC,2966mW/2935mW
07-25-2026,17:42:50,RAM,1525/7620MB,(lfb,121x4MB),SWAP,388/3810MB,(cached,2MB),CPU,[0%@1344,60%@1344,0%@1344,27%@1344,0%@1344,10%@1344],GR3D_FREQ,58%,cpu@53.656C,soc2@51.437C,soc0@51.906C,gpu@53.75C,tj@53.75C,soc1@52.156C,VDD_IN,8992mW/8507mW,VDD_CPU_GPU_CV,3356mW/2925mW,VDD_SOC,2966mW/2935mW
07-25-2026,17:42:50,RAM,1525/7620MB,(lfb,121x4MB),SWAP,388/3810MB,(cached,2MB),CPU,[9%@1344,60%@1344,0%@1344,20%@1344,0%@1344,18%@1344],GR3D_FREQ,31%,cpu@53.281C,soc2@51.312C,soc0@51.906C,gpu@53.531C,tj@53.531C,soc1@52.281C,VDD_IN,8953mW/8508mW,VDD_CPU_GPU_CV,3316mW/2926mW,VDD_SOC,2966mW/2935mW
07-25-2026,17:42:50,RAM,1525/7620MB,(lfb,121x4MB),SWAP,388/3810MB,(cached,2MB),CPU,[8%@1344,63%@1344,0%@1344,27%@1344,0%@1344,10%@1344],GR3D_FREQ,25%,cpu@53.25C,soc2@51.312C,soc0@52C,gpu@53.312C,tj@53.312C,soc1@51.937C,VDD_IN,8953mW/8509mW,VDD_CPU_GPU_CV,3277mW/2927mW,VDD_SOC,2966mW/2935mW
07-25-2026,17:42:50,RAM,1525/7620MB,(lfb,121x4MB),SWAP,388/3810MB,(cached,2MB),CPU,[0%@1344,63%@1344,0%@1344,20%@1344,0%@1344,18%@1344],GR3D_FREQ,22%,cpu@53.625C,soc2@51.281C,soc0@52.218C,gpu@53.437C,tj@53.625C,soc1@52.062C,VDD_IN,8953mW/8511mW,VDD_CPU_GPU_CV,3277mW/2928mW,VDD_SOC,2966mW/2935mW
07-25-2026,17:42:50,RAM,1525/7620MB,(lfb,121x4MB),SWAP,388/3810MB,(cached,2MB),CPU,[9%@1344,60%@1344,0%@1344,27%@1344,0%@1344,10%@1344],GR3D_FREQ,10%,cpu@53.718C,soc2@51.343C,soc0@51.875C,gpu@53.656C,tj@53.875C,soc1@52.125C,VDD_IN,8992mW/8512mW,VDD_CPU_GPU_CV,3316mW/2929mW,VDD_SOC,2966mW/2935mW
07-25-2026,17:42:50,RAM,1525/7620MB,(lfb,121x4MB),SWAP,388/3810MB,(cached,2MB),CPU,[0%@1344,72%@1344,0%@1344,27%@1344,9%@1344,10%@1344],GR3D_FREQ,29%,cpu@53.781C,soc2@51.218C,soc0@51.937C,gpu@53.5C,tj@53.781C,soc1@51.875C,VDD_IN,9032mW/8514mW,VDD_CPU_GPU_CV,3356mW/2930mW,VDD_SOC,2966mW/2935mW
07-25-2026,17:42:50,RAM,1525/7620MB,(lfb,121x4MB),SWAP,388/3810MB,(cached,2MB),CPU,[0%@1344,54%@1344,0%@1344,20%@1344,0%@1344,18%@1344],GR3D_FREQ,39%,cpu@53.5C,soc2@51.343C,soc0@51.937C,gpu@53.531C,tj@53.531C,soc1@51.937C,VDD_IN,9072mW/8515mW,VDD_CPU_GPU_CV,3356mW/2932mW,VDD_SOC,2966mW/2935mW
07-25-2026,17:42:51,RAM,1525/7620MB,(lfb,121x4MB),SWAP,388/3810MB,(cached,2MB),CPU,[9%@1344,60%@1344,0%@1344,20%@1344,0%@1344,10%@1344],GR3D_FREQ,57%,cpu@53.531C,soc2@51.406C,soc0@52.125C,gpu@53.812C,tj@53.812C,soc1@52.125C,VDD_IN,9032mW/8517mW,VDD_CPU_GPU_CV,3356mW/2933mW,VDD_SOC,2966mW/2936mW
07-25-2026,17:42:51,RAM,1525/7620MB,(lfb,121x4MB),SWAP,388/3810MB,(cached,2MB),CPU,[0%@1344,60%@1344,0%@1344,27%@1344,0%@1344,10%@1344],GR3D_FREQ,34%,cpu@53.593C,soc2@51.5C,soc0@51.875C,gpu@53.437C,tj@53.687C,soc1@52.125C,VDD_IN,8953mW/8518mW,VDD_CPU_GPU_CV,3316mW/2934mW,VDD_SOC,2966mW/2936mW
07-25-2026,17:42:51,RAM,1525/7620MB,(lfb,121x4MB),SWAP,388/3810MB,(cached,2MB),CPU,[0%@1344,60%@1344,0%@1344,18%@1344,0%@1344,10%@1344],GR3D_FREQ,25%,cpu@53.625C,soc2@51.406C,soc0@51.937C,gpu@53.906C,tj@53.906C,soc1@51.906C,VDD_IN,8913mW/8520mW,VDD_CPU_GPU_CV,3316mW/2935mW,VDD_SOC,2966mW/2936mW
07-25-2026,17:42:51,RAM,1526/7620MB,(lfb,121x4MB),SWAP,388/3810MB,(cached,2MB),CPU,[16%@1344,63%@1344,0%@1344,27%@1344,0%@1344,10%@1344],GR3D_FREQ,9%,cpu@53.406C,soc2@51.375C,soc0@52.062C,gpu@53.843C,tj@53.843C,soc1@52C,VDD_IN,8953mW/8521mW,VDD_CPU_GPU_CV,3316mW/2936mW,VDD_SOC,2966mW/2936mW
07-25-2026,17:42:51,RAM,1526/7620MB,(lfb,121x4MB),SWAP,388/3810MB,(cached,2MB),CPU,[0%@1344,63%@1344,0%@1344,20%@1344,0%@1344,9%@1344],GR3D_FREQ,5%,cpu@53.437C,soc2@51.437C,soc0@52.281C,gpu@53.656C,tj@53.656C,soc1@52.125C,VDD_IN,8953mW/8522mW,VDD_CPU_GPU_CV,3316mW/2938mW,VDD_SOC,2966mW/2936mW
07-25-2026,17:42:51,RAM,1526/7620MB,(lfb,121x4MB),SWAP,388/3810MB,(cached,2MB),CPU,[0%@1344,70%@1344,0%@1344,20%@1344,10%@1344,10%@1344],GR3D_FREQ,28%,cpu@53.593C,soc2@51.437C,soc0@51.937C,gpu@53.718C,tj@53.718C,soc1@52.218C,VDD_IN,9032mW/8524mW,VDD_CPU_GPU_CV,3356mW/2939mW,VDD_SOC,2966mW/2936mW
07-25-2026,17:42:51,RAM,1526/7620MB,(lfb,121x4MB),SWAP,388/3810MB,(cached,2MB),CPU,[0%@1344,63%@1344,18%@1344,0%@1344,20%@1344,0%@1344],GR3D_FREQ,36%,cpu@53.468C,soc2@51.281C,soc0@51.968C,gpu@53.812C,tj@53.812C,soc1@51.937C,VDD_IN,9032mW/8525mW,VDD_CPU_GPU_CV,3356mW/2940mW,VDD_SOC,2966mW/2936mW
07-25-2026,17:42:51,RAM,1526/7620MB,(lfb,121x4MB),SWAP,388/3810MB,(cached,2MB),CPU,[0%@1344,60%@1344,10%@1344,9%@1344,18%@1344,0%@1344],GR3D_FREQ,57%,cpu@53.375C,soc2@51.343C,soc0@52.062C,gpu@53.656C,tj@53.656C,soc1@52.031C,VDD_IN,8992mW/8527mW,VDD_CPU_GPU_CV,3316mW/2941mW,VDD_SOC,2966mW/2936mW
07-25-2026,17:42:51,RAM,1526/7620MB,(lfb,121x4MB),SWAP,388/3810MB,(cached,2MB),CPU,[9%@1344,63%@1344,10%@1344,16%@1344,27%@1344,0%@1344],GR3D_FREQ,37%,cpu@53.5C,soc2@51.406C,soc0@52.156C,gpu@53.531C,tj@53.531C,soc1@52.218C,VDD_IN,8992mW/8528mW,VDD_CPU_GPU_CV,3316mW/2942mW,VDD_SOC,2966mW/2936mW
07-25-2026,17:42:52,RAM,1526/7620MB,(lfb,121x4MB),SWAP,388/3810MB,(cached,2MB),CPU,[0%@1344,60%@1344,10%@1344,9%@1344,20%@1344,0%@1344],GR3D_FREQ,26%,cpu@53.625C,soc2@51.312C,soc0@51.906C,gpu@53.625C,tj@53.625C,soc1@52.437C,VDD_IN,9032mW/8529mW,VDD_CPU_GPU_CV,3356mW/2943mW,VDD_SOC,2966mW/2936mW
07-25-2026,17:42:52,RAM,1526/7620MB,(lfb,121x4MB),SWAP,388/3810MB,(cached,2MB),CPU,[0%@1344,60%@1344,16%@1344,0%@1344,27%@1344,0%@1344],GR3D_FREQ,11%,cpu@53.375C,soc2@51.25C,soc0@52.062C,gpu@53.656C,tj@53.656C,soc1@52C,VDD_IN,9032mW/8531mW,VDD_CPU_GPU_CV,3356mW/2945mW,VDD_SOC,2966mW/2936mW
07-25-2026,17:42:52,RAM,1526/7620MB,(lfb,121x4MB),SWAP,388/3810MB,(cached,2MB),CPU,[0%@1344,63%@1344,10%@1344,0%@1344,27%@1344,0%@1344],GR3D_FREQ,25%,cpu@53.5C,soc2@51.437C,soc0@52.156C,gpu@53.687C,tj@53.687C,soc1@52.031C,VDD_IN,9072mW/8532mW,VDD_CPU_GPU_CV,3395mW/2946mW,VDD_SOC,2966mW/2937mW
07-25-2026,17:42:52,RAM,1526/7620MB,(lfb,121x4MB),SWAP,388/3810MB,(cached,2MB),CPU,[9%@1344,60%@1344,10%@1344,0%@1344,20%@1344,0%@1344],GR3D_FREQ,29%,cpu@53.5C,soc2@51.406C,soc0@51.937C,gpu@53.625C,tj@53.625C,soc1@52.062C,VDD_IN,9032mW/8534mW,VDD_CPU_GPU_CV,3356mW/2947mW,VDD_SOC,2966mW/2937mW
07-25-2026,17:42:52,RAM,1526/7620MB,(lfb,121x4MB),SWAP,388/3810MB,(cached,2MB),CPU,[0%@1344,60%@1344,18%@1344,0%@1344,27%@1344,0%@1344],GR3D_FREQ,33%,cpu@53.5C,soc2@51.406C,soc0@51.968C,gpu@54.093C,tj@54.093C,soc1@52.312C,VDD_IN,8992mW/8535mW,VDD_CPU_GPU_CV,3356mW/2948mW,VDD_SOC,2966mW/2937mW
07-25-2026,17:42:52,RAM,1526/7620MB,(lfb,121x4MB),SWAP,388/3810MB,(cached,2MB),CPU,[0%@1344,60%@1344,10%@1344,0%@1344,18%@1344,0%@1344],GR3D_FREQ,55%,cpu@53.375C,soc2@51.375C,soc0@52.093C,gpu@53.875C,tj@53.875C,soc1@52.093C,VDD_IN,8953mW/8536mW,VDD_CPU_GPU_CV,3316mW/2949mW,VDD_SOC,2966mW/2937mW
07-25-2026,17:42:52,RAM,1526/7620MB,(lfb,121x4MB),SWAP,388/3810MB,(cached,2MB),CPU,[9%@1344,0%@1344,9%@1344,27%@1344,60%@1344,9%@1344],GR3D_FREQ,40%,cpu@53.468C,soc2@51.406C,soc0@52.062C,gpu@53.562C,tj@53.562C,soc1@52.156C,VDD_IN,8953mW/8538mW,VDD_CPU_GPU_CV,3316mW/2950mW,VDD_SOC,2966mW/2937mW
07-25-2026,17:42:52,RAM,1526/7620MB,(lfb,121x4MB),SWAP,388/3810MB,(cached,2MB),CPU,[0%@1344,0%@1344,10%@1344,30%@1344,60%@1344,0%@1344],GR3D_FREQ,27%,cpu@53.687C,soc2@51.437C,soc0@52.281C,gpu@54.125C,tj@54.125C,soc1@52.156C,VDD_IN,9032mW/8539mW,VDD_CPU_GPU_CV,3316mW/2952mW,VDD_SOC,2966mW/2937mW
07-25-2026,17:42:52,RAM,1526/7620MB,(lfb,121x4MB),SWAP,388/3810MB,(cached,2MB),CPU,[0%@1344,0%@1344,18%@1344,27%@1344,63%@1344,9%@1344],GR3D_FREQ,12%,cpu@53.906C,soc2@51.406C,soc0@52C,gpu@53.968C,tj@53.968C,soc1@52.281C,VDD_IN,9032mW/8540mW,VDD_CPU_GPU_CV,3356mW/2953mW,VDD_SOC,2966mW/2937mW
07-25-2026,17:42:52,RAM,1526/7620MB,(lfb,121x4MB),SWAP,388/3810MB,(cached,2MB),CPU,[9%@1344,0%@1344,10%@1344,20%@1344,60%@1344,0%@1344],GR3D_FREQ,22%,cpu@53.375C,soc2@51.437C,soc0@52.125C,gpu@53.593C,tj@53.593C,soc1@52.062C,VDD_IN,9072mW/8542mW,VDD_CPU_GPU_CV,3395mW/2954mW,VDD_SOC,2966mW/2937mW
07-25-2026,17:42:53,RAM,1526/7620MB,(lfb,121x4MB),SWAP,388/3810MB,(cached,2MB),CPU,[0%@1344,0%@1344,10%@1344,27%@1344,60%@1344,0%@1344],GR3D_FREQ,32%,cpu@53.5C,soc2@51.406C,soc0@52.125C,gpu@54.031C,tj@54.031C,soc1@52.156C,VDD_IN,9032mW/8543mW,VDD_CPU_GPU_CV,3356mW/2955mW,VDD_SOC,2966mW/2937mW
07-25-2026,17:42:53,RAM,1526/7620MB,(lfb,121x4MB),SWAP,388/3810MB,(cached,2MB),CPU,[0%@1344,0%@1344,10%@1344,20%@1344,60%@1344,0%@1344],GR3D_FREQ,49%,cpu@53.437C,soc2@51.437C,soc0@52.281C,gpu@53.781C,tj@53.781C,soc1@52.156C,VDD_IN,8992mW/8545mW,VDD_CPU_GPU_CV,3316mW/2956mW,VDD_SOC,2966mW/2937mW
07-25-2026,17:42:53,RAM,1526/7620MB,(lfb,121x4MB),SWAP,388/3810MB,(cached,2MB),CPU,[0%@1344,0%@1344,18%@1344,27%@1344,60%@1344,0%@1344],GR3D_FREQ,49%,cpu@53.531C,soc2@51.531C,soc0@52C,gpu@53.437C,tj@53.531C,soc1@52.281C,VDD_IN,8953mW/8546mW,VDD_CPU_GPU_CV,3316mW/2957mW,VDD_SOC,2966mW/2937mW
07-25-2026,17:42:53,RAM,1526/7620MB,(lfb,121x4MB),SWAP,388/3810MB,(cached,2MB),CPU,[0%@1344,0%@1344,9%@1344,18%@1344,60%@1344,0%@1344],GR3D_FREQ,28%,cpu@53.562C,soc2@51.406C,soc0@52.187C,gpu@54.031C,tj@54.031C,soc1@52.031C,VDD_IN,8953mW/8547mW,VDD_CPU_GPU_CV,3316mW/2958mW,VDD_SOC,2966mW/2937mW
07-25-2026,17:42:53,RAM,1526/7620MB,(lfb,121x4MB),SWAP,388/3810MB,(cached,2MB),CPU,[8%@1344,0%@1344,10%@1344,27%@1344,63%@1344,0%@1344],GR3D_FREQ,27%,cpu@53.531C,soc2@51.406C,soc0@52.125C,gpu@53.968C,tj@53.968C,soc1@52.125C,VDD_IN,8992mW/8548mW,VDD_CPU_GPU_CV,3316mW/2959mW,VDD_SOC,2966mW/2938mW
07-25-2026,17:42:53,RAM,1526/7620MB,(lfb,121x4MB),SWAP,388/3810MB,(cached,2MB),CPU,[0%@1344,0%@1344,10%@1344,30%@1344,70%@1344,0%@1344],GR3D_FREQ,14%,cpu@53.75C,soc2@51.5C,soc0@52.25C,gpu@53.5C,tj@53.75C,soc1@52.156C,VDD_IN,8992mW/8549mW,VDD_CPU_GPU_CV,3356mW/2960mW,VDD_SOC,2966mW/2938mW
07-25-2026,17:42:53,RAM,1526/7620MB,(lfb,121x4MB),SWAP,388/3810MB,(cached,2MB),CPU,[0%@1344,0%@1344,18%@1344,18%@1344,54%@1344,0%@1344],GR3D_FREQ,19%,cpu@53.781C,soc2@51.531C,soc0@51.968C,gpu@54.062C,tj@54.062C,soc1@52.218C,VDD_IN,9032mW/8551mW,VDD_CPU_GPU_CV,3356mW/2961mW,VDD_SOC,2966mW/2938mW
07-25-2026,17:42:53,RAM,1526/7620MB,(lfb,121x4MB),SWAP,388/3810MB,(cached,2MB),CPU,[0%@1344,0%@1344,10%@1344,20%@1344,55%@1344,0%@1344],GR3D_FREQ,31%,cpu@53.937C,soc2@51.437C,soc0@52.125C,gpu@53.781C,tj@53.937C,soc1@52.156C,VDD_IN,8992mW/8552mW,VDD_CPU_GPU_CV,3356mW/2963mW,VDD_SOC,2966mW/2938mW
07-25-2026,17:42:53,RAM,1526/7620MB,(lfb,121x4MB),SWAP,388/3810MB,(cached,2MB),CPU,[0%@1344,0%@1344,18%@1344,33%@1344,63%@1344,0%@1344],GR3D_FREQ,47%,cpu@53.468C,soc2@51.437C,soc0@52.187C,gpu@53.656C,tj@53.656C,soc1@52.093C,VDD_IN,8992mW/8553mW,VDD_CPU_GPU_CV,3316mW/2963mW,VDD_SOC,2966mW/2938mW
07-25-2026,17:42:54,RAM,1526/7620MB,(lfb,121x4MB),SWAP,388/3810MB,(cached,2MB),CPU,[0%@1344,0%@1344,10%@1344,20%@1344,66%@1344,0%@1344],GR3D_FREQ,52%,cpu@53.75C,soc2@51.437C,soc0@52.187C,gpu@53.906C,tj@53.906C,soc1@52.156C,VDD_IN,8992mW/8554mW,VDD_CPU_GPU_CV,3316mW/2964mW,VDD_SOC,2966mW/2938mW
07-25-2026,17:42:54,RAM,1526/7620MB,(lfb,121x4MB),SWAP,388/3810MB,(cached,2MB),CPU,[0%@1344,0%@1344,10%@1344,27%@1344,63%@1344,0%@1344],GR3D_FREQ,29%,cpu@53.781C,soc2@51.437C,soc0@51.968C,gpu@53.781C,tj@53.781C,soc1@52.375C,VDD_IN,8992mW/8556mW,VDD_CPU_GPU_CV,3316mW/2965mW,VDD_SOC,2966mW/2938mW
07-25-2026,17:42:54,RAM,1526/7620MB,(lfb,121x4MB),SWAP,388/3810MB,(cached,2MB),CPU,[0%@1344,0%@1344,10%@1344,27%@1344,60%@1344,0%@1344],GR3D_FREQ,21%,cpu@53.812C,soc2@51.281C,soc0@52.062C,gpu@53.656C,tj@53.812C,soc1@52.5C,VDD_IN,8992mW/8557mW,VDD_CPU_GPU_CV,3316mW/2966mW,VDD_SOC,2966mW/2938mW
07-25-2026,17:42:54,RAM,1526/7620MB,(lfb,121x4MB),SWAP,388/3810MB,(cached,2MB),CPU,[0%@1344,0%@1344,9%@1344,20%@1344,60%@1344,0%@1344],GR3D_FREQ,1%,cpu@53.562C,soc2@51.437C,soc0@52.156C,gpu@53.937C,tj@53.937C,soc1@52.093C,VDD_IN,9032mW/8558mW,VDD_CPU_GPU_CV,3356mW/2967mW,VDD_SOC,2966mW/2938mW
07-25-2026,17:42:54,RAM,1526/7620MB,(lfb,121x4MB),SWAP,388/3810MB,(cached,2MB),CPU,[0%@1344,9%@1344,18%@1344,27%@1344,60%@1344,0%@1344],GR3D_FREQ,16%,cpu@53.625C,soc2@51.437C,soc0@52.312C,gpu@53.843C,tj@53.843C,soc1@52.125C,VDD_IN,9032mW/8559mW,VDD_CPU_GPU_CV,3356mW/2969mW,VDD_SOC,2966mW/2938mW
07-25-2026,17:42:54,RAM,1526/7620MB,(lfb,121x4MB),SWAP,388/3810MB,(cached,2MB),CPU,[9%@1344,0%@1344,18%@1344,20%@1344,63%@1344,0%@1344],GR3D_FREQ,31%,cpu@53.781C,soc2@51.5C,soc0@52.062C,gpu@53.593C,tj@53.781C,soc1@52.375C,VDD_IN,9032mW/8561mW,VDD_CPU_GPU_CV,3316mW/2970mW,VDD_SOC,2966mW/2938mW
07-25-2026,17:42:54,RAM,1526/7620MB,(lfb,121x4MB),SWAP,388/3810MB,(cached,2MB),CPU,[0%@1344,0%@1344,10%@1344,27%@1344,63%@1344,0%@1344],GR3D_FREQ,44%,cpu@53.5C,soc2@51.468C,soc0@52.062C,gpu@53.531C,tj@53.531C,soc1@52.125C,VDD_IN,8992mW/8562mW,VDD_CPU_GPU_CV,3316mW/2970mW,VDD_SOC,2926mW/2938mW
07-25-2026,17:42:54,RAM,1526/7620MB,(lfb,121x4MB),SWAP,388/3810MB,(cached,2MB),CPU,[9%@1344,0%@1344,10%@1344,18%@1344,60%@1344,0%@1344],GR3D_FREQ,55%,cpu@53.468C,soc2@51.5C,soc0@52.218C,gpu@53.687C,tj@53.687C,soc1@52.156C,VDD_IN,9032mW/8563mW,VDD_CPU_GPU_CV,3316mW/2971mW,VDD_SOC,2966mW/2938mW
07-25-2026,17:42:54,RAM,1526/7620MB,(lfb,121x4MB),SWAP,388/3810MB,(cached,2MB),CPU,[9%@1344,0%@1344,18%@1344,22%@1344,63%@1344,16%@1344],GR3D_FREQ,29%,cpu@53.718C,soc2@51.437C,soc0@52.375C,gpu@53.75C,tj@53.75C,soc1@52.187C,VDD_IN,9072mW/8565mW,VDD_CPU_GPU_CV,3356mW/2972mW,VDD_SOC,2966mW/2938mW
07-25-2026,17:42:54,RAM,1526/7620MB,(lfb,121x4MB),SWAP,388/3810MB,(cached,2MB),CPU,[0%@1344,0%@1344,10%@1344,0%@1344,70%@1344,27%@1344],GR3D_FREQ,24%,cpu@53.875C,soc2@51.593C,soc0@52.156C,gpu@53.781C,tj@53.875C,soc1@52.406C,VDD_IN,9072mW/8566mW,VDD_CPU_GPU_CV,3356mW/2973mW,VDD_SOC,2966mW/2939mW
07-25-2026,17:42:55,RAM,1526/7620MB,(lfb,121x4MB),SWAP,388/3810MB,(cached,2MB),CPU,[0%@1344,0%@1344,18%@1344,0%@1344,54%@1344,20%@1344],GR3D_FREQ,11%,cpu@53.937C,soc2@51.468C,soc0@52.125C,gpu@53.593C,tj@53.937C,soc1@52.156C,VDD_IN,9072mW/8567mW,VDD_CPU_GPU_CV,3356mW/2975mW,VDD_SOC,2966mW/2939mW
07-25-2026,17:42:55,RAM,1526/7620MB,(lfb,121x4MB),SWAP,388/3810MB,(cached,2MB),CPU,[0%@1344,0%@1344,0%@1344,0%@1344,60%@1344,20%@1344],GR3D_FREQ,29%,cpu@53.562C,soc2@51.468C,soc0@52.156C,gpu@53.656C,tj@53.656C,soc1@52.156C,VDD_IN,9032mW/8569mW,VDD_CPU_GPU_CV,3356mW/2976mW,VDD_SOC,2966mW/2939mW
07-25-2026,17:42:55,RAM,1526/7620MB,(lfb,121x4MB),SWAP,388/3810MB,(cached,2MB),CPU,[0%@1344,0%@1344,9%@1344,0%@1344,55%@1344,27%@1344],GR3D_FREQ,30%,cpu@53.625C,soc2@51.562C,soc0@52.25C,gpu@53.656C,tj@53.656C,soc1@52.25C,VDD_IN,8992mW/8570mW,VDD_CPU_GPU_CV,3316mW/2976mW,VDD_SOC,2966mW/2939mW
07-25-2026,17:42:55,RAM,1526/7620MB,(lfb,121x4MB),SWAP,388/3810MB,(cached,2MB),CPU,[9%@1344,0%@1344,10%@1344,0%@1344,40%@1344,10%@1344],GR3D_FREQ,0%,cpu@53.562C,soc2@51.531C,soc0@52.031C,gpu@53.343C,tj@53.562C,soc1@52.312C,VDD_IN,8715mW/8570mW,VDD_CPU_GPU_CV,3164mW/2977mW,VDD_SOC,2887mW/2939mW
07-25-2026,17:42:55,RAM,1526/7620MB,(lfb,121x4MB),SWAP,388/3810MB,(cached,2MB),CPU,[0%@1344,0%@1344,0%@1344,0%@1344,0%@1344,0%@1344],GR3D_FREQ,0%,cpu@53.562C,soc2@51.437C,soc0@52.062C,gpu@53.343C,tj@53.562C,soc1@52.156C,VDD_IN,8042mW/8569mW,VDD_CPU_GPU_CV,2729mW/2976mW,VDD_SOC,2808mW/2938mW
07-25-2026,17:42:55,RAM,1474/7620MB,(lfb,121x4MB),SWAP,388/3810MB,(cached,2MB),CPU,[0%@1344,0%@1344,0%@1344,0%@1344,54%@1344,20%@1344],GR3D_FREQ,0%,cpu@53.593C,soc2@51.531C,soc0@52.156C,gpu@53.281C,tj@53.593C,soc1@52.156C,VDD_IN,7645mW/8566mW,VDD_CPU_GPU_CV,2491mW/2975mW,VDD_SOC,2729mW/2938mW
07-25-2026,17:42:55,RAM,918/7620MB,(lfb,121x4MB),SWAP,388/3810MB,(cached,2MB),CPU,[0%@1344,0%@1344,72%@1344,0%@1344,27%@1344,0%@1344],GR3D_FREQ,0%,cpu@53.375C,soc2@51.406C,soc0@52.187C,gpu@53.656C,tj@53.656C,soc1@52.156C,VDD_IN,7420mW/8563mW,VDD_CPU_GPU_CV,2333mW/2973mW,VDD_SOC,2693mW/2937mW
07-25-2026,17:42:55,RAM,916/7620MB,(lfb,121x4MB),SWAP,388/3810MB,(cached,2MB),CPU,[0%@1344,0%@1344,20%@1344,0%@1344,25%@1344,10%@1344],GR3D_FREQ,0%,cpu@53.437C,soc2@51.406C,soc0@52.125C,gpu@53.156C,tj@53.437C,soc1@52.281C,VDD_IN,7102mW/8559mW,VDD_CPU_GPU_CV,2135mW/2971mW,VDD_SOC,2654mW/2936mW
07-25-2026,17:42:55,RAM,916/7620MB,(lfb,121x4MB),SWAP,388/3810MB,(cached,2MB),CPU,[9%@1344,9%@1344,0%@1344,9%@1344,0%@1344,9%@1344],GR3D_FREQ,0%,cpu@53.437C,soc2@51.281C,soc0@52.031C,gpu@53.125C,tj@53.437C,soc1@52.5C,VDD_IN,6785mW/8555mW,VDD_CPU_GPU_CV,1938mW/2968mW,VDD_SOC,2575mW/2935mW
07-25-2026,17:42:56,RAM,916/7620MB,(lfb,121x4MB),SWAP,388/3810MB,(cached,2MB),CPU,[0%@1344,0%@1344,0%@1344,0%@1344,0%@1344,0%@1344],GR3D_FREQ,0%,cpu@53.562C,soc2@51.281C,soc0@52.093C,gpu@53.562C,tj@53.562C,soc1@52.156C,VDD_IN,6507mW/8549mW,VDD_CPU_GPU_CV,1822mW/2965mW,VDD_SOC,2535mW/2934mW
07-25-2026,17:42:56,RAM,916/7620MB,(lfb,121x4MB),SWAP,388/3810MB,(cached,2MB),CPU,[0%@1344,0%@1344,0%@1344,0%@1344,0%@1344,0%@1344],GR3D_FREQ,0%,cpu@53.218C,soc2@51.312C,soc0@52.187C,gpu@53.062C,tj@53.218C,soc1@52.156C,VDD_IN,6309mW/8543mW,VDD_CPU_GPU_CV,1703mW/2962mW,VDD_SOC,2495mW/2933mW
07-25-2026,17:42:56,RAM,916/7620MB,(lfb,121x4MB),SWAP,388/3810MB,(cached,2MB),CPU,[0%@1344,0%@1344,0%@1344,0%@1344,0%@1344,0%@1344],GR3D_FREQ,0%,cpu@53.25C,soc2@51.343C,soc0@52.187C,gpu@53C,tj@53.25C,soc1@52.25C,VDD_IN,6150mW/8537mW,VDD_CPU_GPU_CV,1584mW/2958mW,VDD_SOC,2495mW/2932mW
07-25-2026,17:42:56,RAM,916/7620MB,(lfb,121x4MB),SWAP,388/3810MB,(cached,2MB),CPU,[0%@1344,0%@1344,0%@1344,0%@1344,0%@1344,0%@1344],GR3D_FREQ,0%,cpu@53.343C,soc2@51.406C,soc0@52.031C,gpu@53.093C,tj@53.343C,soc1@52.25C,VDD_IN,6031mW/8530mW,VDD_CPU_GPU_CV,1505mW/2955mW,VDD_SOC,2456mW/2931mW
07-25-2026,17:42:56,RAM,916/7620MB,(lfb,121x4MB),SWAP,388/3810MB,(cached,2MB),CPU,[0%@1344,0%@1344,0%@1344,0%@1344,0%@1344,0%@1344],GR3D_FREQ,0%,cpu@53.468C,soc2@51.25C,soc0@52.093C,gpu@53C,tj@53.468C,soc1@52.093C,VDD_IN,5952mW/8524mW,VDD_CPU_GPU_CV,1465mW/2951mW,VDD_SOC,2456mW/2929mW
07-25-2026,17:42:56,RAM,916/7620MB,(lfb,121x4MB),SWAP,388/3810MB,(cached,2MB),CPU,[0%@1344,0%@1344,0%@1344,0%@1344,0%@1344,0%@1344],GR3D_FREQ,0%,cpu@53.031C,soc2@51.25C,soc0@52.093C,gpu@52.968C,tj@53.093C,soc1@52.093C,VDD_IN,5872mW/8517mW,VDD_CPU_GPU_CV,1426mW/2947mW,VDD_SOC,2416mW/2928mW
07-25-2026,17:42:56,RAM,916/7620MB,(lfb,121x4MB),SWAP,388/3810MB,(cached,2MB),CPU,[0%@1344,0%@1344,0%@1344,0%@1344,0%@1344,0%@1344],GR3D_FREQ,0%,cpu@53.093C,soc2@51.312C,soc0@52.218C,gpu@53.031C,tj@53.093C,soc1@52.156C,VDD_IN,5793mW/8510mW,VDD_CPU_GPU_CV,1386mW/2943mW,VDD_SOC,2416mW/2927mW
07-25-2026,17:42:56,RAM,916/7620MB,(lfb,121x4MB),SWAP,388/3810MB,(cached,2MB),CPU,[0%@1344,9%@1344,0%@1344,0%@1344,0%@1344,0%@1344],GR3D_FREQ,0%,cpu@53.218C,soc2@51.406C,soc0@52.281C,gpu@53C,tj@53.218C,soc1@52.281C,VDD_IN,5793mW/8503mW,VDD_CPU_GPU_CV,1386mW/2939mW,VDD_SOC,2416mW/2926mW
07-25-2026,17:42:56,RAM,916/7620MB,(lfb,121x4MB),SWAP,388/3810MB,(cached,2MB),CPU,[8%@1344,0%@1344,0%@1344,0%@1344,0%@1344,0%@1344],GR3D_FREQ,0%,cpu@53.375C,soc2@51.375C,soc0@52C,gpu@52.906C,tj@53.375C,soc1@52.531C,VDD_IN,5793mW/8496mW,VDD_CPU_GPU_CV,1346mW/2935mW,VDD_SOC,2416mW/2924mW
07-25-2026,17:42:56,RAM,916/7620MB,(lfb,121x4MB),SWAP,388/3810MB,(cached,2MB),CPU,[0%@1344,0%@1344,0%@1344,0%@1344,0%@1344,9%@1344],GR3D_FREQ,0%,cpu@52.906C,soc2@51.156C,soc0@52.093C,gpu@53.125C,tj@53.125C,soc1@52.062C,VDD_IN,5753mW/8489mW,VDD_CPU_GPU_CV,1346mW/2930mW,VDD_SOC,2416mW/2923mW
07-25-2026,17:42:57,RAM,916/7620MB,(lfb,121x4MB),SWAP,388/3810MB,(cached,2MB),CPU,[0%@1344,0%@1344,0%@1344,0%@1344,0%@1344,0%@1344],GR3D_FREQ,0%,cpu@53.062C,soc2@51.156C,soc0@52.093C,gpu@52.968C,tj@53.062C,soc1@52.125C,VDD_IN,5713mW/8482mW,VDD_CPU_GPU_CV,1307mW/2926mW,VDD_SOC,2416mW/2922mW
07-25-2026,17:42:57,RAM,916/7620MB,(lfb,121x4MB),SWAP,388/3810MB,(cached,2MB),CPU,[0%@1344,0%@1344,0%@1344,0%@1344,0%@1344,0%@1344],GR3D_FREQ,0%,cpu@53.125C,soc2@51.156C,soc0@52.156C,gpu@53.062C,tj@53.125C,soc1@52.093C,VDD_IN,5674mW/8474mW,VDD_CPU_GPU_CV,1307mW/2922mW,VDD_SOC,2416mW/2920mW
07-25-2026,17:42:57,RAM,916/7620MB,(lfb,121x4MB),SWAP,388/3810MB,(cached,2MB),CPU,[0%@1344,0%@1344,0%@1344,0%@1344,0%@1344,0%@1344],GR3D_FREQ,0%,cpu@53.218C,soc2@51.312C,soc0@51.937C,gpu@53C,tj@53.218C,soc1@52.187C,VDD_IN,5674mW/8467mW,VDD_CPU_GPU_CV,1307mW/2918mW,VDD_SOC,2416mW/2919mW
07-25-2026,17:42:57,RAM,916/7620MB,(lfb,121x4MB),SWAP,388/3810MB,(cached,2MB),CPU,[0%@1344,0%@1344,0%@1344,0%@1344,0%@1344,0%@1344],GR3D_FREQ,0%,cpu@53.375C,soc2@51.062C,soc0@52.031C,gpu@52.906C,tj@53.375C,soc1@52.125C,VDD_IN,5634mW/8460mW,VDD_CPU_GPU_CV,1307mW/2914mW,VDD_SOC,2376mW/2918mW
07-25-2026,17:42:57,RAM,916/7620MB,(lfb,121x4MB),SWAP,388/3810MB,(cached,2MB),CPU,[0%@1344,0%@1344,0%@1344,0%@1344,0%@1344,0%@1344],GR3D_FREQ,0%,cpu@52.906C,soc2@51.125C,soc0@52.062C,gpu@53C,tj@53C,soc1@52.062C,VDD_IN,5634mW/8453mW,VDD_CPU_GPU_CV,1267mW/2910mW,VDD_SOC,2376mW/2916mW
07-25-2026,17:42:57,RAM,916/7620MB,(lfb,121x4MB),SWAP,388/3810MB,(cached,2MB),CPU,[0%@1344,0%@1344,0%@1344,0%@1344,0%@1344,0%@1344],GR3D_FREQ,0%,cpu@53.156C,soc2@51.25C,soc0@52.187C,gpu@52.968C,tj@53.156C,soc1@52.187C,VDD_IN,5634mW/8446mW,VDD_CPU_GPU_CV,1267mW/2905mW,VDD_SOC,2376mW/2915mW
07-25-2026,17:42:57,RAM,916/7620MB,(lfb,121x4MB),SWAP,388/3810MB,(cached,2MB),CPU,[0%@1344,0%@1344,0%@1344,0%@1344,0%@1344,0%@1344],GR3D_FREQ,0%,cpu@53.25C,soc2@51.218C,soc0@52.187C,gpu@52.937C,tj@53.25C,soc1@52.218C,VDD_IN,5594mW/8438mW,VDD_CPU_GPU_CV,1267mW/2901mW,VDD_SOC,2376mW/2913mW
07-25-2026,17:42:57,RAM,916/7620MB,(lfb,121x4MB),SWAP,388/3810MB,(cached,2MB),CPU,[0%@1344,0%@1344,0%@1344,0%@1344,0%@1344,0%@1344],GR3D_FREQ,0%,cpu@53.343C,soc2@51.312C,soc0@51.937C,gpu@53C,tj@53.343C,soc1@52.218C,VDD_IN,5594mW/8431mW,VDD_CPU_GPU_CV,1267mW/2897mW,VDD_SOC,2376mW/2912mW
07-25-2026,17:42:57,RAM,916/7620MB,(lfb,121x4MB),SWAP,388/3810MB,(cached,2MB),CPU,[0%@1344,0%@1344,0%@1344,0%@1344,0%@1344,0%@1344],GR3D_FREQ,0%,cpu@52.875C,soc2@51.125C,soc0@52.062C,gpu@52.906C,tj@52.906C,soc1@52.125C,VDD_IN,5594mW/8424mW,VDD_CPU_GPU_CV,1267mW/2893mW,VDD_SOC,2376mW/2911mW
07-25-2026,17:42:58,RAM,916/7620MB,(lfb,121x4MB),SWAP,388/3810MB,(cached,2MB),CPU,[0%@1344,0%@1344,0%@1344,0%@1344,0%@1344,0%@1344],GR3D_FREQ,0%,cpu@52.843C,soc2@51.093C,soc0@52.093C,gpu@53.062C,tj@53.093C,soc1@52.031C,VDD_IN,5594mW/8417mW,VDD_CPU_GPU_CV,1267mW/2889mW,VDD_SOC,2376mW/2909mW
07-25-2026,17:42:58,RAM,916/7620MB,(lfb,121x4MB),SWAP,388/3810MB,(cached,2MB),CPU,[0%@1344,0%@1344,0%@1344,0%@1344,0%@1344,0%@1344],GR3D_FREQ,0%,cpu@53.156C,soc2@51.125C,soc0@52.156C,gpu@53C,tj@53.156C,soc1@52.125C,VDD_IN,5594mW/8410mW,VDD_CPU_GPU_CV,1267mW/2885mW,VDD_SOC,2376mW/2908mW
07-25-2026,17:42:58,RAM,916/7620MB,(lfb,121x4MB),SWAP,388/3810MB,(cached,2MB),CPU,[0%@1344,0%@1344,0%@1344,0%@1344,0%@1344,0%@1344],GR3D_FREQ,0%,cpu@53.218C,soc2@51.093C,soc0@51.875C,gpu@52.843C,tj@53.218C,soc1@52.218C,VDD_IN,5594mW/8403mW,VDD_CPU_GPU_CV,1267mW/2881mW,VDD_SOC,2376mW/2907mW
07-25-2026,17:42:58,RAM,916/7620MB,(lfb,121x4MB),SWAP,388/3810MB,(cached,2MB),CPU,[0%@1344,0%@1344,0%@1344,0%@1344,0%@1344,0%@1344],GR3D_FREQ,0%,cpu@53.343C,soc2@51.093C,soc0@51.968C,gpu@53.062C,tj@53.343C,soc1@52.406C,VDD_IN,5555mW/8396mW,VDD_CPU_GPU_CV,1267mW/2877mW,VDD_SOC,2376mW/2905mW
07-25-2026,17:42:58,RAM,916/7620MB,(lfb,121x4MB),SWAP,388/3810MB,(cached,2MB),CPU,[0%@1344,0%@1344,0%@1344,0%@1344,0%@1344,0%@1344],GR3D_FREQ,0%,cpu@52.843C,soc2@51.125C,soc0@52.093C,gpu@52.906C,tj@52.906C,soc1@52C,VDD_IN,5555mW/8389mW,VDD_CPU_GPU_CV,1267mW/2873mW,VDD_SOC,2376mW/2904mW
07-25-2026,17:42:58,RAM,916/7620MB,(lfb,121x4MB),SWAP,388/3810MB,(cached,2MB),CPU,[0%@1344,0%@1344,0%@1344,0%@1344,0%@1344,0%@1344],GR3D_FREQ,0%,cpu@53.062C,soc2@51.156C,soc0@51.968C,gpu@52.812C,tj@53.062C,soc1@52.156C,VDD_IN,5555mW/8382mW,VDD_CPU_GPU_CV,1267mW/2869mW,VDD_SOC,2376mW/2903mW
07-25-2026,17:42:58,RAM,916/7620MB,(lfb,121x4MB),SWAP,388/3810MB,(cached,2MB),CPU,[0%@1344,0%@1344,0%@1344,0%@1344,0%@1344,0%@1344],GR3D_FREQ,0%,cpu@53.187C,soc2@51.156C,soc0@52.218C,gpu@52.968C,tj@53.187C,soc1@52.062C,VDD_IN,5555mW/8375mW,VDD_CPU_GPU_CV,1267mW/2865mW,VDD_SOC,2376mW/2902mW
07-25-2026,17:42:58,RAM,916/7620MB,(lfb,121x4MB),SWAP,388/3810MB,(cached,2MB),CPU,[0%@1344,0%@1344,0%@1344,0%@1344,0%@1344,0%@1344],GR3D_FREQ,0%,cpu@53.25C,soc2@51.156C,soc0@51.937C,gpu@52.875C,tj@53.25C,soc1@52.25C,VDD_IN,5546mW/8368mW,VDD_CPU_GPU_CV,1265mW/2861mW,VDD_SOC,2376mW/2900mW
07-25-2026,17:42:58,RAM,916/7620MB,(lfb,121x4MB),SWAP,388/3810MB,(cached,2MB),CPU,[0%@1344,0%@1344,0%@1344,0%@1344,0%@1344,0%@1344],GR3D_FREQ,0%,cpu@52.75C,soc2@50.968C,soc0@51.906C,gpu@53.062C,tj@53.062C,soc1@51.843C,VDD_IN,5555mW/8361mW,VDD_CPU_GPU_CV,1267mW/2857mW,VDD_SOC,2376mW/2899mW
07-25-2026,17:42:58,RAM,914/7620MB,(lfb,121x4MB),SWAP,388/3810MB,(cached,2MB),CPU,[0%@1344,0%@1344,8%@1344,0%@1344,0%@1344,8%@1344],GR3D_FREQ,0%,cpu@52.906C,soc2@51.062C,soc0@52.031C,gpu@52.906C,tj@52.906C,soc1@51.968C,VDD_IN,5555mW/8354mW,VDD_CPU_GPU_CV,1265mW/2853mW,VDD_SOC,2376mW/2898mW
07-25-2026,17:42:59,RAM,914/7620MB,(lfb,121x4MB),SWAP,388/3810MB,(cached,2MB),CPU,[0%@1344,0%@1344,0%@1344,0%@1344,0%@1344,0%@1344],GR3D_FREQ,0%,cpu@53.062C,soc2@51.187C,soc0@52.031C,gpu@52.906C,tj@53.062C,soc1@52.156C,VDD_IN,5546mW/8347mW,VDD_CPU_GPU_CV,1265mW/2849mW,VDD_SOC,2376mW/2896mW
07-25-2026,17:42:59,RAM,914/7620MB,(lfb,121x4MB),SWAP,388/3810MB,(cached,2MB),CPU,[15%@1344,0%@1344,0%@1344,0%@1344,0%@1344,0%@1344],GR3D_FREQ,0%,cpu@53.218C,soc2@51.031C,soc0@51.937C,gpu@53.031C,tj@53.218C,soc1@52.156C,VDD_IN,5555mW/8340mW,VDD_CPU_GPU_CV,1265mW/2845mW,VDD_SOC,2376mW/2895mW
07-25-2026,17:42:59,RAM,914/7620MB,(lfb,121x4MB),SWAP,388/3810MB,(cached,2MB),CPU,[0%@1344,0%@1344,0%@1344,0%@1344,0%@1344,0%@1344],GR3D_FREQ,0%,cpu@52.906C,soc2@51.187C,soc0@51.937C,gpu@52.875C,tj@52.875C,soc1@52.281C,VDD_IN,5546mW/8333mW,VDD_CPU_GPU_CV,1265mW/2842mW,VDD_SOC,2376mW/2894mW
07-25-2026,17:42:59,RAM,914/7620MB,(lfb,121x4MB),SWAP,388/3810MB,(cached,2MB),CPU,[0%@1344,0%@1344,0%@1344,0%@1344,0%@1344,0%@1344],GR3D_FREQ,0%,cpu@52.906C,soc2@50.968C,soc0@51.937C,gpu@53.187C,tj@53.187C,soc1@52.031C,VDD_IN,5546mW/8327mW,VDD_CPU_GPU_CV,1265mW/2838mW,VDD_SOC,2376mW/2893mW
07-25-2026,17:42:59,RAM,914/7620MB,(lfb,121x4MB),SWAP,388/3810MB,(cached,2MB),CPU,[0%@1344,9%@1344,0%@1344,0%@1344,0%@1344,0%@1344],GR3D_FREQ,0%,cpu@52.843C,soc2@51C,soc0@52.062C,gpu@53C,tj@53.031C,soc1@51.968C,VDD_IN,5546mW/8320mW,VDD_CPU_GPU_CV,1265mW/2834mW,VDD_SOC,2376mW/2891mW
07-25-2026,17:42:59,RAM,914/7620MB,(lfb,121x4MB),SWAP,388/3810MB,(cached,2MB),CPU,[0%@1344,0%@1344,0%@1344,0%@1344,0%@1344,0%@1344],GR3D_FREQ,0%,cpu@53.093C,soc2@51C,soc0@51.843C,gpu@52.906C,tj@53.093C,soc1@52.062C,VDD_IN,5555mW/8313mW,VDD_CPU_GPU_CV,1265mW/2830mW,VDD_SOC,2376mW/2890mW
07-25-2026,17:42:59,RAM,914/7620MB,(lfb,121x4MB),SWAP,388/3810MB,(cached,2MB),CPU,[0%@1344,0%@1344,0%@1344,0%@1344,0%@1344,0%@1344],GR3D_FREQ,0%,cpu@53.281C,soc2@51.125C,soc0@51.875C,gpu@53.125C,tj@53.281C,soc1@52.312C,VDD_IN,5555mW/8306mW,VDD_CPU_GPU_CV,1265mW/2826mW,VDD_SOC,2376mW/2889mW
07-25-2026,17:42:59,RAM,914/7620MB,(lfb,121x4MB),SWAP,388/3810MB,(cached,2MB),CPU,[0%@1344,0%@1344,0%@1344,0%@1344,0%@1344,0%@1344],GR3D_FREQ,0%,cpu@52.937C,soc2@51C,soc0@51.937C,gpu@52.906C,tj@52.937C,soc1@52.031C,VDD_IN,5546mW/8300mW,VDD_CPU_GPU_CV,1265mW/2823mW,VDD_SOC,2376mW/2888mW
07-25-2026,17:42:59,RAM,914/7620MB,(lfb,121x4MB),SWAP,388/3810MB,(cached,2MB),CPU,[0%@1344,0%@1344,0%@1344,9%@1344,0%@1344,8%@1344],GR3D_FREQ,0%,cpu@52.75C,soc2@51.062C,soc0@51.968C,gpu@52.875C,tj@52.875C,soc1@51.968C,VDD_IN,5546mW/8293mW,VDD_CPU_GPU_CV,1265mW/2819mW,VDD_SOC,2376mW/2886mW
07-25-2026,17:43:00,RAM,914/7620MB,(lfb,121x4MB),SWAP,388/3810MB,(cached,2MB),CPU,[0%@1344,0%@1344,0%@1344,0%@1344,0%@1344,0%@1344],GR3D_FREQ,0%,cpu@52.781C,soc2@51.031C,soc0@51.937C,gpu@53.125C,tj@53.125C,soc1@52.031C,VDD_IN,5555mW/8287mW,VDD_CPU_GPU_CV,1265mW/2815mW,VDD_SOC,2376mW/2885mW
07-25-2026,17:43:00,RAM,914/7620MB,(lfb,121x4MB),SWAP,388/3810MB,(cached,2MB),CPU,[0%@1344,0%@1344,0%@1344,0%@1344,0%@1344,0%@1344],GR3D_FREQ,0%,cpu@53.187C,soc2@51.031C,soc0@51.875C,gpu@52.843C,tj@53.187C,soc1@52.156C,VDD_IN,5555mW/8280mW,VDD_CPU_GPU_CV,1265mW/2811mW,VDD_SOC,2376mW/2884mW
07-25-2026,17:43:00,RAM,914/7620MB,(lfb,121x4MB),SWAP,388/3810MB,(cached,2MB),CPU,[0%@1344,0%@1344,0%@1344,0%@1344,0%@1344,0%@1344],GR3D_FREQ,0%,cpu@52.843C,soc2@51.156C,soc0@51.937C,gpu@53.218C,tj@53.218C,soc1@52.25C,VDD_IN,5546mW/8274mW,VDD_CPU_GPU_CV,1265mW/2808mW,VDD_SOC,2376mW/2883mW
07-25-2026,17:43:00,RAM,914/7620MB,(lfb,121x4MB),SWAP,388/3810MB,(cached,2MB),CPU,[0%@1344,0%@1344,0%@1344,0%@1344,0%@1344,0%@1344],GR3D_FREQ,0%,cpu@53.062C,soc2@51.093C,soc0@51.937C,gpu@53.093C,tj@53.093C,soc1@51.875C,VDD_IN,5546mW/8267mW,VDD_CPU_GPU_CV,1265mW/2804mW,VDD_SOC,2376mW/2881mW
07-25-2026,17:43:00,RAM,914/7620MB,(lfb,121x4MB),SWAP,388/3810MB,(cached,2MB),CPU,[0%@1344,0%@1344,0%@1344,0%@1344,0%@1344,0%@1344],GR3D_FREQ,0%,cpu@52.812C,soc2@51.062C,soc0@52.062C,gpu@52.875C,tj@52.875C,soc1@51.875C,VDD_IN,5546mW/8261mW,VDD_CPU_GPU_CV,1265mW/2800mW,VDD_SOC,2376mW/2880mW
07-25-2026,17:43:00,RAM,914/7620MB,(lfb,121x4MB),SWAP,388/3810MB,(cached,2MB),CPU,[0%@1344,0%@1344,0%@1344,0%@1344,0%@1344,0%@1344],GR3D_FREQ,0%,cpu@53.093C,soc2@51.031C,soc0@52.125C,gpu@53.156C,tj@53.156C,soc1@52.062C,VDD_IN,5546mW/8254mW,VDD_CPU_GPU_CV,1265mW/2797mW,VDD_SOC,2373mW/2879mW
07-25-2026,17:43:00,RAM,914/7620MB,(lfb,121x4MB),SWAP,388/3810MB,(cached,2MB),CPU,[0%@1344,0%@1344,0%@1344,0%@1344,0%@1344,0%@1344],GR3D_FREQ,0%,cpu@53.312C,soc2@51.125C,soc0@51.937C,gpu@53.031C,tj@53.312C,soc1@52.156C,VDD_IN,5546mW/8248mW,VDD_CPU_GPU_CV,1265mW/2793mW,VDD_SOC,2376mW/2878mW
07-25-2026,17:43:00,RAM,914/7620MB,(lfb,121x4MB),SWAP,388/3810MB,(cached,2MB),CPU,[0%@1344,0%@1344,0%@1344,0%@1344,0%@1344,0%@1344],GR3D_FREQ,0%,cpu@52.906C,soc2@50.906C,soc0@51.937C,gpu@52.781C,tj@52.906C,soc1@51.937C,VDD_IN,5546mW/8241mW,VDD_CPU_GPU_CV,1265mW/2789mW,VDD_SOC,2373mW/2877mW
07-25-2026,17:43:00,RAM,914/7620MB,(lfb,121x4MB),SWAP,388/3810MB,(cached,2MB),CPU,[0%@1344,9%@1344,0%@1344,0%@1344,0%@1344,0%@1344],GR3D_FREQ,0%,cpu@52.843C,soc2@50.937C,soc0@51.906C,gpu@53.156C,tj@53.156C,soc1@52.031C,VDD_IN,5546mW/8235mW,VDD_CPU_GPU_CV,1265mW/2786mW,VDD_SOC,2373mW/2876mW
07-25-2026,17:43:00,RAM,914/7620MB,(lfb,121x4MB),SWAP,388/3810MB,(cached,2MB),CPU,[0%@1344,0%@1344,0%@1344,0%@1344,9%@1344,0%@1344],GR3D_FREQ,0%,cpu@52.843C,soc2@51C,soc0@52.062C,gpu@53C,tj@53C,soc1@52.031C,VDD_IN,5585mW/8229mW,VDD_CPU_GPU_CV,1265mW/2782mW,VDD_SOC,2373mW/2874mW
07-25-2026,17:43:01,RAM,914/7620MB,(lfb,121x4MB),SWAP,388/3810MB,(cached,2MB),CPU,[0%@1344,0%@1344,0%@1344,0%@1344,0%@1344,0%@1344],GR3D_FREQ,0%,cpu@53.218C,soc2@51.031C,soc0@51.906C,gpu@52.687C,tj@53.218C,soc1@52.093C,VDD_IN,5546mW/8223mW,VDD_CPU_GPU_CV,1265mW/2779mW,VDD_SOC,2373mW/2873mW
07-25-2026,17:43:01,RAM,914/7620MB,(lfb,121x4MB),SWAP,388/3810MB,(cached,2MB),CPU,[0%@1344,0%@1344,0%@1344,0%@1344,0%@1344,0%@1344],GR3D_FREQ,0%,cpu@52.843C,soc2@51.062C,soc0@51.812C,gpu@53.156C,tj@53.156C,soc1@52.281C,VDD_IN,5546mW/8216mW,VDD_CPU_GPU_CV,1265mW/2775mW,VDD_SOC,2373mW/2872mW
07-25-2026,17:43:01,RAM,914/7620MB,(lfb,121x4MB),SWAP,388/3810MB,(cached,2MB),CPU,[8%@1344,0%@1344,0%@1344,0%@1344,0%@1344,0%@1344],GR3D_FREQ,0%,cpu@52.968C,soc2@50.968C,soc0@51.906C,gpu@52.906C,tj@52.906C,soc1@51.937C,VDD_IN,5546mW/8210mW,VDD_CPU_GPU_CV,1265mW/2772mW,VDD_SOC,2373mW/2871mW
07-25-2026,17:43:01,RAM,914/7620MB,(lfb,121x4MB),SWAP,388/3810MB,(cached,2MB),CPU,[0%@1344,0%@1344,0%@1344,0%@1344,0%@1344,0%@1344],GR3D_FREQ,0%,cpu@52.781C,soc2@50.937C,soc0@51.968C,gpu@53.25C,tj@53.25C,soc1@51.875C,VDD_IN,5546mW/8204mW,VDD_CPU_GPU_CV,1265mW/2768mW,VDD_SOC,2373mW/2870mW
07-25-2026,17:43:01,RAM,914/7620MB,(lfb,121x4MB),SWAP,388/3810MB,(cached,2MB),CPU,[0%@1344,0%@1344,0%@1344,0%@1344,0%@1344,0%@1344],GR3D_FREQ,0%,cpu@52.843C,soc2@51.093C,soc0@52C,gpu@53.093C,tj@53.093C,soc1@52.187C,VDD_IN,5546mW/8198mW,VDD_CPU_GPU_CV,1265mW/2765mW,VDD_SOC,2373mW/2869mW
07-25-2026,17:43:01,RAM,914/7620MB,(lfb,121x4MB),SWAP,388/3810MB,(cached,2MB),CPU,[0%@1344,0%@1344,0%@1344,0%@1344,0%@1344,0%@1344],GR3D_FREQ,0%,cpu@52.75C,soc2@51.031C,soc0@51.937C,gpu@52.843C,tj@52.843C,soc1@52.093C,VDD_IN,5546mW/8192mW,VDD_CPU_GPU_CV,1265mW/2761mW,VDD_SOC,2376mW/2867mW
07-25-2026,17:43:01,RAM,914/7620MB,(lfb,121x4MB),SWAP,388/3810MB,(cached,2MB),CPU,[0%@1344,0%@1344,0%@1344,0%@1344,0%@1344,0%@1344],GR3D_FREQ,0%,cpu@52.906C,soc2@50.937C,soc0@51.812C,gpu@53.218C,tj@53.218C,soc1@51.968C,VDD_IN,5546mW/8185mW,VDD_CPU_GPU_CV,1265mW/2758mW,VDD_SOC,2376mW/2866mW
07-25-2026,17:43:01,RAM,914/7620MB,(lfb,121x4MB),SWAP,388/3810MB,(cached,2MB),CPU,[0%@1344,0%@1344,0%@1344,0%@1344,0%@1344,0%@1344],GR3D_FREQ,0%,cpu@52.75C,soc2@50.968C,soc0@51.875C,gpu@53.031C,tj@53.031C,soc1@51.968C,VDD_IN,5546mW/8179mW,VDD_CPU_GPU_CV,1265mW/2754mW,VDD_SOC,2376mW/2865mW
07-25-2026,17:43:01,RAM,914/7620MB,(lfb,121x4MB),SWAP,388/3810MB,(cached,2MB),CPU,[0%@1344,0%@1344,0%@1344,0%@1344,0%@1344,0%@1344],GR3D_FREQ,0%,cpu@52.906C,soc2@50.968C,soc0@52.062C,gpu@52.718C,tj@52.906C,soc1@52C,VDD_IN,5546mW/8173mW,VDD_CPU_GPU_CV,1265mW/2751mW,VDD_SOC,2376mW/2864mW
07-25-2026,17:43:02,RAM,914/7620MB,(lfb,121x4MB),SWAP,388/3810MB,(cached,2MB),CPU,[0%@1344,0%@1344,0%@1344,0%@1344,0%@1344,0%@1344],GR3D_FREQ,0%,cpu@53.25C,soc2@50.968C,soc0@52.156C,gpu@53.187C,tj@53.25C,soc1@52.125C,VDD_IN,5546mW/8167mW,VDD_CPU_GPU_CV,1265mW/2748mW,VDD_SOC,2376mW/2863mW
07-25-2026,17:43:02,RAM,914/7620MB,(lfb,121x4MB),SWAP,388/3810MB,(cached,2MB),CPU,[0%@1344,8%@1344,0%@1344,0%@1344,0%@1344,0%@1344],GR3D_FREQ,0%,cpu@52.906C,soc2@51C,soc0@51.781C,gpu@53C,tj@53C,soc1@52.156C,VDD_IN,5546mW/8161mW,VDD_CPU_GPU_CV,1265mW/2744mW,VDD_SOC,2376mW/2862mW
07-25-2026,17:43:02,RAM,914/7620MB,(lfb,121x4MB),SWAP,388/3810MB,(cached,2MB),CPU,[0%@1344,0%@1344,0%@1344,0%@1344,0%@1344,0%@1344],GR3D_FREQ,0%,cpu@52.937C,soc2@50.937C,soc0@51.937C,gpu@52.625C,tj@52.937C,soc1@51.875C,VDD_IN,5555mW/8155mW,VDD_CPU_GPU_CV,1265mW/2741mW,VDD_SOC,2376mW/2861mW
07-25-2026,17:43:02,RAM,914/7620MB,(lfb,121x4MB),SWAP,388/3810MB,(cached,2MB),CPU,[0%@1344,0%@1344,0%@1344,0%@1344,0%@1344,0%@1344],GR3D_FREQ,0%,cpu@52.812C,soc2@51C,soc0@51.937C,gpu@53.093C,tj@53.093C,soc1@51.937C,VDD_IN,5555mW/8149mW,VDD_CPU_GPU_CV,1265mW/2737mW,VDD_SOC,2376mW/2860mW
07-25-2026,17:43:02,RAM,914/7620MB,(lfb,121x4MB),SWAP,388/3810MB,(cached,2MB),CPU,[0%@1344,0%@1344,0%@1344,0%@1344,0%@1344,9%@1344],GR3D_FREQ,0%,cpu@52.75C,soc2@51.125C,soc0@52.062C,gpu@52.718C,tj@52.75C,soc1@52C,VDD_IN,5555mW/8143mW,VDD_CPU_GPU_CV,1265mW/2734mW,VDD_SOC,2376mW/2858mW
07-25-2026,17:43:02,RAM,914/7620MB,(lfb,121x4MB),SWAP,388/3810MB,(cached,2MB),CPU,[0%@1344,0%@1344,0%@1344,0%@1344,0%@1344,0%@1344],GR3D_FREQ,0%,cpu@52.843C,soc2@51.062C,soc0@51.75C,gpu@52.687C,tj@52.843C,soc1@52.125C,VDD_IN,5546mW/8138mW,VDD_CPU_GPU_CV,1265mW/2731mW,VDD_SOC,2376mW/2857mW
07-25-2026,17:43:02,RAM,914/7620MB,(lfb,121x4MB),SWAP,388/3810MB,(cached,2MB),CPU,[0%@1344,0%@1344,0%@1344,0%@1344,0%@1344,0%@1344],GR3D_FREQ,0%,cpu@52.968C,soc2@50.906C,soc0@51.843C,gpu@53.093C,tj@53.093C,soc1@51.875C,VDD_IN,5546mW/8132mW,VDD_CPU_GPU_CV,1265mW/2727mW,VDD_SOC,2376mW/2856mW
07-25-2026,17:43:02,RAM,914/7620MB,(lfb,121x4MB),SWAP,388/3810MB,(cached,2MB),CPU,[0%@1344,0%@1344,0%@1344,0%@1344,0%@1344,0%@1344],GR3D_FREQ,0%,cpu@52.687C,soc2@50.812C,soc0@51.875C,gpu@52.718C,tj@52.718C,soc1@51.968C,VDD_IN,5555mW/8126mW,VDD_CPU_GPU_CV,1267mW/2724mW,VDD_SOC,2376mW/2855mW
07-25-2026,17:43:02,RAM,914/7620MB,(lfb,121x4MB),SWAP,388/3810MB,(cached,2MB),CPU,[0%@1344,0%@1344,0%@1344,0%@1344,0%@1344,0%@1344],GR3D_FREQ,0%,cpu@52.656C,soc2@50.937C,soc0@51.937C,gpu@52.625C,tj@52.656C,soc1@51.906C,VDD_IN,5555mW/8120mW,VDD_CPU_GPU_CV,1265mW/2721mW,VDD_SOC,2376mW/2854mW
07-25-2026,17:43:02,RAM,914/7620MB,(lfb,121x4MB),SWAP,388/3810MB,(cached,2MB),CPU,[0%@1344,0%@1344,0%@1344,9%@1344,0%@1344,0%@1344],GR3D_FREQ,0%,cpu@52.906C,soc2@50.968C,soc0@52.093C,gpu@53.093C,tj@53.187C,soc1@52.093C,VDD_IN,5546mW/8114mW,VDD_CPU_GPU_CV,1265mW/2718mW,VDD_SOC,2376mW/2853mW
07-25-2026,17:43:03,RAM,914/7620MB,(lfb,121x4MB),SWAP,388/3810MB,(cached,2MB),CPU,[16%@1344,0%@1344,0%@1344,0%@1344,0%@1344,0%@1344],GR3D_FREQ,0%,cpu@52.843C,soc2@51.062C,soc0@51.875C,gpu@52.656C,tj@52.843C,soc1@52.125C,VDD_IN,5546mW/8109mW,VDD_CPU_GPU_CV,1265mW/2714mW,VDD_SOC,2376mW/2852mW
07-25-2026,17:43:03,RAM,914/7620MB,(lfb,121x4MB),SWAP,388/3810MB,(cached,2MB),CPU,[0%@1344,0%@1344,0%@1344,0%@1344,0%@1344,0%@1344],GR3D_FREQ,0%,cpu@52.75C,soc2@50.906C,soc0@51.812C,gpu@53.218C,tj@53.218C,soc1@51.875C,VDD_IN,5546mW/8103mW,VDD_CPU_GPU_CV,1265mW/2711mW,VDD_SOC,2376mW/2851mW
07-25-2026,17:43:03,RAM,914/7620MB,(lfb,121x4MB),SWAP,388/3810MB,(cached,2MB),CPU,[0%@1344,0%@1344,0%@1344,0%@1344,0%@1344,0%@1344],GR3D_FREQ,0%,cpu@52.843C,soc2@50.906C,soc0@51.937C,gpu@53C,tj@53C,soc1@51.906C,VDD_IN,5546mW/8097mW,VDD_CPU_GPU_CV,1265mW/2708mW,VDD_SOC,2376mW/2850mW
07-25-2026,17:43:03,RAM,914/7620MB,(lfb,121x4MB),SWAP,388/3810MB,(cached,2MB),CPU,[0%@1344,0%@1344,0%@1344,0%@1344,0%@1344,0%@1344],GR3D_FREQ,0%,cpu@52.906C,soc2@50.968C,soc0@52.031C,gpu@52.687C,tj@52.906C,soc1@51.968C,VDD_IN,5546mW/8091mW,VDD_CPU_GPU_CV,1265mW/2705mW,VDD_SOC,2376mW/2849mW
07-25-2026,17:43:03,RAM,914/7620MB,(lfb,121x4MB),SWAP,388/3810MB,(cached,2MB),CPU,[16%@1344,0%@1344,0%@1344,0%@1344,0%@1344,0%@1344],GR3D_FREQ,0%,cpu@52.781C,soc2@51C,soc0@51.781C,gpu@53.156C,tj@53.156C,soc1@52.125C,VDD_IN,5546mW/8086mW,VDD_CPU_GPU_CV,1265mW/2701mW,VDD_SOC,2376mW/2848mW
07-25-2026,17:43:03,RAM,914/7620MB,(lfb,121x4MB),SWAP,388/3810MB,(cached,2MB),CPU,[0%@1344,0%@1344,8%@1344,0%@1344,0%@1344,0%@1344],GR3D_FREQ,0%,cpu@52.875C,soc2@50.843C,soc0@51.812C,gpu@52.968C,tj@52.968C,soc1@51.875C,VDD_IN,5546mW/8080mW,VDD_CPU_GPU_CV,1265mW/2698mW,VDD_SOC,2376mW/2847mW
07-25-2026,17:43:03,RAM,914/7620MB,(lfb,121x4MB),SWAP,388/3810MB,(cached,2MB),CPU,[0%@1344,0%@1344,0%@1344,0%@1344,0%@1344,0%@1344],GR3D_FREQ,0%,cpu@52.781C,soc2@50.906C,soc0@51.906C,gpu@52.687C,tj@52.781C,soc1@51.937C,VDD_IN,5546mW/8075mW,VDD_CPU_GPU_CV,1265mW/2695mW,VDD_SOC,2376mW/2846mW
07-25-2026,17:43:03,RAM,914/7620MB,(lfb,121x4MB),SWAP,388/3810MB,(cached,2MB),CPU,[0%@1344,0%@1344,0%@1344,0%@1344,0%@1344,0%@1344],GR3D_FREQ,0%,cpu@52.75C,soc2@50.968C,soc0@52.093C,gpu@53.187C,tj@53.187C,soc1@51.906C,VDD_IN,5555mW/8069mW,VDD_CPU_GPU_CV,1265mW/2692mW,VDD_SOC,2376mW/2845mW
07-25-2026,17:43:03,RAM,914/7620MB,(lfb,121x4MB),SWAP,388/3810MB,(cached,2MB),CPU,[0%@1344,0%@1344,0%@1344,0%@1344,0%@1344,0%@1344],GR3D_FREQ,0%,cpu@52.781C,soc2@50.968C,soc0@51.781C,gpu@52.656C,tj@52.75C,soc1@52.125C,VDD_IN,5555mW/8063mW,VDD_CPU_GPU_CV,1267mW/2689mW,VDD_SOC,2376mW/2844mW
07-25-2026,17:43:04,RAM,914/7620MB,(lfb,121x4MB),SWAP,388/3810MB,(cached,2MB),CPU,[0%@1344,0%@1344,9%@1344,9%@1344,0%@1344,0%@1344],GR3D_FREQ,0%,cpu@52.875C,soc2@50.937C,soc0@51.812C,gpu@52.625C,tj@52.875C,soc1@52.156C,VDD_IN,5555mW/8058mW,VDD_CPU_GPU_CV,1265mW/2686mW,VDD_SOC,2376mW/2843mW
07-25-2026,17:43:04,RAM,914/7620MB,(lfb,121x4MB),SWAP,388/3810MB,(cached,2MB),CPU,[0%@1344,0%@1344,0%@1344,0%@1344,0%@1344,0%@1344],GR3D_FREQ,0%,cpu@52.656C,soc2@50.937C,soc0@51.875C,gpu@53.093C,tj@53.093C,soc1@51.781C,VDD_IN,5546mW/8052mW,VDD_CPU_GPU_CV,1265mW/2682mW,VDD_SOC,2376mW/2842mW
07-25-2026,17:43:04,RAM,914/7620MB,(lfb,121x4MB),SWAP,388/3810MB,(cached,2MB),CPU,[0%@1344,0%@1344,0%@1344,0%@1344,0%@1344,0%@1344],GR3D_FREQ,0%,cpu@52.687C,soc2@50.937C,soc0@51.937C,gpu@52.625C,tj@52.687C,soc1@51.937C,VDD_IN,5546mW/8047mW,VDD_CPU_GPU_CV,1265mW/2679mW,VDD_SOC,2376mW/2841mW
07-25-2026,17:43:04,RAM,914/7620MB,(lfb,121x4MB),SWAP,388/3810MB,(cached,2MB),CPU,[0%@1344,9%@1344,0%@1344,0%@1344,0%@1344,0%@1344],GR3D_FREQ,0%,cpu@52.656C,soc2@50.937C,soc0@52.031C,gpu@52.625C,tj@52.656C,soc1@51.937C,VDD_IN,5555mW/8042mW,VDD_CPU_GPU_CV,1265mW/2676mW,VDD_SOC,2376mW/2839mW
07-25-2026,17:43:04,RAM,914/7620MB,(lfb,121x4MB),SWAP,388/3810MB,(cached,2MB),CPU,[0%@1344,0%@1344,0%@1344,0%@1344,0%@1344,0%@1344],GR3D_FREQ,0%,cpu@52.75C,soc2@50.968C,soc0@51.687C,gpu@53.062C,tj@53.062C,soc1@52C,VDD_IN,5555mW/8036mW,VDD_CPU_GPU_CV,1265mW/2673mW,VDD_SOC,2376mW/2838mW
07-25-2026,17:43:04,RAM,914/7620MB,(lfb,121x4MB),SWAP,388/3810MB,(cached,2MB),CPU,[0%@1344,0%@1344,0%@1344,0%@1344,0%@1344,0%@1344],GR3D_FREQ,0%,cpu@52.875C,soc2@50.937C,soc0@51.75C,gpu@52.687C,tj@52.843C,soc1@51.781C,VDD_IN,5546mW/8031mW,VDD_CPU_GPU_CV,1265mW/2670mW,VDD_SOC,2376mW/2837mW
07-25-2026,17:43:04,RAM,914/7620MB,(lfb,121x4MB),SWAP,388/3810MB,(cached,2MB),CPU,[0%@1344,0%@1344,0%@1344,0%@1344,0%@1344,0%@1344],GR3D_FREQ,0%,cpu@52.593C,soc2@50.875C,soc0@51.937C,gpu@52.625C,tj@52.625C,soc1@51.906C,VDD_IN,5555mW/8025mW,VDD_CPU_GPU_CV,1265mW/2667mW,VDD_SOC,2376mW/2836mW
07-25-2026,17:43:04,RAM,914/7620MB,(lfb,121x4MB),SWAP,388/3810MB,(cached,2MB),CPU,[0%@1344,0%@1344,0%@1344,0%@1344,0%@1344,0%@1344],GR3D_FREQ,0%,cpu@52.718C,soc2@50.875C,soc0@52C,gpu@53.031C,tj@53.031C,soc1@51.843C,VDD_IN,5555mW/8020mW,VDD_CPU_GPU_CV,1267mW/2664mW,VDD_SOC,2376mW/2835mW
07-25-2026,17:43:04,RAM,914/7620MB,(lfb,121x4MB),SWAP,388/3810MB,(cached,2MB),CPU,[0%@1344,0%@1344,0%@1344,0%@1344,0%@1344,0%@1344],GR3D_FREQ,0%,cpu@52.687C,soc2@50.937C,soc0@51.812C,gpu@52.593C,tj@52.687C,soc1@52.062C,VDD_IN,5546mW/8015mW,VDD_CPU_GPU_CV,1265mW/2661mW,VDD_SOC,2376mW/2834mW
07-25-2026,17:43:04,RAM,915/7620MB,(lfb,121x4MB),SWAP,388/3810MB,(cached,2MB),CPU,[0%@1344,0%@1344,0%@1344,0%@1344,0%@1344,0%@1344],GR3D_FREQ,0%,cpu@52.781C,soc2@50.875C,soc0@51.781C,gpu@53.156C,tj@53.156C,soc1@52.093C,VDD_IN,5546mW/8009mW,VDD_CPU_GPU_CV,1265mW/2658mW,VDD_SOC,2376mW/2833mW
07-25-2026,17:43:05,RAM,915/7620MB,(lfb,121x4MB),SWAP,388/3810MB,(cached,2MB),CPU,[0%@1344,0%@1344,9%@1344,8%@1344,0%@1344,0%@1344],GR3D_FREQ,0%,cpu@52.812C,soc2@50.875C,soc0@51.781C,gpu@52.687C,tj@53C,soc1@51.812C,VDD_IN,5546mW/8004mW,VDD_CPU_GPU_CV,1265mW/2655mW,VDD_SOC,2376mW/2833mW
07-25-2026,17:43:05,RAM,915/7620MB,(lfb,121x4MB),SWAP,388/3810MB,(cached,2MB),CPU,[9%@1344,0%@1344,0%@1344,0%@1344,0%@1344,0%@1344],GR3D_FREQ,0%,cpu@52.656C,soc2@50.937C,soc0@51.812C,gpu@52.656C,tj@52.656C,soc1@51.906C,VDD_IN,5546mW/7999mW,VDD_CPU_GPU_CV,1265mW/2652mW,VDD_SOC,2376mW/2832mW
07-25-2026,17:43:05,RAM,915/7620MB,(lfb,121x4MB),SWAP,388/3810MB,(cached,2MB),CPU,[0%@1344,0%@1344,0%@1344,0%@1344,0%@1344,0%@1344],GR3D_FREQ,0%,cpu@52.781C,soc2@50.937C,soc0@52.031C,gpu@53.156C,tj@53.156C,soc1@51.968C,VDD_IN,5546mW/7993mW,VDD_CPU_GPU_CV,1265mW/2649mW,VDD_SOC,2376mW/2831mW
07-25-2026,17:43:05,RAM,915/7620MB,(lfb,121x4MB),SWAP,388/3810MB,(cached,2MB),CPU,[0%@1344,0%@1344,0%@1344,0%@1344,0%@1344,0%@1344],GR3D_FREQ,0%,cpu@52.718C,soc2@50.968C,soc0@51.687C,gpu@52.625C,tj@52.718C,soc1@52.093C,VDD_IN,5546mW/7988mW,VDD_CPU_GPU_CV,1265mW/2646mW,VDD_SOC,2376mW/2830mW
07-25-2026,17:43:05,RAM,915/7620MB,(lfb,121x4MB),SWAP,388/3810MB,(cached,2MB),CPU,[0%@1344,0%@1344,0%@1344,0%@1344,0%@1344,0%@1344],GR3D_FREQ,0%,cpu@52.812C,soc2@50.906C,soc0@51.781C,gpu@52.531C,tj@52.781C,soc1@51.781C,VDD_IN,5546mW/7983mW,VDD_CPU_GPU_CV,1265mW/2643mW,VDD_SOC,2376mW/2829mW
07-25-2026,17:43:05,RAM,915/7620MB,(lfb,121x4MB),SWAP,388/3810MB,(cached,2MB),CPU,[9%@1344,0%@1344,0%@1344,0%@1344,0%@1344,0%@1344],GR3D_FREQ,0%,cpu@52.593C,soc2@50.875C,soc0@51.875C,gpu@53.031C,tj@53.031C,soc1@51.875C,VDD_IN,5546mW/7978mW,VDD_CPU_GPU_CV,1265mW/2640mW,VDD_SOC,2376mW/2828mW
07-25-2026,17:43:05,RAM,915/7620MB,(lfb,121x4MB),SWAP,388/3810MB,(cached,2MB),CPU,[0%@1344,0%@1344,0%@1344,0%@1344,0%@1344,0%@1344],GR3D_FREQ,0%,cpu@52.656C,soc2@50.906C,soc0@51.937C,gpu@52.593C,tj@52.656C,soc1@51.875C,VDD_IN,5555mW/7973mW,VDD_CPU_GPU_CV,1265mW/2637mW,VDD_SOC,2376mW/2827mW
07-25-2026,17:43:05,RAM,915/7620MB,(lfb,121x4MB),SWAP,388/3810MB,(cached,2MB),CPU,[0%@1344,0%@1344,0%@1344,0%@1344,0%@1344,0%@1344],GR3D_FREQ,0%,cpu@52.718C,soc2@50.875C,soc0@51.718C,gpu@52.625C,tj@52.718C,soc1@51.968C,VDD_IN,5555mW/7968mW,VDD_CPU_GPU_CV,1265mW/2634mW,VDD_SOC,2376mW/2826mW
07-25-2026,17:43:05,RAM,915/7620MB,(lfb,121x4MB),SWAP,388/3810MB,(cached,2MB),CPU,[0%@1344,0%@1344,0%@1344,0%@1344,0%@1344,0%@1344],GR3D_FREQ,0%,cpu@52.843C,soc2@51C,soc0@51.75C,gpu@53.062C,tj@53.062C,soc1@52.156C,VDD_IN,5555mW/7963mW,VDD_CPU_GPU_CV,1267mW/2632mW,VDD_SOC,2376mW/2825mW
07-25-2026,17:43:06,RAM,916/7620MB,(lfb,121x4MB),SWAP,388/3810MB,(cached,2MB),CPU,[0%@1344,0%@1344,0%@1344,0%@1344,0%@1344,9%@1344],GR3D_FREQ,0%,cpu@52.656C,soc2@50.781C,soc0@51.812C,gpu@52.687C,tj@52.687C,soc1@51.781C,VDD_IN,5555mW/7957mW,VDD_CPU_GPU_CV,1267mW/2629mW,VDD_SOC,2376mW/2824mW
07-25-2026,17:43:06,RAM,916/7620MB,(lfb,121x4MB),SWAP,388/3810MB,(cached,2MB),CPU,[0%@1344,0%@1344,0%@1344,0%@1344,0%@1344,0%@1344],GR3D_FREQ,0%,cpu@52.687C,soc2@50.781C,soc0@51.843C,gpu@52.562C,tj@52.687C,soc1@51.875C,VDD_IN,5555mW/7952mW,VDD_CPU_GPU_CV,1267mW/2626mW,VDD_SOC,2376mW/2823mW
07-25-2026,17:43:06,RAM,916/7620MB,(lfb,121x4MB),SWAP,388/3810MB,(cached,2MB),CPU,[0%@1344,0%@1344,0%@1344,0%@1344,0%@1344,0%@1344],GR3D_FREQ,0%,cpu@52.781C,soc2@50.875C,soc0@51.593C,gpu@52.75C,tj@52.781C,soc1@51.968C,VDD_IN,5555mW/7947mW,VDD_CPU_GPU_CV,1265mW/2623mW,VDD_SOC,2376mW/2822mW
07-25-2026,17:43:06,RAM,916/7620MB,(lfb,121x4MB),SWAP,388/3810MB,(cached,2MB),CPU,[8%@1344,0%@1344,0%@1344,0%@1344,0%@1344,0%@1344],GR3D_FREQ,0%,cpu@52.781C,soc2@50.937C,soc0@51.75C,gpu@52.625C,tj@52.781C,soc1@52.093C,VDD_IN,5555mW/7942mW,VDD_CPU_GPU_CV,1265mW/2620mW,VDD_SOC,2376mW/2821mW
07-25-2026,17:43:06,RAM,916/7620MB,(lfb,121x4MB),SWAP,388/3810MB,(cached,2MB),CPU,[0%@1344,0%@1344,0%@1344,0%@1344,0%@1344,0%@1344],GR3D_FREQ,0%,cpu@52.875C,soc2@50.906C,soc0@51.75C,gpu@52.531C,tj@52.656C,soc1@51.812C,VDD_IN,5555mW/7937mW,VDD_CPU_GPU_CV,1267mW/2617mW,VDD_SOC,2376mW/2820mW
07-25-2026,17:43:06,RAM,916/7620MB,(lfb,121x4MB),SWAP,388/3810MB,(cached,2MB),CPU,[0%@1344,0%@1344,0%@1344,0%@1344,0%@1344,0%@1344],GR3D_FREQ,0%,cpu@52.656C,soc2@50.843C,soc0@51.75C,gpu@52.593C,tj@52.656C,soc1@51.843C,VDD_IN,5555mW/7932mW,VDD_CPU_GPU_CV,1267mW/2614mW,VDD_SOC,2376mW/2819mW
07-25-2026,17:43:06,RAM,916/7620MB,(lfb,121x4MB),SWAP,388/3810MB,(cached,2MB),CPU,[0%@1344,0%@1344,0%@1344,0%@1344,0%@1344,0%@1344],GR3D_FREQ,0%,cpu@52.718C,soc2@50.937C,soc0@51.875C,gpu@52.531C,tj@52.718C,soc1@51.906C,VDD_IN,5555mW/7927mW,VDD_CPU_GPU_CV,1267mW/2612mW,VDD_SOC,2376mW/2818mW
07-25-2026,17:43:06,RAM,916/7620MB,(lfb,121x4MB),SWAP,388/3810MB,(cached,2MB),CPU,[0%@1344,0%@1344,0%@1344,0%@1344,0%@1344,0%@1344],GR3D_FREQ,0%,cpu@52.781C,soc2@50.875C,soc0@51.718C,gpu@53.156C,tj@53.156C,soc1@52.031C,VDD_IN,5555mW/7922mW,VDD_CPU_GPU_CV,1267mW/2609mW,VDD_SOC,2376mW/2817mW
07-25-2026,17:43:06,RAM,916/7620MB,(lfb,121x4MB),SWAP,388/3810MB,(cached,2MB),CPU,[9%@1344,0%@1344,0%@1344,0%@1344,0%@1344,0%@1344],GR3D_FREQ,0%,cpu@52.937C,soc2@50.75C,soc0@51.718C,gpu@52.562C,tj@52.937C,soc1@52.093C,VDD_IN,5555mW/7918mW,VDD_CPU_GPU_CV,1265mW/2606mW,VDD_SOC,2376mW/2816mW
07-25-2026,17:43:06,RAM,916/7620MB,(lfb,121x4MB),SWAP,388/3810MB,(cached,2MB),CPU,[0%@1344,0%@1344,0%@1344,0%@1344,0%@1344,0%@1344],GR3D_FREQ,0%,cpu@52.562C,soc2@50.781C,soc0@51.75C,gpu@52.531C,tj@52.562C,soc1@51.812C,VDD_IN,5555mW/7913mW,VDD_CPU_GPU_CV,1267mW/2603mW,VDD_SOC,2376mW/2816mW
07-25-2026,17:43:07,RAM,917/7620MB,(lfb,121x4MB),SWAP,388/3810MB,(cached,2MB),CPU,[0%@1344,0%@1344,0%@1344,9%@1344,9%@1344,0%@1344],GR3D_FREQ,0%,cpu@52.718C,soc2@50.812C,soc0@51.812C,gpu@53.093C,tj@53.093C,soc1@51.875C,VDD_IN,5555mW/7908mW,VDD_CPU_GPU_CV,1267mW/2601mW,VDD_SOC,2376mW/2815mW
07-25-2026,17:43:07,RAM,917/7620MB,(lfb,121x4MB),SWAP,388/3810MB,(cached,2MB),CPU,[0%@1344,0%@1344,0%@1344,0%@1344,0%@1344,0%@1344],GR3D_FREQ,0%,cpu@52.718C,soc2@50.937C,soc0@51.687C,gpu@52.625C,tj@52.718C,soc1@51.875C,VDD_IN,5555mW/7903mW,VDD_CPU_GPU_CV,1267mW/2598mW,VDD_SOC,2376mW/2814mW
07-25-2026,17:43:07,RAM,917/7620MB,(lfb,121x4MB),SWAP,388/3810MB,(cached,2MB),CPU,[0%@1344,0%@1344,0%@1344,0%@1344,0%@1344,0%@1344],GR3D_FREQ,0%,cpu@52.718C,soc2@50.937C,soc0@51.593C,gpu@52.531C,tj@52.718C,soc1@52.062C,VDD_IN,5555mW/7898mW,VDD_CPU_GPU_CV,1267mW/2595mW,VDD_SOC,2376mW/2813mW
07-25-2026,17:43:07,RAM,917/7620MB,(lfb,121x4MB),SWAP,388/3810MB,(cached,2MB),CPU,[9%@1344,0%@1344,0%@1344,0%@1344,0%@1344,0%@1344],GR3D_FREQ,0%,cpu@52.718C,soc2@50.781C,soc0@51.656C,gpu@53.031C,tj@53.031C,soc1@51.812C,VDD_IN,5555mW/7893mW,VDD_CPU_GPU_CV,1267mW/2592mW,VDD_SOC,2376mW/2812mW
07-25-2026,17:43:07,RAM,917/7620MB,(lfb,121x4MB),SWAP,388/3810MB,(cached,2MB),CPU,[0%@1344,0%@1344,0%@1344,0%@1344,0%@1344,0%@1344],GR3D_FREQ,0%,cpu@52.593C,soc2@50.875C,soc0@51.875C,gpu@52.625C,tj@52.625C,soc1@51.812C,VDD_IN,5555mW/7889mW,VDD_CPU_GPU_CV,1265mW/2590mW,VDD_SOC,2376mW/2811mW
07-25-2026,17:43:07,RAM,917/7620MB,(lfb,121x4MB),SWAP,388/3810MB,(cached,2MB),CPU,[0%@1344,0%@1344,0%@1344,0%@1344,0%@1344,0%@1344],GR3D_FREQ,0%,cpu@52.75C,soc2@50.937C,soc0@51.968C,gpu@52.5C,tj@52.75C,soc1@51.906C,VDD_IN,5546mW/7884mW,VDD_CPU_GPU_CV,1267mW/2587mW,VDD_SOC,2376mW/2810mW
07-25-2026,17:43:07,RAM,917/7620MB,(lfb,121x4MB),SWAP,388/3810MB,(cached,2MB),CPU,[0%@1344,0%@1344,0%@1344,0%@1344,0%@1344,0%@1344],GR3D_FREQ,0%,cpu@52.656C,soc2@50.875C,soc0@51.687C,gpu@52.593C,tj@53.031C,soc1@51.968C,VDD_IN,5555mW/7879mW,VDD_CPU_GPU_CV,1267mW/2584mW,VDD_SOC,2376mW/2809mW
07-25-2026,17:43:07,RAM,916/7620MB,(lfb,121x4MB),SWAP,388/3810MB,(cached,2MB),CPU,[0%@1344,0%@1344,0%@1344,0%@1344,0%@1344,0%@1344],GR3D_FREQ,0%,cpu@52.843C,soc2@50.75C,soc0@51.625C,gpu@52.593C,tj@52.843C,soc1@52.031C,VDD_IN,5555mW/7874mW,VDD_CPU_GPU_CV,1267mW/2582mW,VDD_SOC,2376mW/2808mW
07-25-2026,17:43:07,RAM,916/7620MB,(lfb,121x4MB),SWAP,388/3810MB,(cached,2MB),CPU,[0%@1344,0%@1344,0%@1344,0%@1344,0%@1344,0%@1344],GR3D_FREQ,0%,cpu@52.625C,soc2@50.812C,soc0@51.875C,gpu@52.531C,tj@52.625C,soc1@51.812C,VDD_IN,5546mW/7869mW,VDD_CPU_GPU_CV,1265mW/2579mW,VDD_SOC,2376mW/2807mW
07-25-2026,17:43:07,RAM,917/7620MB,(lfb,121x4MB),SWAP,388/3810MB,(cached,2MB),CPU,[0%@1344,0%@1344,0%@1344,0%@1344,0%@1344,0%@1344],GR3D_FREQ,0%,cpu@52.718C,soc2@50.875C,soc0@51.718C,gpu@52.687C,tj@52.718C,soc1@51.812C,VDD_IN,5546mW/7865mW,VDD_CPU_GPU_CV,1265mW/2576mW,VDD_SOC,2376mW/2807mW
07-25-2026,17:43:08,RAM,917/7620MB,(lfb,121x4MB),SWAP,388/3810MB,(cached,2MB),CPU,[0%@1344,0%@1344,0%@1344,0%@1344,0%@1344,0%@1344],GR3D_FREQ,0%,cpu@52.656C,soc2@50.937C,soc0@51.656C,gpu@52.5C,tj@52.656C,soc1@51.812C,VDD_IN,5555mW/7860mW,VDD_CPU_GPU_CV,1265mW/2574mW,VDD_SOC,2376mW/2806mW
07-25-2026,17:43:08,RAM,917/7620MB,(lfb,121x4MB),SWAP,388/3810MB,(cached,2MB),CPU,[0%@1344,0%@1344,0%@1344,0%@1344,0%@1344,0%@1344],GR3D_FREQ,0%,cpu@52.75C,soc2@50.781C,soc0@51.75C,gpu@52.468C,tj@52.75C,soc1@52.031C,VDD_IN,5555mW/7855mW,VDD_CPU_GPU_CV,1265mW/2571mW,VDD_SOC,2376mW/2805mW
